timestamp,value,rolling_avg_24h,rolling_std_24h,lag_1h,diff_1h
2013-07-04 23:00:00,70.64995744,70.4708462875,1.0127756868287392,72.18769545,-1.5377380100000124
2013-07-05 00:00:00,71.34274211,70.53175907791666,1.0196861399122261,70.64995744,0.6927846700000089
2013-07-05 01:00:00,71.5867281,70.54702995458332,1.0331010858699567,71.34274211,0.24398598999999876
2013-07-05 02:00:00,70.97700116,70.55116312958334,1.0346791935376973,71.5867281,-0.6097269400000016
2013-07-05 03:00:00,70.24388209,70.60468321916666,0.980569261399914,70.97700116,-0.7331190700000008
2013-07-05 04:00:00,70.43282627,70.65256968791665,0.9404896862160654,70.24388209,0.18894418000000712
2013-07-05 05:00:00,69.74896285,70.63956956458333,0.9511191037613577,70.43282627,-0.6838634200000087
2013-07-05 06:00:00,68.74938222,70.61747029083334,0.9894761842697667,69.74896285,-0.999580629999997
2013-07-05 07:00:00,69.35162661,70.61672104708333,0.9904684738111807,68.74938222,0.6022443899999956
2013-07-05 08:00:00,68.85314844,70.60365581791666,1.0122555586812443,69.35162661,-0.4984781699999985
2013-07-05 09:00:00,70.31790951,70.65914860708334,0.9545864394410537,68.85314844,1.4647610700000087
2013-07-05 10:00:00,70.30055692,70.67312755208333,0.9464017317274398,70.31790951,-0.017352590000001555
2013-07-05 11:00:00,72.53056283,70.7553928925,1.0188340290353546,70.30055692,2.2300059099999885
2013-07-05 12:00:00,71.64320692,70.81104713458333,1.0297276279887682,72.53056283,-0.8873559099999966
2013-07-05 13:00:00,72.92223804,70.92254654666667,1.1078290468381777,71.64320692,1.279031119999999
2013-07-05 14:00:00,72.63758833,71.03849154416666,1.136478902379681,72.92223804,-0.2846497099999965
2013-07-05 15:00:00,72.95903086,71.09331403083333,1.1970433746970202,72.63758833,0.3214425299999988
2013-07-05 16:00:00,72.15222081,71.13108742208333,1.2162098269361055,72.95903086,-0.8068100499999957
2013-07-05 17:00:00,72.16607562,71.19029474958333,1.2310989753514245,72.15222081,0.013854809999997997
2013-07-05 18:00:00,72.30558574,71.22914006,1.2516610964020582,72.16607562,0.13951011999999707
2013-07-05 19:00:00,72.3823022,71.2535796975,1.2688145182849255,72.30558574,0.0767164600000001
2013-07-05 20:00:00,72.61234869,71.27527730541667,1.288074777345819,72.3823022,0.23004649000000654
2013-07-05 21:00:00,72.77599570000002,71.32623228791667,1.3232504808967855,72.61234869,0.16364701000001958
2013-07-05 22:00:00,71.91696888,71.31495201416668,1.3167253399715062,72.77599570000002,-0.8590268200000253
2013-07-05 23:00:00,71.55368851,71.35260747541668,1.309785183211946,71.91696888,-0.36328036999999824
2013-07-06 00:00:00,71.63096403,71.36461672208334,1.3110115563386184,71.55368851,0.0772755200000006
2013-07-06 01:00:00,70.59673521,71.32336701833334,1.3192677738312226,71.63096403,-1.0342288199999956
2013-07-06 02:00:00,70.85248247,71.31817873958333,1.3209329455213836,70.59673521,0.2557472599999926
2013-07-06 03:00:00,71.08476824,71.3532156625,1.302218401133367,70.85248247,0.23228577000000428
2013-07-06 04:00:00,70.84723252,71.37048258958333,1.2921926152343766,71.08476824,-0.23753571999999679
2013-07-06 05:00:00,70.23242259999999,71.39062674583333,1.2693825227287439,70.84723252,-0.6148099200000132
2013-07-06 06:00:00,70.12823808,71.44807907333333,1.1721194064255769,70.23242259999999,-0.10418451999998979
2013-07-06 07:00:00,69.92923136,71.47214593791666,1.1324608463742907,70.12823808,-0.19900671999999986
2013-07-06 08:00:00,69.28574982,71.49017099541666,1.091670767830628,69.92923136,-0.6434815399999962
2013-07-06 09:00:00,69.72638712,71.46552422916666,1.1254427912688334,69.28574982,0.4406372999999917
2013-07-06 10:00:00,68.19010253,71.37758862958334,1.2907353543014277,69.72638712,-1.536284589999994
2013-07-06 11:00:00,68.91679541,71.22701498708334,1.3593470939252137,68.19010253,0.7266928800000017
2013-07-06 12:00:00,67.26820458,71.04472322291666,1.5770280417120583,68.91679541,-1.6485908300000034
2013-07-06 13:00:00,66.9649601,70.79650330875,1.7300677475019852,67.26820458,-0.3032444800000036
2013-07-06 14:00:00,67.76538379,70.59349478625,1.7894750734838996,66.9649601,0.8004236900000024
2013-07-06 15:00:00,66.91858576,70.34180957375001,1.8654756779400805,67.76538379,-0.8467980300000022
2013-07-06 16:00:00,67.60522282,70.15235132416667,1.9041127176067851,66.91858576,0.6866370599999954
2013-07-06 17:00:00,67.17661097,69.94445696375,1.9465968532024545,67.60522282,-0.4286118499999958
2013-07-06 18:00:00,67.99254044,69.76474674291667,1.918020433302009,67.17661097,0.8159294700000004
2013-07-06 19:00:00,67.25818019,69.55124165916668,1.8990811051821472,67.99254044,-0.7343602499999946
2013-07-06 20:00:00,66.59407898,69.30048042125,1.8744853683033813,67.25818019,-0.6641012099999983
2013-07-06 21:00:00,67.86855757,69.0960038325,1.7418472765179993,66.59407898,1.2744785899999869
2013-07-06 22:00:00,67.2922007,68.90330515833334,1.6705558791506345,67.86855757,-0.5763568699999979
2013-07-06 23:00:00,67.16337656,68.72037549375,1.6068753241247873,67.2922007,-0.12882413999999187
2013-07-07 00:00:00,66.27568448,68.49723884583334,1.5561538493486884,67.16337656,-0.8876920800000079
2013-07-07 01:00:00,65.96858705,68.30439933916666,1.5713583929455655,66.27568448,-0.3070974299999989
2013-07-07 02:00:00,65.31642297,68.07373019333333,1.5873018206153802,65.96858705,-0.6521640799999915
2013-07-07 03:00:00,65.42912751,67.83807849624999,1.5399595491845353,65.31642297,0.11270453999999575
2013-07-07 04:00:00,66.75098393,67.66740147166666,1.413776405018341,65.42912751,1.3218564200000031
2013-07-07 05:00:00,64.68391715,67.43621374458334,1.4296649741784468,66.75098393,-2.0670667800000047
2013-07-07 06:00:00,64.56520692,67.20442077958334,1.4251907311013576,64.68391715,-0.11871023000000491
2013-07-07 07:00:00,66.12965686,67.04610517541666,1.316217755070416,64.56520692,1.564449940000003
2013-07-07 08:00:00,66.09613054,66.91320437208334,1.2390110330565482,66.12965686,-0.03352631999999289
2013-07-07 09:00:00,64.9748123,66.71522208791667,1.146090724774248,66.09613054,-1.121318240000008
2013-07-07 10:00:00,64.33478963,66.55458405041666,1.1993282051898664,64.9748123,-0.6400226699999934
2013-07-07 11:00:00,65.54142516,66.41394362333334,1.104431040281005,64.33478963,1.2066355299999998
2013-07-07 12:00:00,63.9130944,66.27414736583334,1.1998209183770787,65.54142516,-1.6283307600000043
2013-07-07 13:00:00,65.00924432,66.19265920833332,1.2171510791544216,63.9130944,1.096149919999995
2013-07-07 14:00:00,64.04781966,66.03776070291667,1.2445452144560303,65.00924432,-0.9614246599999916
2013-07-07 15:00:00,64.25831852,65.92691623458333,1.280628581770608,64.04781966,0.2104988600000013
2013-07-07 16:00:00,63.89332373,65.77225377250001,1.2932082452782467,64.25831852,-0.36499479000000434
2013-07-07 17:00:00,64.14310465,65.64585767583333,1.2982161402610797,63.89332373,0.24978091999999918
2013-07-07 18:00:00,64.17594209,65.48683274458334,1.2302385049923188,64.14310465,0.032837440000008655
2013-07-07 19:00:00,63.1570819,65.31595364916667,1.2580086261585517,64.17594209,-1.0188601900000052
2013-07-07 20:00:00,63.38689893,65.18232114708333,1.2863587881702077,63.1570819,0.22981702999999953
2013-07-07 21:00:00,63.99038726,65.0207307175,1.1728208376972094,63.38689893,0.6034883299999976
2013-07-07 22:00:00,62.67478854,64.82833854416667,1.162684587624373,63.99038726,-1.315598719999997
2013-07-07 23:00:00,64.24663357,64.70680758625001,1.0554973879829885,62.67478854,1.5718450299999986
2013-07-08 00:00:00,62.48078508,64.54868677791667,1.0938060367520912,64.24663357,-1.7658484900000033
2013-07-08 01:00:00,62.03055446,64.38460208666667,1.1646266538368109,62.48078508,-0.45023061999999925
2013-07-08 02:00:00,63.41156044,64.30523281458333,1.1632694353141577,62.03055446,1.3810059800000047
2013-07-08 03:00:00,61.70510991,64.15006541458334,1.2518361579163875,63.41156044,-1.706450530000005
2013-07-08 04:00:00,62.77513946,63.98440522833334,1.1517503078110665,61.70510991,1.070029550000001
2013-07-08 05:00:00,61.36447611,63.846095184999996,1.2584628540913603,62.77513946,-1.41066335
2013-07-08 06:00:00,61.68984072,63.72628826000001,1.3222770908662866,61.36447611,0.32536461000000116
2013-07-08 07:00:00,62.20048874,63.562572921666664,1.2532081036686475,61.68984072,0.5106480199999979
2013-07-08 08:00:00,62.98280722,63.43285111666666,1.1351221121461643,62.20048874,0.7823184800000007
2013-07-08 09:00:00,64.44813096,63.410906060833334,1.1088015785968213,62.98280722,1.4653237400000023
2013-07-08 10:00:00,65.33294727,63.4524959625,1.1623871598967612,64.44813096,0.884816310000005
2013-07-08 11:00:00,66.51294379,63.49297590541667,1.2517761053509096,65.33294727,1.179996519999989
2013-07-08 12:00:00,67.88554227,63.65849456666666,1.539343791258531,66.51294379,1.3725984800000077
2013-07-08 13:00:00,67.22250712,63.750713850000004,1.6833439694965018,67.88554227,-0.6630351499999989
2013-07-08 14:00:00,68.08885127,63.91909016708333,1.9022255791856117,67.22250712,0.8663441500000033
2013-07-08 15:00:00,68.55257476,64.09801751041667,2.1244986445015215,68.08885127,0.46372348999999247
2013-07-08 16:00:00,70.32033392,64.36580960166667,2.4739037338411727,68.55257476,1.767759159999997
2013-07-08 17:00:00,70.48553783,64.63007765083334,2.770104113479899,70.32033392,0.16520391000000245
2013-07-08 18:00:00,72.33830154,64.97017596125,3.182318256355476,70.48553783,1.852763710000005
2013-07-08 19:00:00,71.1908248,65.30491524874999,3.398493212629642,72.33830154,-1.1474767400000019
2013-07-08 20:00:00,70.75989770000002,65.61212353083333,3.5475490089649213,71.1908248,-0.4309270999999768
2013-07-08 21:00:00,70.57075487,65.88630551458333,3.6689719524073934,70.75989770000002,-0.18914283000002285
2013-07-08 22:00:00,68.88572309999999,66.14509445458333,3.651601868365601,70.57075487,-1.685031770000009
2013-07-08 23:00:00,68.36836764,66.31683337416666,3.655356049313917,68.88572309999999,-0.5173554599999903
2013-07-09 00:00:00,68.42198714,66.56438346,3.584769116751795,68.36836764,0.05361949999999638
2013-07-09 01:00:00,67.55824354,66.79470383833333,3.4560728799604883,68.42198714,-0.8637435999999923
2013-07-09 02:00:00,66.4884322,66.92290682833334,3.381379916350366,67.55824354,-1.069811340000001
2013-07-09 03:00:00,66.00939653,67.10225210416667,3.2019894366329527,66.4884322,-0.4790356700000018
2013-07-09 04:00:00,64.88258671,67.19006240625,3.1056112690349917,66.00939653,-1.1268098200000054
2013-07-09 05:00:00,65.79409771,67.37462997291667,2.866785720206731,64.88258671,0.9115110000000044
2013-07-09 06:00:00,65.69617694,67.54156064874999,2.6280773574841323,65.79409771,-0.09792077000000177
2013-07-09 07:00:00,66.14773729,67.70602933833334,2.392221810219422,65.69617694,0.45156034999999406
2013-07-09 08:00:00,67.47861967,67.89335485708334,2.1721897079895047,66.14773729,1.3308823800000056
2013-07-09 09:00:00,67.43966413,68.0180020725,2.0481886825844042,67.47861967,-0.03895554000000345
2013-07-09 10:00:00,68.50079012,68.14999552458333,1.9681396945901075,67.43966413,1.0611259900000078
2013-07-09 11:00:00,69.93367814,68.2925261225,1.9682946127494536,68.50079012,1.432888019999993
2013-07-09 12:00:00,70.66856782,68.40848552041668,2.024453173878384,69.93367814,0.7348896800000091
2013-07-09 13:00:00,69.43364009999999,68.50061606125,2.018438153113181,70.66856782,-1.234927720000016
2013-07-09 14:00:00,70.20645921,68.58884972541667,2.0457552617203256,69.43364009999999,0.7728191100000146
2013-07-09 15:00:00,70.23002897,68.65874365083333,2.072936849328471,70.20645921,0.023569760000000883
2013-07-09 16:00:00,71.58361231,68.71138025041667,2.1321557262443163,70.23002897,1.3535833400000001
2013-07-09 17:00:00,71.56436778,68.75633149833332,2.1819758986854927,71.58361231,-0.019244530000008808
2013-07-09 18:00:00,71.02917453,68.70178453958333,2.103489131299684,71.56436778,-0.5351932499999918
2013-07-09 19:00:00,72.831066,68.77012792291667,2.2117362294053904,71.02917453,1.801891470000001
2013-07-09 20:00:00,71.13716811,68.78584752333333,2.227775643961634,72.831066,-1.6938978900000023
2013-07-09 21:00:00,69.72083178,68.75043406125,2.2048054430677593,71.13716811,-1.4163363300000071
2013-07-09 22:00:00,69.17560647,68.762512535,2.2063722838676916,69.72083178,-0.5452253099999922
2013-07-09 23:00:00,69.31959282,68.8021469175,2.207527596838703,69.17560647,0.1439863499999916
2013-07-10 00:00:00,68.81260454,68.8184226425,2.2060423585014375,69.31959282,-0.5069882800000016
2013-07-10 01:00:00,68.55716829,68.86004450708334,2.1906019796851197,68.81260454,-0.25543624999998826
2013-07-10 02:00:00,67.73062887,68.91180270166667,2.146358824264246,68.55716829,-0.8265394200000031
2013-07-10 03:00:00,67.80815335,68.98675090249999,2.0706747417011577,67.73062887,0.0775244799999939
2013-07-10 04:00:00,66.93277621,69.072175465,1.9316187304219874,67.80815335,-0.8753771399999977
2013-07-10 05:00:00,65.84066557,69.0741157925,1.9282030746182792,66.93277621,-1.0921106400000014
2013-07-10 06:00:00,66.15467548,69.09321989833334,1.8952703704409126,65.84066557,0.3140099099999958
2013-07-10 07:00:00,65.78125301,69.07794972,1.9213311221961469,66.15467548,-0.3734224699999942
2013-07-10 08:00:00,67.33388757,69.07191921583333,1.9267885968789822,65.78125301,1.5526345600000013
2013-07-10 09:00:00,67.3485843,69.06812422291667,1.9302298776372182,67.33388757,0.01469672999999716
2013-07-10 10:00:00,69.75301970000001,69.12030045541667,1.93115179598945,67.3485843,2.404435400000011
2013-07-10 11:00:00,69.90438916,69.11908008125,1.930624623590126,69.75301970000001,0.15136945999998375
2013-07-10 12:00:00,70.59424483,69.11598329,1.9280890706076201,69.90438916,0.68985567
2013-07-10 13:00:00,70.05946788,69.1420594475,1.9367843117482995,70.59424483,-0.5347769499999941
2013-07-10 14:00:00,71.02625542,69.17621762291667,1.9634188757836106,70.05946788,0.9667875399999986
2013-07-10 15:00:00,71.56116588,69.23168166083333,2.012665810470977,71.02625542,0.5349104600000061
2013-07-10 16:00:00,70.98303947,69.2066577925,1.985705350841129,71.56116588,-0.5781264100000101
2013-07-10 17:00:00,71.78059711,69.21566734791666,1.9973244181757241,70.98303947,0.797557640000008
2013-07-10 18:00:00,73.40419990000002,69.31462673833333,2.1444972726035902,71.78059711,1.623602790000021
2013-07-10 19:00:00,71.60391994,69.2634956525,2.0703575586207954,73.40419990000002,-1.8002799600000259
2013-07-10 20:00:00,70.48045714,69.23613269541667,2.0487443333858644,71.60391994,-1.1234627999999987
2013-07-10 21:00:00,69.48780075,69.22642306916667,2.0468986919266294,70.48045714,-0.9926563899999934
2013-07-10 22:00:00,69.37470081,69.23471866666667,2.0470872225041927,69.48780075,-0.11309994000001211
2013-07-10 23:00:00,68.66754682,69.20755008333333,2.0502363101983008,69.37470081,-0.7071539899999948
2013-07-11 00:00:00,69.05640228,69.2177083225,2.048797870826567,68.66754682,0.38885546000000204
2013-07-11 01:00:00,69.28118591,69.24787572333334,2.0439736129115147,69.05640228,0.22478363000000456
2013-07-11 02:00:00,68.00921159,69.25948333666666,2.0357571408197517,69.28118591,-1.2719743199999982
2013-07-11 03:00:00,68.57902651,69.29160305166667,2.0178654959454705,68.00921159,0.5698149199999989
2013-07-11 04:00:00,66.49549932,69.27338318125,2.041920787488948,68.57902651,-2.0835271900000123
2013-07-11 05:00:00,66.7500451,69.311273995,1.9830406965723486,66.49549932,0.25454578000000083
2013-07-11 06:00:00,66.42304923,69.32245623458333,1.965142835683939,66.7500451,-0.3269958699999904
2013-07-11 07:00:00,67.52779448,69.39522879583333,1.8577063537573677,66.42304923,1.1047452499999935
2013-07-11 08:00:00,67.89346899,69.41854468833334,1.8340710757533258,67.52779448,0.36567451000000517
2013-07-11 09:00:00,69.1011507,69.49156828833334,1.7822288021980404,67.89346899,1.2076817100000028
2013-07-11 10:00:00,70.51575503,69.52334892708333,1.793856302749163,69.1011507,1.4146043299999889
2013-07-11 11:00:00,71.51359764,69.59039928041666,1.8382431391198875,70.51575503,0.9978426100000064
2013-07-11 12:00:00,70.78913828,69.59851984083333,1.8432940380183165,71.51359764,-0.7244593599999973
2013-07-11 13:00:00,70.92408975,69.63454575208333,1.8610582618520877,70.78913828,0.13495146999999008
2013-07-11 14:00:00,71.43667911,69.65164673916667,1.8762263332447493,70.92408975,0.5125893600000069
2013-07-11 15:00:00,72.77048744,69.7020351375,1.944726973386496,71.43667911,1.3338083299999965
2013-07-11 16:00:00,72.18360109,69.75205853833333,1.9939287232144616,72.77048744,-0.5868863500000003
2013-07-11 17:00:00,72.2317116,69.77085497541667,2.0158882123654007,72.18360109,0.04811051000000077
2013-07-11 18:00:00,72.14511125,69.71839294833333,1.9318538598396922,72.2317116,-0.08660034999999766
2013-07-11 19:00:00,72.66568122,69.76263300166666,1.9882446755566852,72.14511125,0.5205699699999968
2013-07-11 20:00:00,71.74663208,69.81539029083334,2.0245865853791627,72.66568122,-0.9190491399999985
2013-07-11 21:00:00,71.47523835,69.89820019083334,2.051076817105765,71.74663208,-0.2713937299999998
2013-07-11 22:00:00,70.17998073,69.93175352083334,2.04872600253874,71.47523835,-1.295257620000001
2013-07-11 23:00:00,70.01828427,69.98803424791667,2.030963017156672,70.17998073,-0.1616964600000017
2013-07-12 00:00:00,69.63409091,70.01210460749999,2.0228486205918386,70.01828427,-0.3841933599999976
2013-07-12 01:00:00,69.24166979,70.0104581025,2.0234854031367133,69.63409091,-0.3924211199999945
2013-07-12 02:00:00,69.44746561,70.07038535333334,1.982522826204117,69.24166979,0.20579581999999164
2013-07-12 03:00:00,69.56135461,70.11131569083334,1.9604112198949422,69.44746561,0.11388900000000035
2013-07-12 04:00:00,67.43148423,70.15031506208332,1.8935215097682483,69.56135461,-2.12987038
2013-07-12 05:00:00,67.27588501,70.17222505833332,1.855119080225485,67.43148423,-0.15559921999999915
2013-07-12 06:00:00,67.64302314,70.22305730458334,1.7623140096686767,67.27588501,0.36713813000000073
2013-07-12 07:00:00,67.11633221,70.20591304333333,1.7914350609229794,67.64302314,-0.5266909300000009
2013-07-12 08:00:00,68.58615434,70.23477493291666,1.7578239862389944,67.11633221,1.4698221299999972
2013-07-12 09:00:00,68.54878335,70.21175962666666,1.7768253277688673,68.58615434,-0.03737098999999944
2013-07-12 10:00:00,69.78361434,70.18125376458333,1.7776639561459897,68.54878335,1.234830990000006
2013-07-12 11:00:00,70.13666468,70.12388155791666,1.7548677708679057,69.78361434,0.3530503399999958
2013-07-12 12:00:00,71.79856679999997,70.16594107958333,1.783370631543309,70.13666468,1.6619021199999793
2013-07-12 13:00:00,72.95326709,70.25049013541665,1.8670166910952803,71.79856679999997,1.1547002900000223
2013-07-12 14:00:00,73.38358272,70.33161111916667,1.960740439056577,72.95326709,0.4303156300000097
2013-07-12 15:00:00,72.72556855,70.32973949874999,1.9583311550610139,73.38358272,-0.6580141700000013
2013-07-12 16:00:00,74.27730941,70.41697734541667,2.086918425059442,72.72556855,1.5517408599999953
2013-07-12 17:00:00,73.58946213,70.47355028416666,2.1555272042668494,74.27730941,-0.6878472799999997
2013-07-12 18:00:00,73.07774519,70.51241003166666,2.195017245424429,73.58946213,-0.5117169399999995
2013-07-12 19:00:00,74.52428051,70.58985166875,2.3043523208698637,73.07774519,1.4465353199999953
2013-07-12 20:00:00,72.52552383,70.62230549166667,2.3267286141623478,74.52428051,-1.9987566799999996
2013-07-12 21:00:00,72.64264374,70.67094738291667,2.357336433368143,72.52552383,0.11711990999999955
2013-07-12 22:00:00,73.47727338,70.80833457666667,2.4226577029067182,72.64264374,0.8346296400000028
2013-07-12 23:00:00,72.37521094,70.90653985458333,2.436967800162619,73.47727338,-1.1020624399999974
2013-07-13 00:00:00,71.20816904,70.97212644333334,2.4223712133544235,72.37521094,-1.167041900000001
2013-07-13 01:00:00,72.23586399,71.096884535,2.4064252325348225,71.20816904,1.0276949499999972
2013-07-13 02:00:00,71.09992340000002,71.16573694291667,2.3806826381420843,72.23586399,-1.1359405899999757
2013-07-13 03:00:00,70.95986451,71.22400818875,2.3566999201716574,71.09992340000002,-0.14005889000002014
2013-07-13 04:00:00,70.25370091,71.34160055041666,2.2260237598728008,70.95986451,-0.7061635999999964
2013-07-13 05:00:00,71.29442554,71.50903973916667,2.051176781949918,70.25370091,1.0407246299999997
2013-07-13 06:00:00,70.37620145,71.62292216875,1.8973033454442698,71.29442554,-0.9182240900000096
2013-07-13 07:00:00,70.33534302,71.75704761916667,1.6643478338870608,70.37620145,-0.04085843000000011
2013-07-13 08:00:00,68.96127518,71.77267765416667,1.6347736390528178,70.33534302,-1.374067839999995
2013-07-13 09:00:00,68.67478951,71.77792791083333,1.6241373158416497,68.96127518,-0.2864856700000047
2013-07-13 10:00:00,68.68142551,71.73200337625,1.6969323917104333,68.67478951,0.006636000000000308
2013-07-13 11:00:00,70.09922792,71.73044351125,1.6984791305026288,68.68142551,1.4178024100000073
2013-07-13 12:00:00,69.29115996,71.62596822625001,1.7697288249901915,70.09922792,-0.8080679600000025
2013-07-13 13:00:00,69.14944184,71.4674755075,1.8154314936194687,69.29115996,-0.14171812000000727
2013-07-13 14:00:00,69.38045679999999,71.30067859416667,1.8156287193852976,69.14944184,0.231014959999996
2013-07-13 15:00:00,68.32729437,71.11741717,1.8861548675556585,69.38045679999999,-1.0531624299999862
2013-07-13 16:00:00,68.71167009999999,70.88551553208333,1.8218046877329024,68.32729437,0.3843757299999879
2013-07-13 17:00:00,69.43031387,70.71221768791666,1.7498059098774277,68.71167009999999,0.7186437700000141
2013-07-13 18:00:00,69.12568539,70.54754852958334,1.7028423631992253,69.43031387,-0.3046284800000052
2013-07-13 19:00:00,69.40509502,70.33424913416665,1.490423666456646,69.12568539,0.2794096300000035
2013-07-13 20:00:00,68.64876516,70.17271752291667,1.4521991507255476,69.40509502,-0.7563298600000081
2013-07-13 21:00:00,67.68106913,69.9659852475,1.438392115232921,68.64876516,-0.967696029999999
2013-07-13 22:00:00,69.16363194,69.7862501875,1.235800515989553,67.68106913,1.4825628100000046
2013-07-13 23:00:00,68.19982138,69.61227562250001,1.1461332734788832,69.16363194,-0.9638105599999989
2013-07-14 00:00:00,68.1347302,69.48421567083334,1.1316777521712287,68.19982138,-0.06509117999999603
2013-07-14 01:00:00,67.28588699,69.27796662916667,1.0569876557944795,68.1347302,-0.8488432100000125
2013-07-14 02:00:00,67.77737459,69.13952709541667,1.0250854617320326,67.28588699,0.49148759999999925
2013-07-14 03:00:00,68.40400085,69.03303277625,0.9583407373313143,67.77737459,0.626626260000009
2013-07-14 04:00:00,68.12434843,68.94430975625001,0.9387860859447015,68.40400085,-0.279652420000005
2013-07-14 05:00:00,66.62975642,68.74994854291667,0.9136126676221107,68.12434843,-1.494592009999991
2013-07-14 06:00:00,67.75402118,68.64069103166666,0.8662389054981975,66.62975642,1.1242647599999884
2013-07-14 07:00:00,67.19706687,68.50992952541667,0.8356290521505171,67.75402118,-0.5569543099999947
2013-07-14 08:00:00,66.19511529,68.39467286333333,0.9531681653540012,67.19706687,-1.0019515799999965
2013-07-14 09:00:00,67.03467174,68.32633462291666,0.9902839873857275,66.19511529,0.8395564499999892
2013-07-14 10:00:00,66.39229109,68.23095402208334,1.0622234775353605,67.03467174,-0.6423806499999927
2013-07-14 11:00:00,66.98910128,68.10136541208333,1.012960455908912,66.39229109,0.5968101899999994
2013-07-14 12:00:00,66.70652022,67.99367208958334,1.01834644235192,66.98910128,-0.2825810599999983
2013-07-14 13:00:00,65.89533219,67.8580841875,1.0729416427378082,66.70652022,-0.8111880299999967
2013-07-14 14:00:00,66.15310629999999,67.72361124999999,1.0760844197543915,65.89533219,0.2577741099999855
2013-07-14 15:00:00,65.94826687,67.62448510416667,1.1264530159714148,66.15310629999999,-0.20483942999999272
2013-07-14 16:00:00,66.18545065,67.51922596041668,1.1384115245887092,65.94826687,0.2371837800000094
2013-07-14 17:00:00,65.956704,67.37449221583333,1.105205621222831,66.18545065,-0.22874665000000505
2013-07-14 18:00:00,66.58099932,67.26846362958334,1.0506141407940166,65.956704,0.6242953200000017
2013-07-14 19:00:00,67.19124175,67.17621974333333,0.9469338796575565,66.58099932,0.6102424299999996
2013-07-14 20:00:00,66.74457508,67.09687849000001,0.896625874426669,67.19124175,-0.44666666999999904
2013-07-14 21:00:00,65.89869767,67.0226130125,0.9196540690814279,66.74457508,-0.8458774099999999
2013-07-14 22:00:00,65.51804828,66.87071369333333,0.8490033611431508,65.89869767,-0.3806493900000021
2013-07-14 23:00:00,65.98471013,66.77841739124999,0.8180725693532396,65.51804828,0.46666184999999416
2013-07-15 00:00:00,66.62908319,66.71568209916667,0.7655870672742778,65.98471013,0.6443730600000066
2013-07-15 01:00:00,64.90780861,66.6165955,0.8389558484615534,66.62908319,-1.7212745799999993
2013-07-15 02:00:00,64.9498236,66.49878087541667,0.8669304338178565,64.90780861,0.04201498999999842
2013-07-15 03:00:00,65.64024470000001,66.38362436916667,0.7822773160964204,64.9498236,0.6904211000000089
2013-07-15 04:00:00,64.33322178,66.22566075875001,0.7981010029774512,65.64024470000001,-1.3070229200000085
2013-07-15 05:00:00,65.81400458,66.19167109874999,0.7975135334904283,64.33322178,1.4807828
2013-07-15 06:00:00,64.19811908,66.04350851125001,0.8244919502693447,65.81400458,-1.6158855000000045
2013-07-15 07:00:00,65.79277627,65.98499640291666,0.7880935227937332,64.19811908,1.5946571900000066
2013-07-15 08:00:00,66.47022878,65.996459465,0.7932664743748135,65.79277627,0.6774525099999948
2013-07-15 09:00:00,66.21114689,65.96214592958334,0.7636638515799249,66.47022878,-0.2590818900000045
2013-07-15 10:00:00,68.4034625,66.04594473833333,0.9093634890127917,66.21114689,2.1923156100000085
2013-07-15 11:00:00,69.51708004,66.15127718666668,1.1404160719877243,68.4034625,1.1136175399999928
2013-07-15 12:00:00,69.39746721,66.26339997791666,1.3161267474082998,69.51708004,-0.11961282999999412
2013-07-15 13:00:00,70.91288645,66.47246473875,1.6188242905813355,69.39746721,1.51541924
2013-07-15 14:00:00,70.88878119,66.66978452583334,1.850276556896795,70.91288645,-0.024105259999998907
2013-07-15 15:00:00,71.10972093,66.88484511166668,2.0517591493803096,70.88878119,0.2209397399999915
2013-07-15 16:00:00,72.96756108,67.16743304625,2.390353778822315,71.10972093,1.8578401500000012
2013-07-15 17:00:00,72.02770961,67.42039161333334,2.5710588911053898,72.96756108,-0.9398514699999936
2013-07-15 18:00:00,73.95202783,67.72751780125,2.8872415318363953,72.02770961,1.9243182200000035
2013-07-15 19:00:00,73.37599022,67.98521565416667,3.105084305467478,73.95202783,-0.5760376100000002
2013-07-15 20:00:00,73.50769737,68.26701241625,3.2890358427194277,73.37599022,0.1317071499999969
2013-07-15 21:00:00,72.71914771,68.55119783458333,3.369187279801498,73.50769737,-0.788549660000001
2013-07-15 22:00:00,72.47419791,68.8410374025,3.3960110441438554,72.71914771,-0.24494980000000055
2013-07-15 23:00:00,72.0845572,69.09519769708334,3.4012016389077786,72.47419791,-0.3896407099999948
2013-07-16 00:00:00,70.36089703,69.25068994041668,3.3687049212556825,72.0845572,-1.7236601700000023
2013-07-16 01:00:00,71.0505306,69.50663669000001,3.2558614294049444,70.36089703,0.689633569999998
2013-07-16 02:00:00,71.07182369,69.76172002708334,3.1203275921063858,71.0505306,0.021293090000000348
2013-07-16 03:00:00,70.51372607,69.96478175083332,2.996574531147205,71.07182369,-0.5580976199999981
2013-07-16 04:00:00,70.18259029999999,70.20850543916667,2.746023990248336,70.51372607,-0.33113577000001726
2013-07-16 05:00:00,69.85543379,70.37689832291667,2.5839586434512887,70.18259029999999,-0.32715650999998047
2013-07-16 06:00:00,67.99007603,70.53489652916666,2.288799358345295,69.85543379,-1.865357760000009
2013-07-16 07:00:00,68.45766038,70.64593336708333,2.1060901620480657,67.99007603,0.46758434999999565
2013-07-16 08:00:00,68.27103298,70.72096687541666,1.9791048165068352,68.45766038,-0.1866273999999919
2013-07-16 09:00:00,68.96138225,70.83556001541666,1.775805864414815,68.27103298,0.6903492699999987
2013-07-16 10:00:00,69.74436809,70.89143108166667,1.7160479424058899,68.96138225,0.7829858399999949
2013-07-16 11:00:00,70.61571518,70.93720754583333,1.692281188414282,69.74436809,0.8713470900000004
2013-07-16 12:00:00,71.17846267,71.01141569,1.6605787184054999,70.61571518,0.5627474900000067
2013-07-16 13:00:00,72.386747,71.07282654625,1.6838660976823538,71.17846267,1.208284329999998
2013-07-16 14:00:00,72.41193764,71.13629139833334,1.705196593698478,72.386747,0.02519064000000526
2013-07-16 15:00:00,73.68813485,71.24372531166667,1.7829041361133138,72.41193764,1.2761972099999923
2013-07-16 16:00:00,73.74326223,71.27604619291667,1.8221128246492673,73.68813485,0.055127380000001835
2013-07-16 17:00:00,73.75611822,71.34806321833334,1.8861448244504064,73.74326223,0.01285599000000559
2013-07-16 18:00:00,74.32401543,71.36356270166667,1.90985279564921,73.75611822,0.5678972099999982
2013-07-16 19:00:00,73.86398591,71.38389585541667,1.9346463145693094,74.32401543,-0.4600295200000062
2013-07-16 20:00:00,73.78849309,71.39559567708334,1.94884543372126,73.86398591,-0.0754928199999938
2013-07-16 21:00:00,73.00264849,71.40740820958334,1.9580541134972533,73.78849309,-0.7858446000000043
2013-07-16 22:00:00,72.04541547,71.38954227458332,1.9498360952525997,73.00264849,-0.9572330200000039
2013-07-16 23:00:00,71.08743709,71.34799560333333,1.9450002027119682,72.04541547,-0.9579783800000001
2013-07-17 00:00:00,71.9849653,71.41566511458332,1.9374014424477537,71.08743709,0.8975282100000044
2013-07-17 01:00:00,71.11160009999998,71.41820967708333,1.936941077370985,71.9849653,-0.8733652000000234
2013-07-17 02:00:00,70.99668759999999,71.41507900666666,1.9375858953060905,71.11160009999998,-0.11491249999998843
2013-07-17 03:00:00,69.26084472,71.36287561708333,1.9793541209526992,70.99668759999999,-1.7358428799999928
2013-07-17 04:00:00,69.52490512,71.33547206791665,2.000841368039148,69.26084472,0.2640604000000053
2013-07-17 05:00:00,68.65398309,71.28541162208333,2.0538103169920285,69.52490512,-0.8709220300000027
2013-07-17 06:00:00,68.44222186,71.30425103166667,2.024127509479065,68.65398309,-0.21176122999999336
2013-07-17 07:00:00,68.98691712,71.32630339583334,1.9944314518845419,68.44222186,0.5446952599999975
2013-07-17 08:00:00,68.12116394,71.3200588525,2.00462196943532,68.98691712,-0.8657531799999987
2013-07-17 09:00:00,70.27706087,71.374878795,1.9546830787034934,68.12116394,2.1558969299999973
2013-07-17 10:00:00,69.46657012,71.36330387958333,1.965550458687354,70.27706087,-0.8104907499999996
2013-07-17 11:00:00,70.32267213,71.35109375249999,1.971298241520197,69.46657012,0.8561020100000007
2013-07-17 12:00:00,71.8078395,71.37731778708333,1.9730873600498233,70.32267213,1.4851673699999992
2013-07-17 13:00:00,72.06436516,71.36388521041665,1.9670044775362168,71.8078395,0.2565256599999941
2013-07-17 14:00:00,72.48594731,71.36696894666666,1.968776196466229,72.06436516,0.4215821500000061
2013-07-17 15:00:00,72.35822858,71.31155618541666,1.9186830186808825,72.48594731,-0.127718729999998
2013-07-17 16:00:00,74.73026071,71.35268112208334,1.982583735730094,72.35822858,2.372032129999994
2013-07-17 17:00:00,74.45593333,71.381840085,2.0241792613801164,74.73026071,-0.27432738000000256
2013-07-17 18:00:00,75.42083051,71.42754071333333,2.1042902494957447,74.45593333,0.9648971800000083
2013-07-17 19:00:00,74.93021109,71.4719667625,2.1682484199461345,75.42083051,-0.4906194200000016
2013-07-17 20:00:00,73.46169520000002,71.45835018375,2.154047787241559,74.93021109,-1.4685158899999777
2013-07-17 21:00:00,73.44264061,71.47668318874999,2.169579080223015,73.46169520000002,-0.01905459000002452
2013-07-17 22:00:00,73.59425862,71.54121832,2.20989280052989,73.44264061,0.15161801000000708
2013-07-17 23:00:00,72.56355591,71.60272327083334,2.217243397181727,73.59425862,-1.03070271
2013-07-18 00:00:00,71.67826483,71.58994408458334,2.2158279311416083,72.56355591,-0.8852910800000018
2013-07-18 01:00:00,72.61615717,71.6526339625,2.222978109183271,71.67826483,0.9378923399999906
2013-07-18 02:00:00,70.46155106,71.63033660666666,2.2325069669318585,72.61615717,-2.154606109999989
2013-07-18 03:00:00,70.68690223,71.68975566958333,2.1851758544433557,70.46155106,0.22535116999999616
2013-07-18 04:00:00,71.27823432,71.76281105291667,2.1384628024708934,70.68690223,0.5913320899999945
2013-07-18 05:00:00,70.31179231,71.83188643708333,2.058974659389908,71.27823432,-0.9664420099999944
2013-07-18 06:00:00,69.53791299,71.87754023416666,1.9915924224479733,70.31179231,-0.773879320000006
2013-07-18 07:00:00,70.39827926,71.93634698999999,1.9221550641795968,69.53791299,0.8603662700000001
2013-07-18 08:00:00,69.63338286,71.99935611166667,1.813360807048639,70.39827926,-0.7648963999999978
2013-07-18 09:00:00,69.47214598,71.96581799125,1.8535966846863698,69.63338286,-0.16123688000000413
2013-07-18 10:00:00,71.46398548,72.04904363125,1.7798782954700738,69.47214598,1.9918395000000118
2013-07-18 11:00:00,72.41314268,72.13614657083333,1.7424789762404742,71.46398548,0.9491572000000019
2013-07-18 12:00:00,70.9737679,72.1013935875,1.7575639114603119,72.41314268,-1.4393747800000085
2013-07-18 13:00:00,72.40852176,72.11573344583333,1.7586523029194348,70.9737679,1.4347538600000007
2013-07-18 14:00:00,73.89859399,72.17459372416667,1.7948491138826428,72.40852176,1.4900722299999956
2013-07-18 15:00:00,73.99496326,72.2427910025,1.832822953250293,73.89859399,0.09636927000001094
2013-07-18 16:00:00,74.54050584,72.23488454958333,1.8220032827476986,73.99496326,0.5455425799999887
2013-07-18 17:00:00,74.01063854,72.2163306,1.8005432719563195,74.54050584,-0.5298672999999923
2013-07-18 18:00:00,76.39001911,72.25671345833332,1.8844524888826581,74.01063854,2.379380569999995
2013-07-18 19:00:00,75.69719107,72.2886709575,1.9375185054204036,76.39001911,-0.6928280399999949
2013-07-18 20:00:00,75.38408868,72.36877068583333,2.0258453400477894,75.69719107,-0.3131023899999974
2013-07-18 21:00:00,74.12498598,72.39720174291666,2.046256716081696,75.38408868,-1.2591026999999997
2013-07-18 22:00:00,75.41434918,72.47303884958333,2.124771432154548,74.12498598,1.2893631999999968
2013-07-18 23:00:00,74.69411987,72.56181234791667,2.1726852113934467,75.41434918,-0.7202293100000077
2013-07-19 00:00:00,73.07657971,72.62007546791666,2.1667021892887353,74.69411987,-1.6175401599999901
2013-07-19 01:00:00,73.16384917,72.64289596791666,2.169541511905932,73.07657971,0.08726946000000169
2013-07-19 02:00:00,73.505794,72.76973942375001,2.124997428795223,73.16384917,0.34194482999998854
2013-07-19 03:00:00,74.12699807,72.91307675041666,2.0941945611707586,73.505794,0.6212040700000045
2013-07-19 04:00:00,73.71152259,73.01446376166666,2.0703714426465702,74.12699807,-0.4154754799999978
2013-07-19 05:00:00,71.98042488,73.08399011875001,2.0025729257887677,73.71152259,-1.7310977100000002
2013-07-19 06:00:00,71.25116014,73.15537541666667,1.8985024246941944,71.98042488,-0.729264740000005
2013-07-19 07:00:00,72.16027157,73.22879176291667,1.8196805370858515,71.25116014,0.90911143000001
2013-07-19 08:00:00,71.37306717,73.30127860916667,1.7010112244167326,72.16027157,-0.7872044000000074
2013-07-19 09:00:00,71.51790632,73.38651862333333,1.544877660250795,71.37306717,0.1448391499999957
2013-07-19 10:00:00,72.2737793,73.4202600325,1.509500524765112,71.51790632,0.7558729800000066
2013-07-19 11:00:00,71.8167371,73.3954098,1.5315492554662307,72.2737793,-0.4570422000000036
2013-07-19 12:00:00,73.80696593,73.51345971791666,1.4434313279483533,71.8167371,1.9902288300000066
2013-07-19 13:00:00,72.94734057,73.53591050166666,1.4296224503080825,73.80696593,-0.8596253600000097
2013-07-19 14:00:00,75.32774091,73.59545829,1.4744473160712241,72.94734057,2.3804003400000084
2013-07-19 15:00:00,75.75888894,73.66895519333333,1.5378283290592756,75.32774091,0.4311480300000028
2013-07-19 16:00:00,75.61622646,73.71377688583333,1.5794483976534583,75.75888894,-0.1426624800000127
2013-07-19 17:00:00,74.80626301,73.74692790541667,1.5942306290380202,75.61622646,-0.8099634499999979
2013-07-19 18:00:00,75.95162112,73.7286613225,1.5648707807244329,74.80626301,1.1453581100000036
2013-07-19 19:00:00,75.00414728,73.69978449791667,1.5330364164458763,75.95162112,-0.9474738400000007
2013-07-19 20:00:00,75.7922298,73.71679037791667,1.5546441087348215,75.00414728,0.7880825200000032
2013-07-19 21:00:00,75.93662081,73.7922751625,1.6180153388280638,75.7922298,0.14439100999999255
2013-07-19 22:00:00,74.08191979,73.73675727125,1.5824058439703523,75.93662081,-1.8547010199999932
2013-07-19 23:00:00,74.0239745,73.70883454749999,1.5706468921060017,74.08191979,-0.057945290000006366
2013-07-20 00:00:00,73.62518064,73.73169291958334,1.5650272930695006,74.0239745,-0.39879385999999784
2013-07-20 01:00:00,73.55238749,73.74788201625,1.560902103633364,73.62518064,-0.07279314999999542
2013-07-20 02:00:00,74.17438898,73.77574014041666,1.5623592730292033,73.55238749,0.6220014900000024
2013-07-20 03:00:00,72.87160933,73.72343227625,1.5710787368533001,74.17438898,-1.302779650000005
2013-07-20 04:00:00,72.28482269,73.66398644708333,1.5983045022300708,72.87160933,-0.5867866399999997
2013-07-20 05:00:00,73.51122601,73.7277698275,1.558240284153975,72.28482269,1.2264033200000029
2013-07-20 06:00:00,72.89366827,73.79620766625,1.478782021890706,73.51122601,-0.6175577399999952
2013-07-20 07:00:00,72.14791650000002,73.79569287166667,1.47937831636697,72.89366827,-0.745751769999984
2013-07-20 08:00:00,72.9557522,73.86163808125,1.3998276169195,72.14791650000002,0.8078356999999841
2013-07-20 09:00:00,72.42186823,73.89930316083334,1.3451153186651865,72.9557522,-0.5338839700000051
2013-07-20 10:00:00,70.665252,73.83228119,1.464413556619342,72.42186823,-1.7566162300000059
2013-07-20 11:00:00,71.61263958,73.82377712666667,1.4771641121995256,70.665252,0.9473875800000116
2013-07-20 12:00:00,69.74580737,73.65456218666667,1.6956294681943496,71.61263958,-1.8668322100000125
2013-07-20 13:00:00,71.39185449,73.58975026666667,1.7526071686453657,69.74580737,1.6460471200000057
2013-07-20 14:00:00,70.82733191,73.40223322499999,1.7987190337361463,71.39185449,-0.564522580000002
2013-07-20 15:00:00,69.32886638,73.13431561833333,1.907989481026541,70.82733191,-1.4984655300000043
2013-07-20 16:00:00,70.65200484,72.92747305083334,1.8962769221041385,69.32886638,1.3231384600000098
2013-07-20 17:00:00,70.26620516,72.73830397375,1.9269098749793112,70.65200484,-0.3857996800000052
2013-07-20 18:00:00,69.04063432,72.45034619041667,1.9421621710714079,70.26620516,-1.2255708400000032
2013-07-20 19:00:00,68.41965745,72.17599244750001,2.028856306201846,69.04063432,-0.6209768699999927
2013-07-20 20:00:00,68.8585241,71.88708804333334,1.9847152625816717,68.41965745,0.43886664999999425
2013-07-20 21:00:00,68.36710746,71.57169165375,1.9133777098004676,68.8585241,-0.4914166399999971
2013-07-20 22:00:00,68.83774585,71.35318440625,1.9136881343431118,68.36710746,0.47063839000000485
2013-07-20 23:00:00,68.30402817,71.11485330916666,1.9227657308429333,68.83774585,-0.5337176800000094
2013-07-21 00:00:00,69.3689329,70.93750965333334,1.876899866617041,68.30402817,1.0649047300000092
2013-07-21 01:00:00,68.08187826,70.70957176875,1.8777117175420959,69.3689329,-1.287054640000008
2013-07-21 02:00:00,67.60392999,70.43580264416666,1.828930472817638,68.08187826,-0.47794826999999884
2013-07-21 03:00:00,67.44621031,70.20974435166666,1.8499441259057858,67.60392999,-0.15771967999999958
2013-07-21 04:00:00,67.54039145,70.01205971666666,1.8719245947262013,67.44621031,0.09418114000000344
2013-07-21 05:00:00,67.80852224,69.77444705958332,1.7674683060827823,67.54039145,0.26813079000000073
2013-07-21 06:00:00,66.38552342,69.50327435749999,1.767350610500662,67.80852224,-1.4229988200000037
2013-07-21 07:00:00,66.67172095,69.27509954291666,1.7645689322527376,66.38552342,0.2861975299999955
2013-07-21 08:00:00,65.91622406,68.98178587041666,1.7103931859139296,66.67172095,-0.7554968899999892
2013-07-21 09:00:00,65.67154675,68.70052247541666,1.6747502035214947,65.91622406,-0.24467731000000015
2013-07-21 10:00:00,65.72519189,68.4946866375,1.725583936352344,65.67154675,0.053645140000000424
2013-07-21 11:00:00,66.79848157,68.29409672041666,1.6242125545663555,65.72519189,1.073289680000002
2013-07-21 12:00:00,65.43107747,68.11431630791667,1.6938410070188197,66.79848157,-1.3674041000000017
2013-07-21 13:00:00,66.88734467,67.92662839875,1.5590827856487852,65.43107747,1.4562671999999992
2013-07-21 14:00:00,65.94946794,67.72338406666667,1.4804623904967957,66.88734467,-0.9378767299999993
2013-07-21 15:00:00,65.28216492,67.55477150583333,1.5195871468787998,65.94946794,-0.6673030200000056
2013-07-21 16:00:00,66.6497085,67.38800915833333,1.3779188720875875,65.28216492,1.367543580000003
2013-07-21 17:00:00,66.3990687,67.22687847249999,1.2465616410119433,66.6497085,-0.25063980000000186
2013-07-21 18:00:00,65.00919878,67.05890199166667,1.263041065476581,66.3990687,-1.3898699199999953
2013-07-21 19:00:00,65.06137224,66.91897344125,1.2914404255130216,65.00919878,0.05217345999999168
2013-07-21 20:00:00,65.62911927,66.78441490666667,1.2480793176903,65.06137224,0.5677470300000067
2013-07-21 21:00:00,66.37157503,66.70126772208333,1.2037395312065298,65.62911927,0.7424557599999986
2013-07-21 22:00:00,64.5293161,66.52174981583333,1.192478940228082,66.37157503,-1.8422589299999999
2013-07-21 23:00:00,66.33871216,66.43986164875001,1.130644084472966,64.5293161,1.8093960599999974
2013-07-22 00:00:00,65.29158087,66.26997198083333,0.9656846956372886,66.33871216,-1.0471312899999958
2013-07-22 01:00:00,65.17119986,66.14869371416667,0.9093684669518497,65.29158087,-0.12038101000000268
2013-07-22 02:00:00,65.36758419,66.05551263916668,0.8673775459072184,65.17119986,0.19638433000000077
2013-07-22 03:00:00,64.55987145,65.93524852,0.8662685375083643,65.36758419,-0.8077127399999995
2013-07-22 04:00:00,64.65845259,65.81516773416668,0.8332061088733966,64.55987145,0.09858113999999318
2013-07-22 05:00:00,64.86762829999999,65.69263048666667,0.7381335274999197,64.65845259,0.20917570999999668
2013-07-22 06:00:00,63.6094313,65.57695998166668,0.8358763081592826,64.86762829999999,-1.2581969999999956
2013-07-22 07:00:00,64.96073316,65.50566882375,0.8110408576983663,63.6094313,1.3513018600000066
2013-07-22 08:00:00,65.43995404,65.48582423958334,0.8063718725140915,64.96073316,0.47922087999999974
2013-07-22 09:00:00,67.07099988,65.54413478666666,0.868584676066679,65.43995404,1.6310458399999987
2013-07-22 10:00:00,66.67125763,65.5835541925,0.8981245117610175,67.07099988,-0.39974225000000274
2013-07-22 11:00:00,67.64060287,65.61864258000001,0.96184351386795,66.67125763,0.9693452399999956
2013-07-22 12:00:00,68.62797459999999,65.75184662708334,1.1396671260616626,67.64060287,0.9873717299999925
2013-07-22 13:00:00,70.2454449,65.89176747,1.4492359014817373,68.62797459999999,1.617470300000008
2013-07-22 14:00:00,69.70567339,66.04827603041666,1.645299216504103,70.2454449,-0.5397715099999942
2013-07-22 15:00:00,70.36650487,66.26012352833332,1.8561799031134107,69.70567339,0.6608314799999988
2013-07-22 16:00:00,72.27945276,66.49469620583334,2.2263662333687972,70.36650487,1.912947889999998
2013-07-22 17:00:00,72.71664316,66.757928475,2.5626475926683776,72.27945276,0.43719040000000575
2013-07-22 18:00:00,71.84306091,67.04267273041667,2.733840705644529,72.71664316,-0.8735822499999983
2013-07-22 19:00:00,71.53844637,67.31255081916667,2.8471019871964125,71.84306091,-0.3046145400000029
2013-07-22 20:00:00,71.55812139,67.55959257416667,2.9500477541346504,71.53844637,0.019675019999993992
2013-07-22 21:00:00,70.76534571,67.7426663525,3.008864176653804,71.55812139,-0.7927756799999912
2013-07-22 22:00:00,71.14242657,68.01821262208334,3.0046022332601074,70.76534571,0.3770808599999924
2013-07-22 23:00:00,70.71393712,68.20051366208334,3.0308859090074374,71.14242657,-0.4284894500000007
2013-07-23 00:00:00,69.58966371,68.37960044708333,2.9780524280573997,70.71393712,-1.1242734100000007
2013-07-23 01:00:00,69.02299462,68.54009189541667,2.90040668582258,69.58966371,-0.5666690899999907
2013-07-23 02:00:00,68.95729279,68.68966308708333,2.82116681184018,69.02299462,-0.06570183000000895
2013-07-23 03:00:00,68.14795876,68.839166725,2.684564758274573,68.95729279,-0.8093340300000023
2013-07-23 04:00:00,67.48635522,68.95699600125,2.5518700834177652,68.14795876,-0.6616035400000015
2013-07-23 05:00:00,66.52278589,69.02596090083334,2.457156753095245,67.48635522,-0.9635693299999986
2013-07-23 06:00:00,66.81771127,69.15963923291666,2.226070237119984,66.52278589,0.29492538000000934
2013-07-23 07:00:00,66.25215878,69.21344863375,2.133858310459433,66.81771127,-0.5655524900000017
2013-07-23 08:00:00,68.14487953,69.3261538625,1.9926473420401576,66.25215878,1.8927207499999952
2013-07-23 09:00:00,68.75540328,69.3963373375,1.9386976617299865,68.14487953,0.6105237499999987
2013-07-23 10:00:00,68.54546326,69.47442923875,1.8603200442898522,68.75540328,-0.20994001999999057
2013-07-23 11:00:00,68.65504344,69.51669759583332,1.8280873890431728,68.54546326,0.1095801799999947
2013-07-23 12:00:00,69.96525521,69.57241762125001,1.8201844460507348,68.65504344,1.3102117699999951
2013-07-23 13:00:00,70.93097625,69.6009814275,1.8365110713688149,69.96525521,0.9657210400000054
2013-07-23 14:00:00,70.67200225,69.64124513,1.8494534359297683,70.93097625,-0.25897399999999493
2013-07-23 15:00:00,72.45541594,69.72828309125,1.9323643477344796,70.67200225,1.783413689999989
2013-07-23 16:00:00,72.75267236,69.74800057458333,1.9617191710078776,72.45541594,0.29725642000001073
2013-07-23 17:00:00,72.98703117,69.75926674166666,1.9801987449363687,72.75267236,0.23435880999998915
2013-07-23 18:00:00,73.15160594,69.81378945125,2.0566089044750107,72.98703117,0.16457477000000154
2013-07-23 19:00:00,73.18754221,69.88250177791666,2.1424912079869762,73.15160594,0.03593627000000765
2013-07-23 20:00:00,71.04274096,69.86102759333333,2.1274966280634686,73.18754221,-2.1448012500000004
2013-07-23 21:00:00,71.54354038,69.89345237125,2.147712524155264,71.04274096,0.5007994199999928
2013-07-23 22:00:00,71.74520109,69.91856797625,2.166396393824149,71.54354038,0.20166070999999874
2013-07-23 23:00:00,70.94274876,69.92810179458333,2.170548312447434,71.74520109,-0.8024523299999942
2013-07-24 00:00:00,69.74530422,69.93458681583333,2.1697255361143655,70.94274876,-1.1974445400000064
2013-07-24 01:00:00,69.52726729,69.95559817708333,2.16294503494977,69.74530422,-0.2180369299999967
2013-07-24 02:00:00,70.32903161,70.01275396125,2.1535214259029463,69.52726729,0.8017643200000037
2013-07-24 03:00:00,70.03017299,70.09117955416666,2.116614223593326,70.32903161,-0.2988586200000043
2013-07-24 04:00:00,68.87043296,70.14884946,2.0606729119104608,70.03017299,-1.1597400299999947
2013-07-24 05:00:00,68.92349639,70.24887906416666,1.931203573340585,68.87043296,0.05306342999999458
2013-07-24 06:00:00,68.10636443,70.30257294583333,1.8477701049164619,68.92349639,-0.8171319599999975
2013-07-24 07:00:00,68.55988567,70.39872823291667,1.6802827683779293,68.10636443,0.4535212400000006
2013-07-24 08:00:00,67.85392905,70.38660529625,1.6982048822823022,68.55988567,-0.7059566199999949
2013-07-24 09:00:00,68.35577512,70.36995412291667,1.7167524044716287,67.85392905,0.5018460699999991
2013-07-24 10:00:00,69.70795831,70.41839141666667,1.679022182482786,68.35577512,1.352183189999991
2013-07-24 11:00:00,70.53390858,70.49667746416667,1.636493008736607,69.70795831,0.825950270000007
2013-07-24 12:00:00,69.78024465,70.48896869083333,1.6395380528663643,70.53390858,-0.7536639300000019
2013-07-24 13:00:00,71.51678733,70.51337748583333,1.650727074937437,69.78024465,1.7365426799999995
2013-07-24 14:00:00,72.03103759999998,70.57000395875001,1.679465108615533,71.51678733,0.5142502699999767
2013-07-24 15:00:00,73.40007449,70.60936473166666,1.735701944915872,72.03103759999998,1.369036890000018
2013-07-24 16:00:00,73.8675255,70.65581694583334,1.8089303248324027,73.40007449,0.4674510100000049
2013-07-24 17:00:00,72.66779455,70.64251542000001,1.7921387871918677,73.8675255,-1.1997309500000028
2013-07-24 18:00:00,72.85222389,70.63004116791667,1.77487359827334,72.66779455,0.18442934000000832
2013-07-24 19:00:00,73.11323349999998,70.62694497166667,1.7702770253613227,72.85222389,0.2610096099999737
2013-07-24 20:00:00,72.2813031,70.6785517275,1.8007166871401423,73.11323349999998,-0.8319303999999761
2013-07-24 21:00:00,72.61561106,70.72322133916667,1.8360574256512736,72.2813031,0.33430796000000385
2013-07-24 22:00:00,71.61517817,70.71780371749999,1.833100224715774,72.61561106,-1.0004328900000132
2013-07-24 23:00:00,72.75668787,70.79338451374998,1.8795842201136697,71.61517817,1.1415097000000003
2013-07-25 00:00:00,71.14354005,70.85164433999999,1.8673152426203685,72.75668787,-1.6131478199999947
2013-07-25 01:00:00,70.8585056,70.90711260291667,1.8459138656026277,71.14354005,-0.2850344499999977
2013-07-25 02:00:00,70.89259768,70.93059452249999,1.8418203828022381,70.8585056,0.03409207999999353
2013-07-25 03:00:00,70.85000882,70.96475434874999,1.8319707028152064,70.89259768,-0.042588859999995066
2013-07-25 04:00:00,71.4091997,71.07053629625,1.778292744866748,70.85000882,0.5591908800000027
2013-07-25 05:00:00,70.257825,71.12613332166667,1.7284073037818668,71.4091997,-1.1513747000000052
2013-07-25 06:00:00,69.82174319,71.19760743666666,1.6308151583524728,70.257825,-0.43608180999999036
2013-07-25 07:00:00,69.39311984,71.23232552708333,1.5803068899165171,69.82174319,-0.4286233500000094
2013-07-25 08:00:00,69.94923869,71.31963009541666,1.4369249457993096,69.39311984,0.5561188500000043
2013-07-25 09:00:00,70.35977277,71.40312999749999,1.309810508350963,69.94923869,0.410534080000005
2013-07-25 10:00:00,71.59751048,71.48186133791667,1.2593009069189114,70.35977277,1.2377377099999904
2013-07-25 11:00:00,71.15990415,71.50794448666666,1.245217038352483,71.59751048,-0.43760632999999416
2013-07-25 12:00:00,72.51273013,71.62179804833333,1.2046386816982888,71.15990415,1.3528259799999915
2013-07-25 13:00:00,73.02999473,71.68484835666666,1.238040748422547,72.51273013,0.5172646000000043
2013-07-25 14:00:00,72.09791824,71.68763505,1.238928813967953,73.02999473,-0.93207649
2013-07-25 15:00:00,72.92583014,71.66787486875,1.2139592613815107,72.09791824,0.8279119000000037
2013-07-25 16:00:00,73.86938351,71.66795228583332,1.2141056877722063,72.92583014,0.9435533700000036
2013-07-25 17:00:00,73.91377788,71.71986825791666,1.28338160469642,73.86938351,0.04439436999999202
2013-07-25 18:00:00,74.46991144,71.78727190583332,1.383977288061879,73.91377788,0.5561335600000064
2013-07-25 19:00:00,73.21314175,71.79143474958333,1.3882825930827418,74.46991144,-1.2567696899999987
2013-07-25 20:00:00,74.51203141,71.88438176250001,1.4932149805149482,73.21314175,1.2988896600000004
2013-07-25 21:00:00,72.84294254,71.8938539075,1.4987658931482863,74.51203141,-1.6690888700000102
2013-07-25 22:00:00,73.43276491,71.96958668833334,1.5296748399209308,72.84294254,0.5898223700000074
2013-07-25 23:00:00,73.30466379999999,71.99241901875,1.545937294439918,73.43276491,-0.12810111000001712
2013-07-26 00:00:00,72.81092703,72.06189347625,1.54359444686239,73.30466379999999,-0.49373676999998395
2013-07-26 01:00:00,72.86473466,72.14548635375,1.5298541121468676,72.81092703,0.05380762999999433
2013-07-26 02:00:00,71.38222869,72.16588764583334,1.5156183417370657,72.86473466,-1.4825059699999912
2013-07-26 03:00:00,71.19623896,72.18031390166666,1.5041531304258984,71.38222869,-0.18598973000000285
2013-07-26 04:00:00,71.03955791,72.16491216041666,1.5142508078400445,71.19623896,-0.1566810500000031
2013-07-26 05:00:00,72.27910059999998,72.24913197708334,1.458763663694602,71.03955791,1.239542689999979
2013-07-26 06:00:00,70.21785723,72.26563672875001,1.4321028293854825,72.27910059999998,-2.0612433699999713
2013-07-26 07:00:00,70.31733297,72.30414560916667,1.3622243585206775,70.21785723,0.09947573999998838
2013-07-26 08:00:00,69.78868463,72.29745585666667,1.374629640882439,70.31733297,-0.5286483399999895
2013-07-26 09:00:00,70.88145123,72.31919245916667,1.3464941076042631,69.78868463,1.0927665999999903
2013-07-26 10:00:00,71.61930479,72.32010055541667,1.3459934889170877,70.88145123,0.7378535600000049
2013-07-26 11:00:00,72.28509323,72.36698343375,1.3232286366525108,71.61930479,0.66578844
2013-07-26 12:00:00,72.77202114,72.37778722583333,1.3255268794869,72.28509323,0.4869279100000057
2013-07-26 13:00:00,73.24703993,72.38683077583333,1.3308996216300253,72.77202114,0.4750187899999929
2013-07-26 14:00:00,72.80712104,72.4163808925,1.3320786941921472,73.24703993,-0.4399188900000013
2013-07-26 15:00:00,72.58748947,72.40228336458333,1.3282375333574834,72.80712104,-0.21963157000000422
2013-07-26 16:00:00,74.68417583,72.43623304458333,1.3768889346759947,72.58748947,2.0966863600000067
2013-07-26 17:00:00,73.09200323,72.40199243416667,1.348472403253552,74.68417583,-1.5921725999999978
2013-07-26 18:00:00,74.09006089,72.38616532791667,1.3251737224198232,73.09200323,0.9980576600000006
2013-07-26 19:00:00,74.61862587,72.44472716625,1.3926460021980382,74.09006089,0.5285649799999987
2013-07-26 20:00:00,73.81911639,72.41585570708334,1.3545870515545944,74.61862587,-0.7995094799999976
2013-07-26 21:00:00,74.57014385,72.48782242833333,1.4224457362638045,73.81911639,0.7510274599999889
2013-07-26 22:00:00,72.69101123,72.456916025,1.4090165785305877,74.57014385,-1.879132619999993
2013-07-26 23:00:00,73.56142292,72.46761432166666,1.4166870390648634,72.69101123,0.8704116899999974
2013-07-27 00:00:00,73.77909916,72.50795482708332,1.4404727808645974,73.56142292,0.21767624000000296
2013-07-27 01:00:00,72.91239911,72.50994084583333,1.4410188245426978,73.77909916,-0.8667000500000057
2013-07-27 02:00:00,73.48633826,72.59761207791666,1.433412743394992,72.91239911,0.5739391500000011
2013-07-27 03:00:00,72.73447053,72.66170506,1.4020753547502647,73.48633826,-0.7518677300000007
2013-07-27 04:00:00,71.62959719,72.68629003,1.3773498669897088,72.73447053,-1.1048733399999975
2013-07-27 05:00:00,72.41051865,72.69176578208334,1.3759211633710415,71.62959719,0.7809214600000018
2013-07-27 06:00:00,71.64829313,72.75136727791666,1.2925541554868345,72.41051865,-0.7622255200000012
2013-07-27 07:00:00,71.34815297,72.79431811125,1.2234346953260686,71.64829313,-0.300140159999998
2013-07-27 08:00:00,70.69776199,72.83219633458334,1.1373788926720398,71.34815297,-0.6503909799999974
2013-07-27 09:00:00,70.47033288,72.81506640333333,1.1706456270008785,70.69776199,-0.22742911000000277
2013-07-27 10:00:00,71.02517791,72.79031111666666,1.202869837076047,70.47033288,0.5548450299999956
2013-07-27 11:00:00,69.83488902,72.68821927458335,1.3433852959718473,71.02517791,-1.1902888899999908
2013-07-27 12:00:00,71.50090936,72.63525628375,1.3648235023340163,69.83488902,1.6660203399999887
2013-07-27 13:00:00,70.40361959,72.51678043625,1.4312071508152426,71.50090936,-1.097289769999989
2013-07-27 14:00:00,70.54399168,72.42248337958333,1.4847973257920806,70.40361959,0.14037208999999962
2013-07-27 15:00:00,71.85746328,72.39206562166667,1.4887424838310979,70.54399168,1.3134715999999997
2013-07-27 16:00:00,71.15225757,72.24490236083334,1.4255392938700893,71.85746328,-0.7052057100000013
2013-07-27 17:00:00,72.78516393,72.23211739,1.418972563872552,71.15225757,1.6329063599999927
2013-07-27 18:00:00,73.36070500000002,72.20172756125,1.384851319836057,72.78516393,0.5755410700000283
2013-07-27 19:00:00,72.86473047,72.12864858625001,1.2951364816324493,73.36070500000002,-0.49597453000002645
2013-07-27 20:00:00,72.70608578,72.08227231083333,1.251153202699246,72.86473047,-0.1586446900000027
2013-07-27 21:00:00,73.85915886,72.05264793625001,1.196927193854118,72.70608578,1.1530730799999986
2013-07-27 22:00:00,73.50507967,72.08656745458333,1.2269622386545085,73.85915886,-0.3540791899999931
2013-07-27 23:00:00,72.19240313,72.02952496333334,1.186572446969461,73.50507967,-1.3126765399999982
2013-07-28 00:00:00,72.13995763,71.96122739958334,1.1271777392529094,72.19240313,-0.052445500000004586
2013-07-28 01:00:00,72.76124036,71.95492911833334,1.122042453640849,72.13995763,0.6212827300000043
2013-07-28 03:00:00,72.78238947,71.92559791875,1.088983414468438,72.76124036,0.021149109999996085
2013-07-28 04:00:00,71.89290086,71.89053251583333,1.0752681442636456,72.78238947,-0.8894886100000008
2013-07-29 12:00:00,73.24344321,71.9577761,1.1081986107312451,71.89290086,1.3505423499999978
2013-07-29 13:00:00,73.25408094,71.99292452875,1.136206048207078,73.24344321,0.010637729999999124
2013-07-29 14:00:00,72.61221201,72.03308781541666,1.1405225397525265,73.25408094,-0.6418689300000011
2013-07-29 15:00:00,73.02852459,72.10310329958334,1.1481992491438693,72.61221201,0.41631258000001026
2013-07-29 16:00:00,73.29062043,72.21113906791666,1.1320893755384414,73.02852459,0.26209584000000063
2013-07-29 17:00:00,74.12192813,72.36328887,1.133339146985657,73.29062043,0.8313076999999964
2013-07-29 18:00:00,75.04218319,72.53066409,1.2204081997438998,74.12192813,0.9202550600000023
2013-07-29 19:00:00,75.01049779,72.74631445541667,1.179947714964851,75.04218319,-0.03168540000000064
2013-07-29 20:00:00,74.14262591,72.85638597833334,1.1819334950375056,75.01049779,-0.8678718799999956
2013-07-29 21:00:00,73.92443272,73.00308652541666,1.078210912823008,74.14262591,-0.21819319000000803
2013-07-29 22:00:00,74.65910397,73.1745495375,0.9940704318041956,73.92443272,0.7346712500000052
2013-07-29 23:00:00,74.79811406,73.29707665333333,1.0058304945836047,74.65910397,0.1390100899999993
2013-07-30 00:00:00,74.46700925,73.43519130666667,0.9226535981361457,74.79811406,-0.33110480999999936
2013-07-30 01:00:00,73.29755441,73.45654091,0.9128343633011936,74.46700925,-1.1694548400000002
2013-07-30 02:00:00,73.68345172,73.46998869,0.9137380222995009,73.29755441,0.38589730999999006
2013-07-30 03:00:00,72.34692708,73.44841354875,0.9345273898282733,73.68345172,-1.3365246399999933
2013-07-30 04:00:00,73.24426001,73.470837475,0.9223178115295307,72.34692708,0.8973329300000046
2013-07-30 05:00:00,72.14957625,73.39960486625,0.9564102504120009,73.24426001,-1.0946837600000094
2013-07-30 06:00:00,72.41976913,73.35438359375,0.9766501544269935,72.14957625,0.2701928800000104
2013-07-30 07:00:00,71.31132501,73.31767200541667,1.036926710263661,72.41976913,-1.1084441200000015
2013-07-30 08:00:00,71.70322328,73.29947474083333,1.062021804880463,71.31132501,0.39189826999999866
2013-07-30 09:00:00,72.25103685,73.27821626125001,1.0782464998940975,71.70322328,0.5478135700000024
2013-07-30 10:00:00,71.97716389,73.24466519541667,1.1065031822514146,72.25103685,-0.2738729600000056
2013-07-30 11:00:00,71.39886276,73.22408027458333,1.136921545237039,71.97716389,-0.5783011299999998
2013-07-30 12:00:00,71.59695286,73.15547651,1.1843875148787708,71.39886276,0.1980901000000017
2013-07-30 13:00:00,72.63410157,73.12964403625,1.1888959156157475,71.59695286,1.0371487099999968
2013-07-30 14:00:00,73.23961797,73.15578595125,1.1839111164657685,72.63410157,0.6055163999999991
2013-07-30 15:00:00,72.52081721,73.13463147708335,1.19079981880176,73.23961797,-0.7188007599999935
2013-07-30 16:00:00,74.01598050000003,73.16485481333333,1.204062282442366,72.52081721,1.495163290000022
2013-07-30 17:00:00,73.67468353,73.14621962166667,1.1920063290980762,74.01598050000003,-0.34129697000003034
2013-07-30 18:00:00,75.75032693,73.17572561083334,1.2484080571980996,73.67468353,2.075643400000004
2013-07-30 19:00:00,74.3638755,73.14878301541667,1.2135809588427329,75.75032693,-1.386451429999994
2013-07-30 20:00:00,74.41574553,73.16016299958333,1.2245367060311323,74.3638755,0.05187002999998924
2013-07-30 21:00:00,74.22077381,73.172510545,1.2340354677829342,74.41574553,-0.19497171999999807
2013-07-30 22:00:00,75.24461638,73.19690689541666,1.2699671261822671,74.22077381,1.0238425699999993
2013-07-30 23:00:00,75.76683279,73.23727017583333,1.3367113048922827,75.24461638,0.5222164099999986
2013-07-31 00:00:00,75.2599283,73.27030846958333,1.3776006961482685,75.76683279,-0.5069044899999966
2013-07-31 01:00:00,75.00430133,73.34142292458334,1.4223929487695826,75.2599283,-0.25562696999999446
2013-07-31 02:00:00,72.99868724,73.31289107125001,1.422101714230494,75.00430133,-2.005614090000009
2013-07-31 03:00:00,74.22813959,73.39127492583334,1.4183842966720772,72.99868724,1.2294523500000025
2013-07-31 04:00:00,73.86242657,73.41703186583334,1.4212084678247279,74.22813959,-0.36571302000000117
2013-07-31 05:00:00,73.64995716,73.47954773708334,1.3958040154901563,73.86242657,-0.21246940999999708
2013-07-31 06:00:00,72.4157443,73.47938003583333,1.3959371158736535,73.64995716,-1.2342128599999995
2013-07-31 07:00:00,72.33008672,73.52182844041667,1.3415743127974389,72.4157443,-0.08565758000000301
2013-07-31 08:00:00,72.6550647,73.56148849958333,1.2988640891949432,72.33008672,0.3249779799999999
2013-07-31 09:00:00,72.28311126,73.56282493333333,1.2974728645243219,72.6550647,-0.37195343999999864
2013-07-31 10:00:00,73.03449417,73.60688036166667,1.25866139209452,72.28311126,0.7513829100000038
2013-07-31 11:00:00,72.28032012,73.64360775166666,1.2030631595712926,73.03449417,-0.7541740500000031
2013-07-31 12:00:00,71.87820491,73.65532658708334,1.1834705267615202,72.28032012,-0.40211521000000516
2013-07-31 13:00:00,73.40155661,73.68730388041666,1.1648999723473423,71.87820491,1.5233517000000063
2013-07-31 14:00:00,74.44122979,73.73737103958334,1.1706303590044882,73.40155661,1.039673179999994
2013-07-31 15:00:00,73.87635966,73.79385197500001,1.1417261411428785,74.44122979,-0.5648701299999885
2013-07-31 16:00:00,73.90784081,73.78934615458333,1.141024567931785,73.87635966,0.03148114999999052
2013-07-31 17:00:00,75.16955484,73.85163245916667,1.1747945421563144,73.90784081,1.2617140300000074
2013-07-31 18:00:00,75.15953611,73.827016175,1.1389220526450496,75.16955484,-0.010018729999998754
2013-07-31 19:00:00,74.80214938,73.84527758666667,1.1513501053854815,75.15953611,-0.35738673000000176
2013-07-31 20:00:00,76.28002237,73.92295578833334,1.2501599430228545,74.80214938,1.4778729899999945
2013-07-31 21:00:00,74.85748264,73.94948532291667,1.2634399313972073,76.28002237,-1.422539729999997
2013-07-31 22:00:00,75.92805235,73.97796182166667,1.3010422535634376,74.85748264,1.070569710000001
2013-07-31 23:00:00,75.91643042,73.98419505625,1.310310624242746,75.92805235,-0.011621930000004
2013-08-01 00:00:00,74.39653829999997,73.94822047291667,1.2853774945776009,75.91643042,-1.5198921200000228
2013-08-01 01:00:00,75.10901277,73.95258344958333,1.2892897793600449,74.39653829999997,0.7124744700000321
2013-08-01 02:00:00,74.09065784,73.99808222458333,1.2733323337968445,75.10901277,-1.018354930000001
2013-08-01 03:00:00,74.99478559,74.03002580791666,1.2888760207788459,74.09065784,0.9041277500000007
2013-08-01 04:00:00,74.49008385,74.05617819458332,1.2916922047427803,74.99478559,-0.5047017400000016
2013-08-01 05:00:00,74.15968431,74.07741682583334,1.2889101120758024,74.49008385,-0.33039954000000193
2013-08-01 06:00:00,73.77074883,74.13387534791667,1.2417736525287957,74.15968431,-0.38893548000000067
2013-08-01 07:00:00,73.761944,74.19353606791667,1.184415015611505,73.77074883,-0.00880483000000254
2013-08-01 08:00:00,72.39267309,74.18260308416667,1.2003376330063789,73.761944,-1.3692709099999973
2013-08-01 09:00:00,72.65461782,74.19808252416667,1.176944441594246,72.39267309,0.2619447299999962
2013-08-01 10:00:00,71.85842391,74.14907959666667,1.2497302789871299,72.65461782,-0.7961939099999995
2013-08-01 11:00:00,72.90726702,74.17520238416667,1.2150407330493684,71.85842391,1.048843110000007
2013-08-01 12:00:00,72.74347127,74.21125514916666,1.1552886511226812,72.90726702,-0.16379575000000557
2013-08-01 13:00:00,73.80882616,74.22822471375001,1.145830610642388,72.74347127,1.0653548899999947
2013-08-01 14:00:00,74.02068569,74.21070204291667,1.145647175343967,73.80882616,0.21185952999999813
2013-08-01 15:00:00,74.93830342,74.25494969958334,1.1526585861016871,74.02068569,0.9176177300000035
2013-08-01 16:00:00,73.482711,74.2372359575,1.1614578387736354,74.93830342,-1.455592420000002
2013-08-01 17:00:00,74.16997946,74.19558698333334,1.1443683050967672,73.482711,0.6872684599999985
2013-08-01 18:00:00,74.01751843,74.14800291333333,1.1261415744071568,74.16997946,-0.15246102999999778
2013-08-01 19:00:00,74.49814040000003,74.1353358725,1.1201575823641694,74.01751843,0.4806219700000298
2013-08-01 20:00:00,76.3120219,74.13666918624999,1.1228372145535042,74.49814040000003,1.8138814999999795
2013-08-01 21:00:00,75.08484325,74.14614254499999,1.130118627677054,76.3120219,-1.227178649999999
2013-08-01 22:00:00,74.65943066,74.09328330791666,1.071286718238063,75.08484325,-0.42541259000000764
2013-08-01 23:00:00,75.82212698,74.08935399791666,1.064460158223516,74.65943066,1.162696319999995
2013-08-02 00:00:00,74.8569766,74.10853892708333,1.0743407208275932,75.82212698,-0.9651503799999972
2013-08-02 01:00:00,73.98785798,74.06182414416666,1.0531118508630688,74.8569766,-0.8691186199999947
2013-08-02 02:00:00,74.22412386,74.06738522833334,1.0536229983257785,73.98785798,0.2362658800000048
2013-08-02 03:00:00,74.51575386,74.04742557291667,1.0397364718503077,74.22412386,0.29162999999999784
2013-08-02 04:00:00,74.45778211,74.04607966708333,1.0391592980104896,74.51575386,-0.057971750000007205
2013-08-02 05:00:00,74.12643606,74.04469432333333,1.0390234158028653,74.45778211,-0.3313460499999934
2013-08-02 06:00:00,73.99954302,74.05422741458334,1.0374490776078853,74.12643606,-0.1268930399999988
2013-08-02 07:00:00,72.26824527,73.9919899675,1.0987394391665455,73.99954302,-1.7312977500000102
2013-08-02 08:00:00,73.7764128,74.04964578875,1.046217421917711,72.26824527,1.5081675300000086
2013-08-02 09:00:00,72.90101937,74.05991252,1.0330587852716082,73.7764128,-0.8753934300000026
2013-08-02 10:00:00,72.11776996,74.07071860541667,1.010131363516054,72.90101937,-0.7832494099999963
2013-08-02 11:00:00,72.92499217,74.07145715333334,1.0092498274802257,72.11776996,0.807222209999992
2013-08-02 12:00:00,72.05187563,74.04264066833333,1.0575339154979635,72.92499217,-0.873116539999998
2013-08-02 13:00:00,72.38437545,73.98328855541666,1.1099025367806152,72.05187563,0.33249981999999534
2013-08-02 14:00:00,74.07630529,73.98560603874999,1.1100420755096068,72.38437545,1.6919298400000002
2013-08-02 15:00:00,74.61920753,73.97231037666667,1.1000004817110898,74.07630529,0.5429022400000036
2013-08-02 16:00:00,75.08524938,74.03908280916667,1.1174883457088562,74.61920753,0.4660418499999963
2013-08-02 17:00:00,75.82866138,74.10819455583332,1.1757101052706824,75.08524938,0.7434120000000064
2013-08-02 18:00:00,75.42713311,74.16692850083334,1.2058075465881193,75.82866138,-0.40152827
2013-08-02 19:00:00,76.56950166,74.25323522000001,1.300923357279326,75.42713311,1.1423685500000005
2013-08-02 20:00:00,76.17963379,74.24771904875,1.2920646597783845,76.56950166,-0.38986787000000334
2013-08-02 21:00:00,74.94074803,74.24171508125,1.28833498974832,76.17963379,-1.2388857600000023
2013-08-02 22:00:00,74.76418837,74.24607998583333,1.2899881500794423,74.94074803,-0.17655965999999523
2013-08-02 23:00:00,74.12540695,74.17538331791667,1.2455884279116491,74.76418837,-0.6387814200000008
2013-08-03 00:00:00,74.84051371,74.17469736416666,1.2452012230210405,74.12540695,0.7151067599999976
2013-08-03 01:00:00,73.79928772,74.16684027,1.2470250129088771,74.84051371,-1.041225990000001
2013-08-03 02:00:00,74.780247,74.1900120675,1.2532868410843585,73.79928772,0.9809592800000075
2013-08-03 03:00:00,72.82864301,74.11971578208333,1.281224994806782,74.780247,-1.9516039900000095
2013-08-03 04:00:00,72.48177255,74.03738205041667,1.3214162224324848,72.82864301,-0.346870459999991
2013-08-03 05:00:00,73.27429509999997,74.00187617708333,1.3303375548294905,72.48177255,0.7925225499999726
2013-08-03 06:00:00,73.26715622,73.97136006041667,1.3387666711639086,73.27429509999997,-0.007138879999970982
2013-08-03 07:00:00,72.74611472,73.9912712875,1.3156899955930785,73.26715622,-0.5210415000000097
2013-08-03 08:00:00,71.30564248,73.88832252416667,1.4253298467476605,72.74611472,-1.4404722399999912
2013-08-03 09:00:00,70.79796992,73.80069546374999,1.5480313812025455,71.30564248,-0.5076725600000032
2013-08-03 10:00:00,70.8324548,73.74714066541667,1.6289047561755274,70.79796992,0.03448487999999372
2013-08-03 11:00:00,71.36899796,73.68230757333332,1.6927641515119465,70.8324548,0.5365431600000079
2013-08-03 12:00:00,71.30600481,73.6512296225,1.7304270299216908,71.36899796,-0.06299314999999694
2013-08-03 13:00:00,69.95127986,73.54985063958333,1.8732525913119835,71.30600481,-1.354724950000005
2013-08-03 14:00:00,71.11183674,73.42633111666667,1.9337878886913011,69.95127986,1.1605568800000015
2013-08-03 15:00:00,71.24355108,73.28567876458332,1.96575131444748,71.11183674,0.13171434000000204
2013-08-03 16:00:00,71.16602046,73.12237755958333,1.9725351313210955,71.24355108,-0.07753062000000455
2013-08-03 17:00:00,69.5362003,72.86019168125,2.0149170034063757,71.16602046,-1.6298201599999942
2013-08-03 18:00:00,71.21599291,72.68472750625,1.9643870519160502,69.5362003,1.6797926099999927
2013-08-03 19:00:00,70.94704371,72.450458425,1.810160765808993,71.21599291,-0.26894919999999445
2013-08-03 20:00:00,71.14172451,72.24054553833334,1.6433290632568236,70.94704371,0.19468080000000043
2013-08-03 21:00:00,70.94719413,72.07414745916667,1.5579996107711533,71.14172451,-0.19453038000000333
2013-08-03 22:00:00,70.28093351,71.88734517333333,1.4886696426596495,70.94719413,-0.6662606200000027
2013-08-03 23:00:00,69.95038298,71.71338584125,1.4594188190394584,70.28093351,-0.33055052999999646
2013-08-04 00:00:00,70.06016939,71.51420482791666,1.334977898479491,69.95038298,0.10978640999999811
2013-08-04 01:00:00,68.72937535,71.30295847916666,1.3585876406352357,70.06016939,-1.3307940400000007
2013-08-04 02:00:00,68.31124754,71.033416835,1.2780355648151496,68.72937535,-0.41812781000000143
2013-08-04 03:00:00,67.59938455,70.81553106583333,1.3987258569503307,68.31124754,-0.7118629900000002
2013-08-04 04:00:00,69.23919313,70.68042359,1.387339750409061,67.59938455,1.6398085800000075
2013-08-04 05:00:00,68.70527934,70.49004793333333,1.3281494551963846,69.23919313,-0.5339137899999997
2013-08-04 06:00:00,67.30881248,70.24178361083334,1.3432641430586483,68.70527934,-1.3964668600000039
2013-08-04 07:00:00,67.29093890000001,70.01448461833333,1.3624801724913798,67.30881248,-0.017873579999985623
2013-08-04 08:00:00,67.01058194,69.8355237625,1.4638216218990243,67.29093890000001,-0.2803569600000202
2013-08-04 09:00:00,67.11700116,69.68215006416666,1.5489589039239984,67.01058194,0.10641922000000648
2013-08-04 10:00:00,67.17114622,69.52959554,1.609843158859768,67.11700116,0.05414505999999619
2013-08-04 11:00:00,64.8612751,69.25844042083334,1.8207964933099685,67.17114622,-2.309871119999997
2013-08-04 12:00:00,66.1031092,69.04165310375,1.8753268748833274,64.8612751,1.2418341000000055
2013-08-04 13:00:00,64.70015253,68.82285613166667,2.0616566370859184,66.1031092,-1.402956670000009
2013-08-04 14:00:00,65.97732586,68.60891817833333,2.08012321546773,64.70015253,1.2771733299999966
2013-08-04 15:00:00,64.83488246,68.34189031916667,2.1377533068330834,65.97732586,-1.1424433999999906
2013-08-04 16:00:00,65.16140029,68.09169781208334,2.144226286109548,64.83488246,0.32651783000000023
2013-08-04 17:00:00,65.86503497,67.93873259,2.167518374363731,65.16140029,0.7036346799999933
2013-08-04 18:00:00,67.73521012,67.79369997375,2.052075141960676,65.86503497,1.8701751500000086
2013-08-04 19:00:00,68.12101336,67.67594870916666,1.9413584846500715,67.73521012,0.3858032400000013
2013-08-04 20:00:00,68.68838431,67.57372620083333,1.8111575804894173,68.12101336,0.5673709499999973
2013-08-04 21:00:00,67.73402197,67.4398440275,1.6637037435349362,68.68838431,-0.954362340000003
2013-08-04 22:00:00,68.42818207,67.36264605083333,1.5662739965203742,67.73402197,0.6941601000000048
2013-08-04 23:00:00,68.16946111,67.28844097291666,1.478047213740274,68.42818207,-0.2587209600000051
2013-08-05 00:00:00,67.49229937,67.18144638875,1.3566370451462715,68.16946111,-0.6771617400000025
2013-08-05 01:00:00,66.98395449,67.10872051958334,1.3162307084996745,67.49229937,-0.5083448799999957
2013-08-05 02:00:00,68.04064964,67.09744560708333,1.3066057100772173,66.98395449,1.056695149999996
2013-08-05 03:00:00,66.62055167,67.05666090375,1.3055331876475944,68.04064964,-1.4200979700000005
2013-08-05 04:00:00,66.64744323,66.94867132458333,1.2216474798939163,66.62055167,0.026891559999995707
2013-08-05 05:00:00,66.08743294,66.83959439125,1.1739237842088854,66.64744323,-0.5600102899999939
2013-08-05 06:00:00,67.22510503,66.83610658083333,1.1725926876887012,66.08743294,1.1376720899999953
2013-08-05 07:00:00,66.43247979,66.80033745125,1.1712076426502738,67.22510503,-0.7926252399999925
2013-08-05 08:00:00,66.57052361,66.7820016875,1.171217718624521,66.43247979,0.13804381999999293
2013-08-05 09:00:00,68.05327519,66.82101310541667,1.1981445440813754,66.57052361,1.4827515799999986
2013-08-05 10:00:00,67.67038945,66.84181490666667,1.2087744392410773,68.05327519,-0.38288573999999187
2013-08-05 11:00:00,69.17031869,67.02135838958334,1.2217565950419953,67.67038945,1.4999292400000002
2013-08-05 12:00:00,68.89948983,67.13787424916667,1.2630230216436535,69.17031869,-0.27082886000000883
2013-08-05 13:00:00,70.00978672,67.35910900708333,1.2823372504417896,68.89948983,1.1102968900000008
2013-08-05 14:00:00,69.82913552,67.51960107625,1.3415510872899372,70.00978672,-0.1806511999999998
2013-08-05 15:00:00,70.9242198,67.77332346541667,1.386788246632057,69.82913552,1.095084280000009
2013-08-05 16:00:00,71.27814633,68.02818788375,1.4466735075183879,70.9242198,0.3539265299999954
2013-08-05 17:00:00,72.15965785,68.29046383708334,1.599928840757472,71.27814633,0.8815115200000037
2013-08-05 18:00:00,72.97618331,68.50883772,1.8577444413915492,72.15965785,0.816525459999994
2013-08-05 19:00:00,72.66683797,68.69824707875,2.0393463151259477,72.97618331,-0.30934533999999303
2013-08-05 20:00:00,73.69117746,68.90669679333332,2.2797968421404753,72.66683797,1.0243394900000027
2013-08-05 21:00:00,72.80151077,69.11784216,2.3980637718954267,73.69117746,-0.8896666900000127
2013-08-05 22:00:00,71.85931396,69.26080598875,2.4567195826805013,72.80151077,-0.9421968099999987
2013-08-05 23:00:00,72.23815016,69.43033469916666,2.5177597059106276,71.85931396,0.37883620000000917
2013-08-06 00:00:00,70.95862334,69.57476486458333,2.5011185674352268,72.23815016,-1.279526820000001
2013-08-06 01:00:00,72.4688891,69.80330380666666,2.5046808316352585,70.95862334,1.5102657599999958
2013-08-06 02:00:00,71.66219799,69.95420165458334,2.502962189380097,72.4688891,-0.8066911100000027
2013-08-06 03:00:00,71.86755979,70.17282699291665,2.4271242762372816,71.66219799,0.2053618000000057
2013-08-06 04:00:00,70.7802684,70.34502804166667,2.309907012635649,71.86755979,-1.0872913900000043
2013-08-06 05:00:00,70.99083764,70.54933657083332,2.1265257023864583,70.7802684,0.2105692399999981
2013-08-06 06:00:00,69.15653193,70.62981269166666,2.0295911093103354,70.99083764,-1.8343057099999953
2013-08-06 07:00:00,69.08522976,70.74034394041668,1.8558654703326896,69.15653193,-0.07130216999999561
2013-08-06 08:00:00,69.75214256,70.87291139666667,1.6469313237803727,69.08522976,0.6669127999999915
2013-08-06 09:00:00,69.46942493,70.93191763583333,1.5648401545628576,69.75214256,-0.2827176299999934
2013-08-06 10:00:00,68.77679875,70.97801802333333,1.478492677229221,69.46942493,-0.6926261800000049
2013-08-06 11:00:00,70.22714587,71.02205248916667,1.4374816295663717,68.77679875,1.4503471200000035
2013-08-06 12:00:00,71.01598435,71.11023976083334,1.3646825672604703,70.22714587,0.7888384799999955
2013-08-06 13:00:00,72.44743344,71.21180837416667,1.3699214093488485,71.01598435,1.431449090000001
2013-08-06 14:00:00,72.06658701,71.30503551958333,1.3476875272985636,72.44743344,-0.3808464299999912
2013-08-06 15:00:00,72.98693668,71.39098205625,1.3875299599992998,72.06658701,0.9203496699999931
2013-08-06 16:00:00,73.69835469,71.49182407125,1.4647701088317164,72.98693668,0.7114180100000027
2013-08-06 17:00:00,73.75209157,71.55817547625,1.5309109371887208,73.69835469,0.05373688000000243
2013-08-06 18:00:00,74.55800629,71.62408476708333,1.6257281005432238,73.75209157,0.8059147199999899
2013-08-06 19:00:00,72.35247916,71.61098648333333,1.6182104890380278,74.55800629,-2.205527129999993
2013-08-06 20:00:00,65.26017655,71.25969477875,2.0137761514352284,72.35247916,-7.092302610000004
2013-08-06 21:00:00,74.76223447,71.34139159958333,2.116212508552449,65.26017655,9.502057919999999
2013-08-06 22:00:00,73.49525372,71.40955575624999,2.1595243012755,74.76223447,-1.2669807500000019
2013-08-06 23:00:00,73.36538505,71.45652387666668,2.1903672038357302,73.49525372,-0.12986866999999336
2013-08-07 00:00:00,72.5976732,71.52481762083333,2.1997003273926112,73.36538505,-0.7677118499999978
2013-08-07 01:00:00,72.99425699999998,71.54670795,2.212082983078853,72.5976732,0.3965837999999735
2013-08-07 02:00:00,72.85282429,71.59631737916666,2.2280786371436325,72.99425699999998,-0.14143270999997526
2013-08-07 03:00:00,72.74890938,71.63304027875,2.2399749772308017,72.85282429,-0.1039149100000003
2013-08-07 04:00:00,72.12765994,71.68918159291667,2.2345508844412874,72.74890938,-0.6212494399999997
2013-08-07 05:00:00,71.09856805,71.69367036,2.2331948509430024,72.12765994,-1.0290918900000037
2013-08-07 06:00:00,71.23849804,71.78041894791667,2.169894461270254,71.09856805,0.13992998999999884
2013-08-07 07:00:00,70.27255592,71.82989087124999,2.1187058419019427,71.23849804,-0.965942119999994
2013-08-07 08:00:00,70.88395870000002,71.87704987708334,2.082738649903803,70.27255592,0.6114027800000201
2013-08-07 09:00:00,71.39022061,71.95708303041667,2.022224604153031,70.88395870000002,0.5062619099999779
2013-08-07 10:00:00,70.52089931,72.02975388708333,1.9323076352256399,71.39022061,-0.8693212999999957
2013-08-07 11:00:00,71.25419744,72.07254770249999,1.9017821735383476,70.52089931,0.7332981299999943
2013-08-07 12:00:00,72.68993228,72.14229553291666,1.8920189168655215,71.25419744,1.435734839999995
2013-08-07 13:00:00,72.61074543,72.14910019916667,1.8934571930158794,72.68993228,-0.07918684999999925
2013-08-07 14:00:00,72.43902889,72.16461861083333,1.8942775813989876,72.61074543,-0.17171653999999137
2013-08-07 15:00:00,73.58512146,72.18954297666666,1.9094425061111013,72.43902889,1.1460925699999933
2013-08-07 16:00:00,73.89459624,72.19771970791668,1.9165913465838906,73.58512146,0.30947478000000217
2013-08-07 17:00:00,72.95170937,72.16437044958333,1.895213092728563,73.89459624,-0.9428868699999953
2013-08-07 18:00:00,74.07563886,72.14427180666667,1.871129754138831,72.95170937,1.1239294899999948
2013-08-07 19:00:00,73.6806514,72.19961231666666,1.8970173503210992,74.07563886,-0.39498745999999585
2013-08-07 20:00:00,72.89217355,72.51761219166666,1.191754629707404,73.6806514,-0.7884778500000067
2013-08-07 21:00:00,73.32218412,72.45761009375,1.1070725205858218,72.89217355,0.4300105700000074
2013-08-07 22:00:00,73.24266369,72.44708550916666,1.0979420762219254,73.32218412,-0.0795204300000023
2013-08-07 23:00:00,72.14171440000001,72.39609923208333,1.0817367983295263,73.24266369,-1.1009492899999884
2013-08-08 00:00:00,72.30380183,72.38385459166666,1.0810188816357695,72.14171440000001,0.1620874299999855
2013-08-08 01:00:00,72.89276841,72.37962590041666,1.0787233784694221,72.30380183,0.5889665800000046
2013-08-08 02:00:00,71.56299973,72.32588321041666,1.0862271736075972,72.89276841,-1.3297686800000008
2013-08-08 03:00:00,72.39705979,72.31122281083333,1.0826379735640845,71.56299973,0.8340600599999988
2013-08-08 04:00:00,72.00657008,72.3061774,1.0838121446448412,72.39705979,-0.3904897099999971
2013-08-08 05:00:00,71.32736169,72.31571046833334,1.0736872740956338,72.00657008,-0.6792083899999994
2013-08-08 06:00:00,70.82135373,72.29832945541666,1.0950474556675045,71.32736169,-0.5060079600000051
2013-08-08 07:00:00,70.1336473,72.29254159625,1.1065271137058834,70.82135373,-0.6877064299999915
2013-08-08 08:00:00,70.0467162,72.25765649208334,1.1645426508595427,70.1336473,-0.08693110000000104
2013-08-08 09:00:00,70.06918582,72.20261337583334,1.2363325054362264,70.0467162,0.022469619999995416
2013-08-08 10:00:00,70.79634920000002,72.21409045458334,1.2212283702840083,70.06918582,0.7271633800000217
2013-08-08 11:00:00,70.91540196,72.19997397625,1.2346903405546257,70.79634920000002,0.119052759999974
2013-08-08 12:00:00,71.67451047,72.15766473416667,1.2345686886725546,70.91540196,0.7591085100000043
2013-08-08 13:00:00,72.18760774,72.14003399708334,1.2308327106946115,71.67451047,0.5130972700000029
2013-08-08 14:00:00,72.1207947,72.12677423916666,1.229184657576724,72.18760774,-0.06681303999999955
2013-08-08 15:00:00,72.51156743,72.08204282125,1.1928017949154943,72.1207947,0.3907727299999948
2013-08-08 16:00:00,72.23695024,72.01297423791667,1.129601814350034,72.51156743,-0.27461719000000073
2013-08-08 17:00:00,71.87503532,71.96811281916668,1.1119412779314592,72.23695024,-0.3619149200000038
2013-08-08 18:00:00,72.49582348,71.90228717833334,1.0251262593931478,71.87503532,0.6207881600000036
2013-08-08 19:00:00,72.35768598,71.84716361916666,0.9587630322925884,72.49582348,-0.13813749999999914
2013-08-08 20:00:00,73.93378927,71.89056427416666,1.029118760729389,72.35768598,1.576103290000006
2013-08-08 21:00:00,73.98233814,71.91807069166667,1.0767662698111728,73.93378927,0.04854886999999053
2013-08-08 22:00:00,73.59560241,71.93277647166667,1.0978469959738288,73.98233814,-0.38673572999999806
2013-08-08 23:00:00,71.98821679,71.92638073791667,1.097023670075523,73.59560241,-1.6073856200000023
2013-08-09 00:00:00,72.32396967,71.92722106458334,1.0973330274654514,71.98821679,0.33575288000000114
2013-08-09 01:00:00,71.6259057,71.87443511833334,1.0791875266910145,72.32396967,-0.6980639699999927
2013-08-09 02:00:00,71.72859842,71.88133506375,1.077638021587998,71.6259057,0.10269271999999319
2013-08-09 03:00:00,70.70127666,71.81067743333334,1.0977592009157047,71.72859842,-1.0273217599999924
2013-08-09 04:00:00,71.00161546,71.76880432416667,1.109070465214433,70.70127666,0.3003387999999916
2013-08-09 05:00:00,70.81636614,71.74751284291666,1.1227343344028073,71.00161546,-0.18524931999999694
2013-08-09 06:00:00,70.72324263,71.74342488041667,1.1264257161484221,70.81636614,-0.09312350999999808
2013-08-09 07:00:00,70.3860912,71.75394337625,1.1118241590225428,70.72324263,-0.3371514300000058
2013-08-09 08:00:00,68.77908287,71.70112532083333,1.221185001231069,70.3860912,-1.6070083299999993
2013-08-09 09:00:00,70.22778904,71.70773378833333,1.2123670649519476,68.77908287,1.4487061700000083
2013-08-09 10:00:00,69.87258414,71.6692435775,1.256423082926654,70.22778904,-0.35520490000000393
2013-08-09 11:00:00,70.44715736,71.64973338583333,1.2721747581787826,69.87258414,0.5745732200000049
2013-08-09 12:00:00,71.08361107,71.62511257749999,1.2773816682148234,70.44715736,0.6364537099999978
2013-08-09 13:00:00,71.23292042,71.58533393916666,1.273963824884746,71.08361107,0.1493093499999958
2013-08-09 14:00:00,72.16067996,71.586995825,1.2747184950307968,71.23292042,0.9277595399999967
2013-08-09 15:00:00,71.86722192,71.56014809541666,1.2611116792550139,72.16067996,-0.2934580399999902
2013-08-09 16:00:00,72.16014273,71.5569477825,1.2594158059830423,71.86722192,0.29292080999999826
2013-08-09 17:00:00,72.99568483,71.60364151208333,1.292072909327871,72.16014273,0.8355420999999978
2013-08-09 18:00:00,73.27572883,71.63613756833334,1.3248781528252795,72.99568483,0.28004400000000373
2013-08-09 19:00:00,73.49417662,71.68349134500001,1.3712864261638025,73.27572883,0.21844778999999903
2013-08-09 20:00:00,74.21107376,71.69504486541668,1.3920806626539544,73.49417662,0.7168971400000004
2013-08-09 21:00:00,72.54083404,71.63498219458334,1.3182416707630489,74.21107376,-1.670239720000012
2013-08-09 22:00:00,73.21324868,71.61905078916666,1.2956332578911787,72.54083404,0.6724146400000137
2013-08-09 23:00:00,72.58771726,71.64402997541667,1.3087724676462509,73.21324868,-0.6255314200000015
2013-08-10 00:00:00,73.50120424,71.69308141583333,1.3565524840722172,72.58771726,0.9134869800000018
2013-08-10 01:00:00,72.09154651,71.71248311625,1.3588778042441738,73.50120424,-1.4096577300000064
2013-08-10 02:00:00,71.09042019,71.68589235666667,1.3647799207081324,72.09154651,-1.0011263199999973
2013-08-10 03:00:00,71.23416619,71.70809608708333,1.3523427925886575,71.09042019,0.14374599999999305
2013-08-10 04:00:00,70.63012271,71.6926172225,1.3628658280099182,71.23416619,-0.6040434800000014
2013-08-10 05:00:00,69.77541726,71.64924435249999,1.407788365622589,70.63012271,-0.8547054499999973
2013-08-10 06:00:00,69.28687677,71.589395775,1.4776641797412189,69.77541726,-0.4885404899999912
2013-08-10 07:00:00,70.44057715,71.59166602291667,1.475775720594208,69.28687677,1.1537003799999894
2013-08-10 08:00:00,69.28731334,71.6128422925,1.4367940815238407,70.44057715,-1.1532638099999986
2013-08-10 09:00:00,69.93728934,71.60073813833334,1.450131407589176,69.28731334,0.6499760000000094
2013-08-10 10:00:00,69.3391448,71.57851149916667,1.481519444848426,69.93728934,-0.5981445400000069
2013-08-10 11:00:00,69.13334157,71.52376917458334,1.547925250548143,69.3391448,-0.20580323000000078
2013-08-10 12:00:00,68.65929831,71.42275614291667,1.653405397103923,69.13334157,-0.47404326000000196
2013-08-10 13:00:00,68.18197506,71.29563341958334,1.780998941822251,68.65929831,-0.47732324999999776
2013-08-10 14:00:00,67.84812498,71.11594362875,1.903282098049182,68.18197506,-0.3338500800000048
2013-08-10 15:00:00,69.37597782,71.01214179124999,1.9282969435638622,67.84812498,1.5278528400000084
2013-08-10 16:00:00,69.10036669,70.88465112291667,1.9501221182377986,69.37597782,-0.2756111300000015
2013-08-10 17:00:00,68.8546449,70.7121077925,1.9383813000481267,69.10036669,-0.2457217900000046
2013-08-10 18:00:00,67.85837277,70.48638462333334,1.9422894990529034,68.8546449,-0.9962721299999941
2013-08-10 19:00:00,68.46916703,70.27700922375,1.873586147400827,67.85837277,0.6107942599999916
2013-08-10 20:00:00,68.17855534,70.02565428958333,1.7213217601645752,68.46916703,-0.29061168999999154
2013-08-10 21:00:00,69.21501077,69.88707832,1.642081822896499,68.17855534,1.0364554300000037
2013-08-10 22:00:00,68.96464737,69.71005326541668,1.4898688754087932,69.21501077,-0.2503634000000119
2013-08-10 23:00:00,67.87377682,69.51363908041667,1.4021472580448568,68.96464737,-1.0908705499999911
2013-08-11 00:00:00,67.72178625,69.2728299975,1.1635162931645864,67.87377682,-0.15199057000000948
2013-08-11 01:00:00,68.58499733,69.12672378166666,1.0033061900294893,67.72178625,0.8632110799999992
2013-08-11 02:00:00,68.44962111,69.01669048666666,0.9199273310514622,68.58499733,-0.13537621999999772
2013-08-11 03:00:00,67.14273776,68.84621430208333,0.8688106310458665,68.44962111,-1.3068833499999926
2013-08-11 04:00:00,67.07599947,68.69812583375,0.8543021730764878,67.14273776,-0.06673829000000353
2013-08-11 05:00:00,68.29349922,68.63637924875,0.8261435597031538,67.07599947,1.2174997500000018
2013-08-11 06:00:00,66.78969926,68.53233018583333,0.8950359270015781,68.29349922,-1.503799959999995
2013-08-11 07:00:00,65.82622549,68.34006553333334,0.9605133042212737,66.78969926,-0.9634737700000073
2013-08-11 08:00:00,66.59954318,68.22807511,1.0010995848404325,65.82622549,0.773317689999999
2013-08-11 09:00:00,65.01332031,68.02290973375,1.131632447109278,66.59954318,-1.5862228700000003
2013-08-11 10:00:00,65.90620917,67.87987074916667,1.1741883189705942,65.01332031,0.8928888599999993
2013-08-11 11:00:00,65.84496837,67.74285519916667,1.2127869292920064,65.90620917,-0.0612407999999931
2013-08-11 12:00:00,64.92189809,67.58713019,1.3247727200913695,65.84496837,-0.9230702800000046
2013-08-11 13:00:00,65.58278655,67.47883066874999,1.3791551543424085,64.92189809,0.6608884599999953
2013-08-11 14:00:00,65.55748205,67.38338721333334,1.430782105434379,65.58278655,-0.02530449999999007
2013-08-11 15:00:00,65.59894884,67.22601100583334,1.409649192410724,65.55748205,0.0414667900000012
2013-08-11 16:00:00,64.94337424,67.05280298708333,1.4246394875473314,65.59894884,-0.6555746000000084
2013-08-11 17:00:00,64.74950254,66.88175538875,1.4451888747769226,64.94337424,-0.19387170000000253
2013-08-11 18:00:00,64.84844096,66.75634156333334,1.4867564538602103,64.74950254,0.0989384200000103
2013-08-11 19:00:00,65.83625843,66.64663703833332,1.4515983578356417,64.84844096,0.987817469999996
2013-08-11 20:00:00,66.03749482,66.55742618333333,1.4187784694927894,65.83625843,0.20123639000000537
2013-08-11 21:00:00,65.38311565,66.39776388666667,1.3187920059558382,66.03749482,-0.6543791700000128
2013-08-11 22:00:00,65.99967447,66.27422334916666,1.2015420198426423,65.38311565,0.6165588200000087
2013-08-11 23:00:00,64.36458794,66.12800714583334,1.2119013089458723,65.99967447,-1.6350865299999953
2013-08-12 00:00:00,65.07952767,66.01791303833333,1.1804289986305982,64.36458794,0.7149397299999976
2013-08-12 01:00:00,65.29604166,65.88087321875001,1.0535436870759793,65.07952767,0.21651398999999572
2013-08-12 02:00:00,65.20610988,65.7457269175,0.9076352504797406,65.29604166,-0.08993178000000057
2013-08-12 03:00:00,63.96596281,65.61336129458334,0.9264909345427789,65.20610988,-1.240147069999999
2013-08-12 04:00:00,64.72425165,65.51537180208332,0.8886634894898959,63.96596281,0.7582888399999987
2013-08-12 05:00:00,65.40331196,65.39494733291667,0.663001755363738,64.72425165,0.679060309999997
2013-08-12 06:00:00,65.42865101,65.33823698916667,0.5930304640896433,65.40331196,0.025339049999999474
2013-08-12 07:00:00,64.09801612,65.26622826541666,0.634662762111308,65.42865101,-1.330634889999999
2013-08-12 08:00:00,63.80900879,65.14995599916666,0.6353918707844823,64.09801612,-0.2890073299999969
2013-08-12 09:00:00,64.54585931,65.1304784575,0.6468244699990663,63.80900879,0.7368505199999973
2013-08-12 10:00:00,66.95784817,65.17429674916667,0.731711052740993,64.54585931,2.411988860000008
2013-08-12 11:00:00,66.61279611,65.20628957166666,0.7776536476089013,66.95784817,-0.34505206000000044
2013-08-12 12:00:00,67.94979306,65.33245186208333,0.9549201243810663,66.61279611,1.3369969499999996
2013-08-12 13:00:00,66.39778915,65.36641030375,0.978411891427696,67.94979306,-1.5520039100000105
2013-08-12 14:00:00,66.77796074,65.4172635825,1.0196241198392924,66.39778915,0.38017159000000333
2013-08-12 15:00:00,67.1940435,65.48372586,1.0820570319884855,66.77796074,0.416082760000009
2013-08-12 16:00:00,68.38187061,65.62699654208333,1.2255277136523037,67.1940435,1.1878271100000006
2013-08-12 17:00:00,67.12861534,65.72612624208334,1.247486875801321,68.38187061,-1.253255270000011
2013-08-12 18:00:00,67.17067346,65.82288592958334,1.2663680923296208,67.12861534,0.04205812000000719
2013-08-12 19:00:00,68.43923628,65.93134334,1.3744188564246191,67.17067346,1.2685628199999996
2013-08-12 20:00:00,66.57086417,65.95356706291666,1.3805085820757264,68.43923628,-1.86837211000001
2013-08-12 21:00:00,67.78803691,66.05377211541666,1.4239011061698759,66.57086417,1.2171727400000094
2013-08-12 22:00:00,67.2787936,66.10706874583333,1.4455621537238637,67.78803691,-0.5092433100000022
2013-08-12 23:00:00,67.87219243,66.25321893291667,1.439032492543276,67.2787936,0.5933988299999982
2013-08-13 00:00:00,67.50915846,66.35445354916668,1.438335451139095,67.87219243,-0.3630339700000036
2013-08-13 01:00:00,67.66070149,66.45298104208332,1.44366182902205,67.50915846,0.15154302999999913
2013-08-13 02:00:00,65.93597991,66.48339229333332,1.4238049783424,67.66070149,-1.7247215799999935
2013-08-13 03:00:00,65.72336823,66.55661751916666,1.330863942032282,65.93597991,-0.21261167999999486
2013-08-13 04:00:00,65.72245666,66.59820939458334,1.285949413818472,65.72336823,-0.0009115699999995286
2013-08-13 05:00:00,66.11658266,66.62792900708332,1.26520838438612,65.72245666,0.394126
2013-08-13 06:00:00,65.32184413,66.62347872041666,1.2697897216674878,66.11658266,-0.7947385300000036
2013-08-13 07:00:00,65.71791971,66.69097470333334,1.1687443159036133,65.32184413,0.39607558000000154
2013-08-13 08:00:00,65.47364884,66.76033470541667,1.0316270526317814,65.71791971,-0.24427087000000824
2013-08-13 09:00:00,66.64929047,66.84797767041667,0.9184563903726752,65.47364884,1.1756416300000012
2013-08-13 10:00:00,66.55123544,66.83103547333333,0.9200903725698827,66.64929047,-0.0980550299999976
2013-08-13 11:00:00,67.79521779999999,66.88030304375,0.9393519702080654,66.55123544,1.2439823599999897
2013-08-13 12:00:00,68.14077842,66.88826076708334,0.9495595848944995,67.79521779999999,0.34556062000001475
2013-08-13 13:00:00,69.79685244,67.02988840416667,1.1126974691698597,68.14077842,1.6560740199999913
2013-08-13 14:00:00,70.34622184,67.17856595,1.3001718906099835,69.79685244,0.5493694000000033
2013-08-13 15:00:00,69.32175382,67.26722054666666,1.3718388663358498,70.34622184,-1.0244680200000005
2013-08-13 16:00:00,69.89015017,67.33006552833334,1.4570248181070216,69.32175382,0.5683963500000004
2013-08-13 17:00:00,71.58845383,67.51589213208332,1.6951557897221554,69.89015017,1.6983036600000077
2013-08-13 18:00:00,71.86175982,67.71135406375,1.9104083755396637,71.58845383,0.2733059899999972
2013-08-13 19:00:00,72.7410679,67.89059704791667,2.166336512134052,71.86175982,0.8793080800000013
2013-08-13 20:00:00,71.90458946,68.11283560166667,2.294837307373227,72.7410679,-0.8364784400000076
2013-08-13 21:00:00,71.28351048,68.25848033375,2.382572484691013,71.90458946,-0.621078979999993
2013-08-13 22:00:00,70.09728390000001,68.37591742958334,2.401570183587825,71.28351048,-1.186226579999996
2013-08-13 23:00:00,69.27726512,68.434462125,2.4058789788963693,70.09728390000001,-0.8200187800000123
2013-08-14 00:00:00,68.92546699,68.49347498041666,2.399557501776922,69.27726512,-0.3517981299999917
2013-08-14 01:00:00,68.55186335,68.53060672458334,2.392996664370618,68.92546699,-0.3736036399999989
2013-08-14 02:00:00,67.65673848,68.60230499833334,2.3370005097929845,68.55186335,-0.8951248700000036
2013-08-14 03:00:00,68.32131351,68.71055271833335,2.256638510580269,67.65673848,0.6645750299999946
2013-08-14 04:00:00,68.12150858,68.810513215,2.1699934278863164,68.32131351,-0.1998049299999991
2013-08-14 05:00:00,66.5554972,68.82880132083334,2.1480410939493733,68.12150858,-1.566011379999992
2013-08-14 06:00:00,66.38718242,68.87319041625001,2.0824245606185885,66.5554972,-0.16831478000000288
2013-08-14 07:00:00,66.99569939,68.92643123625,2.013438832611253,66.38718242,0.6085169699999966
2013-08-14 08:00:00,65.87173899,68.94301832583334,1.985199165759116,66.99569939,-1.1239604000000014
2013-08-14 09:00:00,67.22433388,68.96697846791666,1.9596170029938718,65.87173899,1.352594890000006
2013-08-14 10:00:00,68.40446699,69.04419644916668,1.895759276023859,67.22433388,1.1801331099999999
2013-08-14 11:00:00,68.74846629999999,69.08391513666668,1.8783598445159781,68.40446699,0.34399930999998674
2013-08-14 12:00:00,69.32469028,69.1332447975,1.8680318061146128,68.74846629999999,0.5762239800000089
2013-08-14 13:00:00,71.15467576,69.18982076916667,1.909113986602758,69.32469028,1.8299854800000048
2013-08-14 14:00:00,71.05227306,69.21923957,1.9329990984630794,71.15467576,-0.10240269999999896
2013-08-14 15:00:00,70.83181931,69.28215896541667,1.9608567191064572,71.05227306,-0.22045375000000433
2013-08-14 16:00:00,70.91625104,69.32491316833334,1.9857184895545221,70.83181931,0.0844317300000057
2013-08-14 17:00:00,72.39488293,69.35851438083334,2.0319704847375397,70.91625104,1.4786318899999884
2013-08-14 18:00:00,71.98328520000003,69.36357793833334,2.038620184928103,72.39488293,-0.41159772999996846
2013-08-14 19:00:00,72.37378341,69.34827441791667,2.0133860699989756,71.98328520000003,0.39049820999997564
2013-08-14 20:00:00,71.80748327,69.34422832666667,2.008116231925204,72.37378341,-0.5663001399999956
2013-08-14 21:00:00,72.54903002,69.3969583075,2.076696961664181,71.80748327,0.7415467499999977
2013-08-14 22:00:00,71.18557043,69.44230357958334,2.1043510304366624,72.54903002,-1.363459590000005
2013-08-14 23:00:00,70.6560059,69.49975111208333,2.1184220474680555,71.18557043,-0.5295645300000018
2013-08-15 00:00:00,71.42334777,69.60382947791668,2.150104363871601,70.6560059,0.7673418700000099
2013-08-15 01:00:00,69.34699767,69.63696007458333,2.139288874188713,71.42334777,-2.0763501000000133
2013-08-15 02:00:00,70.73289851,69.76513340916667,2.107402380100729,69.34699767,1.385900840000005
2013-08-15 03:00:00,68.5593425,69.77505128375,2.1008619895670595,70.73289851,-2.1735560099999987
2013-08-15 04:00:00,69.75429868,69.84308420458333,2.071215028826053,68.5593425,1.1949561800000055
2013-08-15 05:00:00,69.42528082,69.96265852208333,1.9526081547435425,69.75429868,-0.32901786000000754
2013-08-15 06:00:00,68.78050479,70.0623802875,1.8185804269682242,69.42528082,-0.6447760300000027
2013-08-15 07:00:00,67.57592345,70.08655629,1.7794760840401296,68.78050479,-1.20458133999999
2013-08-15 08:00:00,67.31292692,70.14660578708335,1.650719217081588,67.57592345,-0.26299653000000944
2013-08-15 09:00:00,68.61465054,70.20453564791667,1.5659248330464521,67.31292692,1.3017236200000042
2013-08-15 10:00:00,68.93048832,70.22645320333334,1.5431502747723975,68.61465054,0.3158377799999954
2013-08-15 11:00:00,70.42238762,70.296199925,1.5109367697040375,68.93048832,1.4918993
2013-08-15 12:00:00,70.84558646,70.35957059916667,1.500275374219412,70.42238762,0.42319884000001196
2013-08-15 13:00:00,71.06424324,70.3558025775,1.4983038689814794,70.84558646,0.21865677999998923
2013-08-15 14:00:00,72.69610401,70.42429553375,1.5675012231898555,71.06424324,1.631860770000003
2013-08-15 15:00:00,72.32617126,70.48656019833334,1.613400301753931,72.69610401,-0.3699327500000038
2013-08-15 16:00:00,72.22167626,70.54095291583333,1.6501038198948343,72.32617126,-0.104495
2013-08-15 17:00:00,73.21437055,70.57509823333334,1.6979207727483494,72.22167626,0.9926942900000029
2013-08-15 18:00:00,73.15708957,70.62400674875,1.7561541920344448,73.21437055,-0.05728098000000159
2013-08-15 19:00:00,73.49412607,70.67068769291666,1.8184722620854001,73.15708957,0.3370364999999964
2013-08-15 20:00:00,72.3006671,70.69123701916666,1.8345920711299637,73.49412607,-1.1934589699999947
2013-08-15 21:00:00,73.86668101,70.74613914375,1.910741415599227,72.3006671,1.5660139099999952
2013-08-15 22:00:00,72.6701852,70.8079980925,1.9492302837591413,73.86668101,-1.1964958099999876
2013-08-15 23:00:00,72.7624445,70.8957663675,1.9891045694716538,72.6701852,0.09225929999999494
2013-08-16 00:00:00,72.76328752,70.95159719041666,2.023071641262033,72.7624445,0.0008430200000049126
2013-08-16 01:00:00,71.3147316,71.03358610416667,1.9948916121983142,72.76328752,-1.448555920000004
2013-08-16 02:00:00,71.43288687,71.06275228583333,1.9954212871763322,71.3147316,0.11815527000000259
2013-08-16 03:00:00,70.82264418,71.1570565225,1.9241756339396276,71.43288687,-0.6102426900000069
2013-08-16 04:00:00,70.66687081,71.19508036124999,1.9041630135300602,70.82264418,-0.15577336999999147
2013-08-16 05:00:00,70.43909465,71.23732260416666,1.8742041116342132,70.66687081,-0.22777616000000478
2013-08-16 06:00:00,69.81296825,71.280341915,1.8266048320318526,70.43909465,-0.626126400000004
2013-08-16 07:00:00,69.69858982,71.36878634708333,1.6853672724475206,69.81296825,-0.11437843000000214
2013-08-16 08:00:00,68.34291749,71.41170262083334,1.5878934456721807,69.69858982,-1.3556723299999902
2013-08-16 09:00:00,69.78913221,71.46063935708334,1.514338537994925,68.34291749,1.4462147200000004
2013-08-16 10:00:00,69.04301127,71.46532781333333,1.5063174432192905,69.78913221,-0.7461209400000115
2013-08-16 11:00:00,71.2618595,71.50030580833334,1.4907123126445783,69.04301127,2.218848230000006
2013-08-16 12:00:00,71.53303086,71.528949325,1.4841753127638895,71.2618595,0.27117135999999675
2013-08-16 13:00:00,71.2414772,71.53633407333334,1.4822021792858615,71.53303086,-0.29155365999999105
2013-08-16 14:00:00,73.36763803,71.56431465749999,1.5111046041537073,71.2414772,2.1261608299999892
2013-08-16 15:00:00,73.57415941,71.61631416375,1.559169365632915,73.36763803,0.2065213799999981
2013-08-16 16:00:00,72.24425435,71.6172549175,1.5595572659970443,73.57415941,-1.3299050599999873
2013-08-16 17:00:00,74.26516471,71.6610380075,1.6199258548064421,72.24425435,2.020910359999988
2013-08-16 18:00:00,72.92651196,71.65143060708333,1.611328288440933,74.26516471,-1.3386527499999943
2013-08-16 19:00:00,74.39635211,71.68902335875,1.6657921989335551,72.92651196,1.469840149999996
2013-08-16 20:00:00,74.11889706,71.76478294041667,1.7347383432231045,74.39635211,-0.27745505000000037
2013-08-16 21:00:00,72.19232832,71.695018245,1.679315370316403,74.11889706,-1.9265687399999933
2013-08-16 22:00:00,73.73903840000001,71.739553795,1.7199819063425488,72.19232832,1.546710080000011
2013-08-16 23:00:00,72.2079627,71.71645038666666,1.709335740875884,73.73903840000001,-1.5310757000000166
2013-08-17 00:00:00,72.96446399,71.72483273958333,1.715175782144066,72.2079627,0.7565012900000028
2013-08-17 01:00:00,72.47851039,71.77332352250001,1.7195229074850187,72.96446399,-0.485953600000002
2013-08-17 02:00:00,71.26534459,71.76634259416667,1.7213042774273233,72.47851039,-1.2131657999999987
2013-08-17 03:00:00,70.53066333,71.75417672541667,1.7292775307543515,71.26534459,-0.7346812600000021
2013-08-17 04:00:00,71.25037104,71.778489235,1.717387013720165,70.53066333,0.7197077100000087
2013-08-17 05:00:00,70.43519581,71.77832678333333,1.7175193980364618,71.25037104,-0.8151752300000084
2013-08-17 06:00:00,70.42341332,71.80376199458333,1.6914710067017307,70.43519581,-0.011782490000001644
2013-08-17 07:00:00,70.79164337,71.8493058925,1.6464396123820708,70.42341332,0.3682300500000082
2013-08-17 08:00:00,68.95439433,71.87478409416667,1.5937068102430212,70.79164337,-1.8372490400000032
2013-08-17 09:00:00,70.34051981,71.8977585775,1.5660680117090227,68.95439433,1.386125480000004
2013-08-17 10:00:00,69.80542162,71.92952567541667,1.5124578267589377,70.34051981,-0.5350981899999994
2013-08-17 11:00:00,68.64316206,71.82041328208332,1.650847409975242,69.80542162,-1.1622595600000096
2013-08-17 12:00:00,69.38668045,71.730982015,1.7236254881495505,68.64316206,0.7435183900000055
2013-08-17 13:00:00,68.78927469999999,71.62880691083333,1.8236826556450434,69.38668045,-0.5974057500000072
2013-08-17 14:00:00,68.83952616,71.44013558291667,1.8696204267413006,68.78927469999999,0.05025146000001257
2013-08-17 15:00:00,67.63291116,71.1925835725,1.9656416651771902,68.83952616,-1.2066149999999993
2013-08-17 16:00:00,68.40694416,71.03269564791667,2.0313458864080296,67.63291116,0.7740329999999886
2013-08-17 17:00:00,69.14007715,70.81915033291666,1.9442795764156826,68.40694416,0.7331329900000014
2013-08-17 18:00:00,69.11590587,70.66037507916667,1.9201468395323091,69.14007715,-0.024171279999990247
2013-08-17 19:00:00,68.03579823,70.39535200083333,1.8183288440392835,69.11590587,-1.0801076400000085
2013-08-17 20:00:00,69.27272007,70.19342795958333,1.6479540683044682,68.03579823,1.236921840000008
2013-08-17 21:00:00,68.75322294,70.05013190208332,1.6157928147402978,69.27272007,-0.5194971300000049
2013-08-17 22:00:00,69.56566049,69.87624115583333,1.4134302594786499,68.75322294,0.8124375499999985
2013-08-17 23:00:00,68.17712131,69.70828943125001,1.3628957884086745,69.56566049,-1.388539179999995
2013-08-18 00:00:00,67.79477436,69.49288569666668,1.2277135005922577,68.17712131,-0.38234694999999874
2013-08-18 01:00:00,67.49347171,69.28517575166667,1.1173670425706321,67.79477436,-0.3013026500000109
2013-08-18 02:00:00,67.79427593,69.14054789083333,1.073705689874165,67.49347171,0.3008042200000034
2013-08-18 03:00:00,67.70107774,69.02264849125,1.069771548825656,67.79427593,-0.0931981899999954
2013-08-18 04:00:00,67.26294021,68.85650554,1.017088743690333,67.70107774,-0.4381375300000059
2013-08-18 05:00:00,66.86984441,68.70794923166666,1.0366690558963843,67.26294021,-0.39309579999999755
2013-08-18 06:00:00,66.14932783,68.52986233624999,1.0946564012524274,66.86984441,-0.7205165799999946
2013-08-18 07:00:00,66.42313039,68.34784096208334,1.0650122260882542,66.14932783,0.2738025599999929
2013-08-18 08:00:00,67.0524877,68.2685948525,1.0884190438178265,66.42313039,0.6293573100000032
2013-08-18 09:00:00,65.34818634,68.06058095791667,1.1505107838422832,67.0524877,-1.7043013600000023
2013-08-18 10:00:00,65.89940057,67.89783008083333,1.1690771136692955,65.34818634,0.5512142299999994
2013-08-18 11:00:00,66.64739688,67.81467319833334,1.1846326098475963,65.89940057,0.7479963100000049
2013-08-18 12:00:00,66.64122284,67.70027913125,1.1585010283044492,66.64739688,-0.006174040000004766
2013-08-18 13:00:00,64.79138473,67.5337003825,1.2765213996983518,66.64122284,-1.8498381099999932
2013-08-18 14:00:00,65.90167301,67.41128983458334,1.286676988941328,64.79138473,1.1102882799999918
2013-08-18 15:00:00,65.74127604,67.33247170458334,1.329728665007072,65.90167301,-0.16039696999999364
2013-08-18 16:00:00,65.45031794,67.20927894541667,1.3624127927843137,65.74127604,-0.29095809999999744
2013-08-18 17:00:00,66.16094532,67.08514845250001,1.3136920887581063,65.45031794,0.7106273799999911
2013-08-18 18:00:00,65.7044379,66.94300395375,1.2681819120979574,66.16094532,-0.4565074199999941
2013-08-18 19:00:00,64.77549911,66.80715815708334,1.3196103396558574,65.7044379,-0.9289387900000037
2013-08-18 20:00:00,66.10922106,66.67534569833333,1.2166003126748306,64.77549911,1.3337219499999975
2013-08-18 21:00:00,64.65138267,66.50443568708333,1.2000087376555788,66.10922106,-1.457838389999992
2013-08-18 22:00:00,64.63763005,66.29910108541667,1.0677577714558273,64.65138267,-0.013752620000005322
2013-08-18 23:00:00,64.86524307,66.16110615875,1.0277544029745465,64.63763005,0.22761302000000683
2013-08-19 00:00:00,64.67189696,66.03098626708334,1.009454079151565,64.86524307,-0.19334611000000734
2013-08-19 01:00:00,64.46795885,65.90492323125,1.0077898562823424,64.67189696,-0.20393810999999573
2013-08-19 02:00:00,65.91187512,65.82648986416667,0.9241325132380134,64.46795885,1.4439162700000026
2013-08-19 03:00:00,64.34806529,65.68678101208333,0.8808517306860681,65.91187512,-1.563809830000011
2013-08-19 04:00:00,63.99581812,65.550650925,0.8791304699633266,64.34806529,-0.35224716999999117
2013-08-19 05:00:00,65.39461929,65.48918321166667,0.8332600856950654,63.99581812,1.3988011699999916
2013-08-19 06:00:00,64.65292546,65.42683311291667,0.8376896227657673,65.39461929,-0.7416938299999885
2013-08-19 07:00:00,63.25807837,65.29495594541667,0.919194840708775,64.65292546,-1.394847090000006
2013-08-19 08:00:00,63.73827199,65.15686362416666,0.8922326635891816,63.25807837,0.48019362000000143
2013-08-19 09:00:00,64.48038308,65.120705155,0.9016762892827425,63.73827199,0.7421110899999945
2013-08-19 10:00:00,65.99746656,65.12479123791667,0.9055722742924864,64.48038308,1.5170834800000108
2013-08-19 11:00:00,66.25822123,65.10857558583334,0.8802527102549547,65.99746656,0.2607546699999972
2013-08-19 12:00:00,68.10328147,65.16949469541667,1.028963589946468,66.25822123,1.8450602399999951
2013-08-19 13:00:00,67.8042515,65.29503081083332,1.1566889078556346,68.10328147,-0.2990299699999923
2013-08-19 14:00:00,69.4870625,65.44442203958333,1.4362066804077902,67.8042515,1.6828109999999867
2013-08-19 15:00:00,70.03024494,65.62312907708333,1.7146053153889014,69.4870625,0.5431824400000096
2013-08-19 16:00:00,70.29600481,65.82503269666667,1.9609734064848474,70.03024494,0.26575986999999657
2013-08-19 17:00:00,71.04468694,66.02852193083334,2.2320077568135965,70.29600481,0.7486821300000059
2013-08-19 18:00:00,72.07494806,66.29395985416667,2.548196394536248,71.04468694,1.0302611199999916
2013-08-19 19:00:00,71.92135771,66.5917039625,2.770812611907753,72.07494806,-0.15359035000000176
2013-08-19 20:00:00,72.83067187,66.87176441291668,3.045950815037039,71.92135771,0.9093141600000081
2013-08-19 21:00:00,71.98101498,67.17716575916667,3.1782251209929337,72.83067187,-0.8496568900000057
2013-08-19 22:00:00,69.32089454,67.37230177958334,3.159238357757092,71.98101498,-2.66012044
2013-08-19 23:00:00,70.13159511,67.59173311458333,3.1604268745597786,69.32089454,0.8107005700000087
2013-08-20 00:00:00,70.00507257,67.813948765,3.133580420205624,70.13159511,-0.1265225400000105
2013-08-20 01:00:00,69.43663186,68.02097680708333,3.066319852130591,70.00507257,-0.5684407099999902
2013-08-20 02:00:00,68.94680541,68.14743223583334,3.0380082597319276,69.43663186,-0.4898264500000096
2013-08-20 03:00:00,67.39526388,68.27439884375,2.9342211903553026,68.94680541,-1.5515415299999944
2013-08-20 04:00:00,66.86451228,68.39392776708333,2.8080681665907865,67.39526388,-0.5307516000000021
2013-08-20 05:00:00,67.61515255,68.48644998625001,2.7407224363546066,66.86451228,0.7506402700000052
2013-08-20 06:00:00,67.50015115,68.60508439,2.626826189290831,67.61515255,-0.11500140000001124
2013-08-20 07:00:00,67.06492539999999,68.76370301625,2.394583957250881,67.50015115,-0.43522575000000074
2013-08-20 08:00:00,66.18109356,68.86548724833334,2.2170193213424567,67.06492539999999,-0.8838318399999991
2013-08-20 09:00:00,67.67862944,68.99874751333333,2.030231419346417,66.18109356,1.497535880000001
2013-08-20 10:00:00,67.28780716,69.052511705,1.96327772274948,67.67862944,-0.39082227999999475
2013-08-20 11:00:00,68.64887048,69.15212209041667,1.8739553619744729,67.28780716,1.3610633199999995
2013-08-20 12:00:00,68.03818943,69.14940992208334,1.8755857386985222,68.64887048,-0.6106810499999966
2013-08-20 13:00:00,69.43733797,69.21745519166667,1.854163709588737,68.03818943,1.3991485399999988
2013-08-20 14:00:00,69.42521625,69.21487826458333,1.8538156609305476,69.43733797,-0.012121719999996117
2013-08-20 15:00:00,70.34561943,69.22801886833334,1.8609506238916576,69.42521625,0.9204031799999939
2013-08-20 16:00:00,70.30816394,69.22852549875,1.8612556468686061,70.34561943,-0.03745548999999926
2013-08-20 17:00:00,70.8360583,69.21983263874999,1.8528729179991548,70.30816394,0.5278943600000048
2013-08-20 18:00:00,71.1470857,69.18117170708332,1.7996246399204185,70.8360583,0.3110274000000004
2013-08-20 19:00:00,71.57781772,69.16685754083333,1.7781194110402705,71.1470857,0.43073201999999355
2013-08-20 20:00:00,72.19406331,69.14033218416667,1.7250438151874192,71.57781772,0.6162455900000054
2013-08-20 21:00:00,72.28995087,69.15320451291667,1.7481604514776778,72.19406331,0.09588755999999421
2013-08-20 22:00:00,71.14766239,69.22931984,1.7949226872100768,72.28995087,-1.1422884800000048
2013-08-20 23:00:00,69.76492572,69.21404194875,1.7884577091569227,71.14766239,-1.38273667
2013-08-21 00:00:00,69.91788048,69.210408945,1.7868688298409168,69.76492572,0.15295476000000008
2013-08-21 01:00:00,69.25384854,69.20279297333333,1.7862521252595565,69.91788048,-0.6640319399999868
2013-08-21 02:00:00,67.70300258,69.15096785541667,1.8118619348002003,69.25384854,-1.5508459600000037
2013-08-21 03:00:00,67.34860655,69.1490238,1.8138515776179818,67.70300258,-0.35439603000000375
2013-08-21 04:00:00,67.03007179,69.15592211291667,1.805079140789299,67.34860655,-0.3185347600000057
2013-08-21 05:00:00,67.02774425,69.13144676708333,1.8306798375217699,67.03007179,-0.00232753999999602
2013-08-21 06:00:00,66.79530391,69.10207813208332,1.8633499170762402,67.02774425,-0.23244033999999658
2013-08-21 07:00:00,65.29474687,69.02832069333333,1.9789423312627523,66.79530391,-1.500557040000004
2013-08-21 08:00:00,66.61324069,69.04632682375,1.953714645142217,65.29474687,1.3184938200000005
2013-08-21 09:00:00,66.79489002,69.00950434791667,1.9886291007836288,66.61324069,0.18164932999999905
2013-08-21 10:00:00,66.72432203,68.98602580083333,2.0130167531884986,66.79489002,-0.07056799000000069
2013-08-21 11:00:00,66.81536983,68.90962994041666,2.0605976348350654,66.72432203,0.09104779999999835
2013-08-21 12:00:00,67.17358633,68.87360481125,2.0839211733771292,66.81536983,0.3582165000000117
2013-08-21 13:00:00,67.63012369,68.79830421625,2.095285571712311,67.17358633,0.45653735999999867
2013-08-21 14:00:00,67.48754605,68.71756795791667,2.1073755102959897,67.63012369,-0.14257763999999895
2013-08-21 15:00:00,67.33171806,68.59198873416666,2.0959097889791747,67.48754605,-0.1558279900000059
2013-08-21 16:00:00,69.7284424,68.56783367,2.078539796691127,67.33171806,2.396724340000006
2013-08-21 17:00:00,69.89615603,68.52867107541667,2.0424870293479014,69.7284424,0.1677136299999944
2013-08-21 18:00:00,68.99214926,68.43888205708333,1.968397630717034,69.89615603,-0.9040067699999952
2013-08-21 19:00:00,70.03999165,68.37480597083334,1.8850400676953314,68.99214926,1.0478423899999996
2013-08-21 20:00:00,70.55714223,68.30660092583334,1.7667443401101544,70.03999165,0.517150579999992
2013-08-21 21:00:00,70.17848707,68.2186232675,1.6049243145423198,70.55714223,-0.3786551599999939
2013-08-21 22:00:00,68.21913112,68.09660113125,1.4789298673666236,70.17848707,-1.9593559500000026
2013-08-21 23:00:00,68.40833713,68.04007660666666,1.4377452695700195,68.21913112,0.18920601000000659
2013-08-22 00:00:00,68.94808523,67.99966847125,1.3956875855646875,68.40833713,0.5397480999999971
2013-08-22 01:00:00,67.38899521,67.92196624916667,1.3745791320957488,68.94808523,-1.5590900199999993
2013-08-22 02:00:00,68.05245103,67.93652660125001,1.3740095606937253,67.38899521,0.6634558199999958
2013-08-22 03:00:00,67.21188517,67.93082987708333,1.3768336173898563,68.05245103,-0.8405658599999981
2013-08-22 04:00:00,65.70328183,67.87554696208333,1.4397717962815362,67.21188517,-1.5086033400000076
2013-08-22 05:00:00,67.16985267,67.88146814625001,1.4364218607751815,65.70328183,1.4665708400000028
2013-08-22 06:00:00,66.55460769,67.87143913708333,1.4451488640974566,67.16985267,-0.6152449799999999
2013-08-22 07:00:00,65.72798535,67.88949074041666,1.413932243551803,66.55460769,-0.8266223400000001
2013-08-22 08:00:00,65.75716876,67.85382107666668,1.4576507006028816,65.72798535,0.029183410000001686
2013-08-22 09:00:00,67.16913702,67.86941470166666,1.4477984696648698,65.75716876,1.4119682599999948
2013-08-22 10:00:00,67.21744752,67.88996159708333,1.4342769907573325,67.16913702,0.04831049999999948
2013-08-22 11:00:00,68.42865711,67.95718190041667,1.419452756038683,67.21744752,1.21120959000001
2013-08-22 12:00:00,67.939555,67.98909726166666,1.4096453984451753,68.42865711,-0.4891021100000046
2013-08-22 13:00:00,68.21272047,68.0133721275,1.408210493941912,67.939555,0.273165469999995
2013-08-22 14:00:00,68.59771355,68.05962910666666,1.4084205635802005,68.21272047,0.384993080000001
2013-08-22 15:00:00,69.8746694,68.16558541250001,1.4464197204119578,68.59771355,1.2769558500000073
2013-08-22 16:00:00,69.78932095,68.16812201875,1.449330143356704,69.8746694,-0.08534844999999791
2013-08-22 17:00:00,71.20599841,68.22269878458333,1.5391123266887363,69.78932095,1.4166774600000025
2013-08-22 18:00:00,71.58253869,68.3306316775,1.6798138778467548,71.20599841,0.3765402800000004
2013-08-22 19:00:00,71.88959565,68.40769851083333,1.799789688142549,71.58253869,0.30705695999999705
2013-08-22 20:00:00,71.86056438,68.46200776708334,1.8851130022242422,71.88959565,-0.029031270000004383
2013-08-22 21:00:00,72.04256027,68.53967748375,1.9941571904819968,71.86056438,0.18199588999999605
2013-08-22 22:00:00,71.39573223,68.67203586333333,2.075709367220462,72.04256027,-0.6468280400000026
2013-08-22 23:00:00,69.55668318,68.71988361541666,2.0825905038077326,71.39573223,-1.8390490499999999
2013-08-23 00:00:00,68.93024269,68.71914017625,2.0825086820547805,69.55668318,-0.6264404899999931
2013-08-23 01:00:00,69.66341833,68.81390780624999,2.071065776471885,68.93024269,0.7331756399999989
2013-08-23 02:00:00,69.04101322,68.8550978975,2.065085016051042,69.66341833,-0.6224051100000025
2013-08-23 03:00:00,67.96747227,68.88658069333333,2.0446025874429083,69.04101322,-1.0735409499999946
2013-08-23 04:00:00,69.31576272,69.03710073041667,1.9298146884958327,67.96747227,1.3482904499999933
2013-08-23 05:00:00,68.15040455,69.07795705874999,1.8986929357961044,69.31576272,-1.1653581699999904
2013-08-23 06:00:00,68.35613984,69.15302089833332,1.8289257957035614,68.15040455,0.2057352899999927
2013-08-23 07:00:00,67.76316051,69.23781986333333,1.7062871294500324,68.35613984,-0.5929793299999915
2013-08-23 08:00:00,67.03590822,69.29110067416666,1.6101297972733792,67.76316051,-0.7272522900000098
2013-08-23 09:00:00,67.39406286,69.30047258416667,1.5978494774240593,67.03590822,0.3581546400000093
2013-08-23 10:00:00,68.68188132,69.36149065916668,1.5418246208042181,67.39406286,1.287818459999997
2013-08-23 11:00:00,70.23539114,69.43677124375,1.5384018293458985,68.68188132,1.5535098200000022
2013-08-23 12:00:00,70.72213492,69.55271207375,1.5254583489462898,70.23539114,0.48674377999999763
2013-08-23 13:00:00,70.58200639,69.65143232041667,1.5115713938669273,70.72213492,-0.14012852999999836
2013-08-23 14:00:00,71.80797978,69.78519341333333,1.5556694461428506,70.58200639,1.225973389999993
2013-08-23 15:00:00,70.57872691,69.81452914291667,1.5640458434242692,71.80797978,-1.2292528699999963
2013-08-23 16:00:00,72.0077339,69.90696301583334,1.6267861268859667,70.57872691,1.4290069900000049
2013-08-23 17:00:00,71.71571281,69.92820111583333,1.647675818389945,72.0077339,-0.29202109000000576
2013-08-23 18:00:00,72.11695816,69.95046859375,1.6743998700767972,71.71571281,0.4012453499999964
2013-08-23 19:00:00,72.64909676,69.98211447333334,1.7192198487500352,72.11695816,0.5321386000000103
2013-08-23 20:00:00,71.43282886,69.96429216,1.701020964202465,72.64909676,-1.2162679000000054
2013-08-23 21:00:00,71.71418699,69.95060994,1.6848210339567768,71.43282886,0.281358130000001
2013-08-23 22:00:00,72.28243141,69.98755573916667,1.7270804367326396,71.71418699,0.5682444199999992
2013-08-23 23:00:00,72.25217338,70.09986783083333,1.784530908502627,72.28243141,-0.030258029999998826
2013-08-24 00:00:00,71.74318478,70.21707375125,1.796705162196237,72.25217338,-0.508988599999995
2013-08-24 01:00:00,69.68874182,70.21812889666667,1.796373287209228,71.74318478,-2.054442960000003
2013-08-24 02:00:00,70.11075437,70.26270144458334,1.7790844932525678,69.68874182,0.42201254999999094
2013-08-24 03:00:00,68.69315914,70.29293839750001,1.7442040804423244,70.11075437,-1.4175952299999892
2013-08-24 04:00:00,68.49395196,70.2586962825,1.7720663505389644,68.69315914,-0.19920718000000193
2013-08-24 05:00:00,69.05769349,70.29649998833334,1.7344120073743396,68.49395196,0.5637415300000015
2013-08-24 06:00:00,67.38563023,70.25606208791667,1.79197698857308,69.05769349,-1.6720632600000016
2013-08-24 07:00:00,68.51017483,70.28718768458334,1.7528546643290588,67.38563023,1.124544599999993
2013-08-24 08:00:00,68.046038,70.32927642541667,1.6820911748197798,68.51017483,-0.46413683000000105
2013-08-24 09:00:00,66.69591868,70.30018708458333,1.7400950479652322,68.046038,-1.3501193199999904
2013-08-24 10:00:00,67.0893911,70.23383332541667,1.8324020519682478,66.69591868,0.3934724199999948
2013-08-24 11:00:00,66.22561571,70.06675934916667,2.0067593857425217,67.0893911,-0.8637753900000007
2013-08-24 12:00:00,66.50296546,69.89096062166666,2.1279945597506487,66.22561571,0.27734974999999906
2013-08-24 13:00:00,65.29980537,69.6708689125,2.318084789553584,66.50296546,-1.2031600899999972
2013-08-24 14:00:00,65.44279328,69.40565280833334,2.424621206042577,65.29980537,0.14298791000000222
2013-08-24 15:00:00,65.87726412,69.20975852541666,2.514000432709414,65.44279328,0.434470840000003
2013-08-24 16:00:00,65.57372439,68.94167479583334,2.545514237034785,65.87726412,-0.30353973000001133
2013-08-24 17:00:00,65.68296557,68.6903103275,2.5575061173261258,65.57372439,0.10924117999999794
2013-08-24 18:00:00,66.93568163,68.47442380541666,2.472962509181456,65.68296557,1.2527160600000116
2013-08-24 19:00:00,66.69982543,68.2265375,2.330367244599741,66.93568163,-0.23585620000000063
2013-08-24 20:00:00,65.99025408,67.99976355083334,2.268790996285848,66.69982543,-0.7095713500000045
2013-08-24 21:00:00,65.93769573,67.759076415,2.1614743813343336,65.99025408,-0.0525583499999982
2013-08-24 22:00:00,67.04970768,67.54104625958334,1.9376915507004435,65.93769573,1.1120119499999959
2013-08-24 23:00:00,66.73555970000001,67.31118735625,1.6621484738843526,67.04970768,-0.3141479799999871
2013-08-25 00:00:00,66.23665366,67.08174855958335,1.3798483416775806,66.73555970000001,-0.4989060400000085
2013-08-25 01:00:00,66.23546935,66.93786220666667,1.2720143066955398,66.23665366,-0.0011843099999993
2013-08-25 02:00:00,66.85525388,66.80221635291666,1.0776878113374013,66.23546935,0.619784530000004
2013-08-25 03:00:00,65.44418785,66.66684254916667,1.0329612269992787,66.85525388,-1.4110660300000006
2013-08-25 04:00:00,66.70939032,66.59248581416666,0.9571695582792377,65.44418785,1.2652024699999913
2013-08-25 05:00:00,64.88554717,66.41864638416668,0.8643444127257385,66.70939032,-1.8238431500000019
2013-08-25 06:00:00,64.35080723,66.29219542583333,0.9357685471988796,64.88554717,-0.5347399399999944
2013-08-25 07:00:00,64.38802527,66.12043919416666,0.8880528350561779,64.35080723,0.037218039999999064
2013-08-25 08:00:00,64.40835278,65.96886897666667,0.8549247274044716,64.38802527,0.020327510000001325
2013-08-25 09:00:00,64.42226129,65.87413325208334,0.8958506315757664,64.40835278,0.013908509999993157
2013-08-25 10:00:00,64.05518099,65.74770783083333,0.9303282858561954,64.42226129,-0.3670802999999978
2013-08-25 11:00:00,64.71716427,65.68485568749999,0.9474350093888955,64.05518099,0.6619832800000012
2013-08-25 12:00:00,64.45389357,65.59947769208334,0.9627085819343006,64.71716427,-0.26327069999999253
2013-08-25 13:00:00,64.50166125,65.56622168708334,0.9869900239755973,64.45389357,0.04776767999999265
2013-08-25 14:00:00,64.01651861,65.50679357583333,1.036444975709998,64.50166125,-0.4851426399999923
2013-08-25 15:00:00,62.85522295,65.38087519375,1.1650726072071835,64.01651861,-1.1612956600000075
2013-08-25 16:00:00,64.23986264,65.32529762083333,1.1870799426970555,62.85522295,1.3846396900000002
2013-08-25 17:00:00,63.38848875,65.22969442,1.247860692653131,64.23986264,-0.8513738899999979
2013-08-25 18:00:00,63.39183252,65.08203404041667,1.2468857377343079,63.38848875,0.0033437700000007453
2013-08-25 19:00:00,65.20905227,65.01991849208333,1.1990020750310686,63.39183252,1.8172197499999996
2013-08-25 20:00:00,64.94516739,64.97637321333333,1.1810729357372582,65.20905227,-0.2638848800000062
2013-08-25 21:00:00,64.25107982,64.90609755041666,1.171525332417658,64.94516739,-0.6940875699999935
2013-08-25 22:00:00,64.17982393,64.78651906083333,1.0865997927994335,64.25107982,-0.07125589000000332
2013-08-25 23:00:00,64.38921578,64.68875473083334,1.0061934567623136,64.17982393,0.20939185000000293
2013-08-26 00:00:00,64.49909975,64.61635665125,0.9509712110236382,64.38921578,0.1098839699999985
2013-08-26 01:00:00,65.09660852,64.56890411666667,0.8933337102202604,64.49909975,0.5975087700000046
2013-08-26 02:00:00,63.40543705,64.42516174875,0.7797829476336636,65.09660852,-1.6911714700000005
2013-08-26 03:00:00,63.83826011,64.35824809291667,0.7571110448424696,63.40543705,0.43282305999999693
2013-08-26 04:00:00,63.68217925,64.23211429833334,0.5797810597353572,63.83826011,-0.15608086000000299
2013-08-26 05:00:00,63.32128642,64.16693676708333,0.5909475820386617,63.68217925,-0.3608928299999974
2013-08-26 06:00:00,63.45009249,64.12940698625,0.6071419779578494,63.32128642,0.1288060700000031
2013-08-26 07:00:00,63.58602877,64.09599046541668,0.6143171645296318,63.45009249,0.1359362799999957
2013-08-26 08:00:00,62.73132759,64.02611441583333,0.6700882148695091,63.58602877,-0.8547011799999993
2013-08-26 09:00:00,64.6219447,64.03443455791667,0.6764304954344948,62.73132759,1.8906171100000009
2013-08-26 10:00:00,65.04527027,64.07568827791667,0.7072405809532557,64.6219447,0.4233255700000029
2013-08-26 11:00:00,65.66669249,64.11525195375,0.7685839218340148,65.04527027,0.6214222199999995
2013-08-26 12:00:00,66.04597893,64.18158884375,0.8621006486662266,65.66669249,0.37928644000000133
2013-08-26 13:00:00,66.92945334,64.28274684750001,1.027803176409706,66.04597893,0.8834744099999909
2013-08-26 14:00:00,68.27335848,64.46011517541666,1.3087631176058356,66.92945334,1.343905140000004
2013-08-26 15:00:00,68.03643251,64.67599890708334,1.4520095283883423,68.27335848,-0.23692597000000148
2013-08-26 16:00:00,68.32526303,64.84622392333334,1.6275228559106902,68.03643251,0.28883052000000475
2013-08-26 17:00:00,69.45241625,65.09888756916666,1.8472422071625123,68.32526303,1.1271532199999967
2013-08-26 18:00:00,69.292876,65.34476438083334,1.9968187635742563,69.45241625,-0.15954024999999206
2013-08-26 19:00:00,69.61637759,65.52840293583334,2.178216919303816,69.292876,0.32350158999999223
2013-08-26 20:00:00,69.09830136,65.70145018458334,2.291874004837986,69.61637759,-0.5180762300000055
2013-08-26 21:00:00,68.9295352,65.89638582541667,2.361067826013999,69.09830136,-0.1687661599999899
2013-08-26 22:00:00,68.38166541,66.07146255375,2.383923826395959,68.9295352,-0.5478697900000071
2013-08-26 23:00:00,66.69776707,66.16765219083332,2.3595447152939966,68.38166541,-1.683898339999999
2013-08-27 00:00:00,66.55923923,66.25349133583333,2.333534468026345,66.69776707,-0.13852783999999474
2013-08-27 01:00:00,65.50421593,66.27047497791666,2.3262203411243454,66.55923923,-1.055023300000002
2013-08-27 02:00:00,65.36283826,66.35203336166667,2.254615019097952,65.50421593,-0.14137766999999712
2013-08-27 03:00:00,65.03631072,66.40195213708334,2.2093468366832125,65.36283826,-0.3265275400000007
2013-08-27 04:00:00,64.28289583,66.42698199458333,2.1804079041437614,65.03631072,-0.753414890000002
2013-08-27 05:00:00,64.70837708,66.48477743875,2.111811490929047,64.28289583,0.42548125000000425
2013-08-27 06:00:00,65.19959422,66.55767334416666,2.0311599859815597,64.70837708,0.49121713999998917
2013-08-27 07:00:00,64.37599177,66.59058846916666,1.9868274002627793,65.19959422,-0.8236024499999957
2013-08-27 08:00:00,65.80010808,66.71845432291667,1.8193487152761456,64.37599177,1.4241163100000023
2013-08-27 09:00:00,66.90052411,66.81339513166667,1.7637922439432507,65.80010808,1.1004160300000052
2013-08-27 10:00:00,65.97556180000001,66.85215727875,1.7332024882752672,66.90052411,-0.924962309999998
2013-08-27 11:00:00,67.21755426,66.91677651916667,1.7159071955032301,65.97556180000001,1.2419924599999916
2013-08-29 11:00:00,67.61970814,66.98234856958332,1.7112466134054005,67.21755426,0.4021538800000002
2013-08-29 12:00:00,68.68919867,67.05567129166666,1.7462245534632759,67.61970814,1.069490529999996
2013-08-29 13:00:00,68.99230755,67.08562750291667,1.773968350704834,68.68919867,0.30310888000001057
2013-08-29 14:00:00,69.01270334,67.12630545416665,1.8075932080977084,68.99230755,0.020395789999994918
2013-08-29 15:00:00,69.60076165,67.17945123,1.8622997770384084,69.01270334,0.5880583099999939
2013-08-29 16:00:00,70.62180453,67.22817574166667,1.9381091071364858,69.60076165,1.0210428800000102
2013-08-29 17:00:00,70.80389723,67.29113495958333,2.030440124137525,70.62180453,0.18209269999999833
2013-08-29 18:00:00,71.95049453,67.38838983208333,2.1958228854488606,70.80389723,1.1465972999999963
2013-08-29 19:00:00,71.45525932,67.48659641375,2.3245554837530276,71.95049453,-0.49523521000000414
2013-08-29 20:00:00,70.69089941,67.55998658916667,2.398713940342347,71.45525932,-0.764359909999996
2013-08-29 21:00:00,70.84845568,67.66276951708333,2.486689662678741,70.69089941,0.1575562700000006
2013-08-29 22:00:00,71.14711094,67.848158845,2.575874107136162,70.84845568,0.29865526000000386
2013-08-29 23:00:00,70.19670613,67.99971996583334,2.6036011230211082,71.14711094,-0.9504048100000091
2013-08-30 00:00:00,70.26757380000001,68.19819321041666,2.58659768226812,70.19670613,0.0708676700000126
2013-08-30 01:00:00,70.3477134,68.40589634125,2.5488875602917003,70.26757380000001,0.08013959999999543
2013-08-30 02:00:00,68.94715476,68.56884817625,2.4470800122794265,70.3477134,-1.4005586399999999
2013-08-30 03:00:00,68.19452413,68.73183268875,2.273302612224371,68.94715476,-0.7526306299999987
2013-08-30 04:00:00,67.41217981,68.84449113583334,2.1275674219449296,68.19452413,-0.7823443200000071
2013-08-30 05:00:00,67.6915133,68.9483210975,1.998867512014605,67.41217981,0.2793334899999991
2013-08-30 06:00:00,68.1326941,69.10485036125,1.7578007340399768,67.6915133,0.44118079999999793
2013-08-30 07:00:00,67.72304464,69.18497271791666,1.6405308521871909,68.1326941,-0.40964945999999713
2013-08-30 08:00:00,67.00024303,69.18912767291667,1.6346090878239337,67.72304464,-0.7228016100000048
2013-08-30 09:00:00,68.33122058,69.28728012208333,1.498297052044005,67.00024303,1.33097755
2013-08-30 10:00:00,68.77081792,69.35199944124999,1.4373133933656341,68.33122058,0.43959734000000594
2013-08-30 11:00:00,67.89464946,69.36345532958335,1.423939594859708,68.77081792,-0.8761684600000024
2013-08-30 12:00:00,70.32897545,69.43177936208333,1.4295098309125605,67.89464946,2.434325990000005
2013-08-30 13:00:00,69.94984745,69.47167685791666,1.430073239679211,70.32897545,-0.37912800000000857
2013-08-30 14:00:00,69.04940045,69.47320590416668,1.4295806985210042,69.94984745,-0.9004469999999998
2013-08-30 15:00:00,70.48680148,69.51012423041666,1.4443821728392934,69.04940045,1.4374010300000037
2013-08-30 16:00:00,70.73164318,69.51470084083333,1.448226645350411,70.48680148,0.24484170000000915
2013-08-30 17:00:00,70.27130965,69.49250969166667,1.4315983831520627,70.73164318,-0.46033352999999977
2013-08-30 18:00:00,70.56771532,69.43489389125,1.3541017903993386,70.27130965,0.2964056699999986
2013-08-30 19:00:00,70.52348927,69.39607013916667,1.3061659255251705,70.56771532,-0.04422605000000601
2013-08-30 20:00:00,70.94288585,69.40656957416667,1.3179860635024876,70.52348927,0.41939657999999724
2013-08-30 21:00:00,70.09622236,69.37522651916667,1.2908712122975523,70.94288585,-0.8466634899999974
2013-08-30 22:00:00,70.92253659999999,69.36586925499999,1.2782207042029123,70.09622236,0.8263142399999879
2013-08-30 23:00:00,69.73699276,69.34671453124999,1.2686374912979579,70.92253659999999,-1.1855438399999798
2013-08-31 00:00:00,69.50362657,69.31488339666667,1.2540277236288588,69.73699276,-0.23336619000001235
2013-08-31 01:00:00,68.74107885,69.24794029041666,1.239292013209098,69.50362657,-0.7625477200000006
2013-08-31 02:00:00,67.98350404,69.20778817708333,1.2648090154029457,68.74107885,-0.7575748099999942
2013-08-31 03:00:00,68.65775842,69.22708960583333,1.2521451170612508,67.98350404,0.6742543799999936
2013-08-31 04:00:00,69.01901831,69.29404121,1.192417452216737,68.65775842,0.3612598900000137
2013-08-31 05:00:00,68.7557281,69.33838349333332,1.1492390929948286,69.01901831,-0.2632902100000081
2013-08-31 06:00:00,67.6440132,69.31802178916666,1.1755574947153038,68.7557281,-1.1117148999999955
2013-08-31 07:00:00,67.09824802,69.29198859666666,1.218546760391692,67.6440132,-0.5457651800000036
2013-08-31 08:00:00,68.86076740000001,69.36951044541667,1.1217477717018762,67.09824802,1.7625193800000147
2013-08-31 09:00:00,68.54857064,69.37856669791667,1.11385041925244,68.86076740000001,-0.3121967600000204
2013-08-31 10:00:00,68.10020545,69.35062451166665,1.137911013624845,68.54857064,-0.44836518999998987
2013-08-31 11:00:00,67.3162411,69.32652416333333,1.1755898906875255,68.10020545,-0.7839643500000051
2013-08-31 12:00:00,67.37946307,69.20362781416667,1.2195851149629673,67.3162411,0.06322197000000074
2013-08-31 13:00:00,68.16976322,69.12945763791667,1.2263399717255365,67.37946307,0.7903001499999931
2013-08-31 14:00:00,68.33976301,69.09988941125,1.2368640119820775,68.16976322,0.16999979000000565
2013-08-31 15:00:00,68.55040093,69.019206055,1.2052119900899338,68.33976301,0.21063791999999637
2013-08-31 16:00:00,67.16532869,68.87060961791667,1.2047515600817755,68.55040093,-1.3850722399999995
2013-08-31 17:00:00,67.30479343,68.74700477541667,1.2069715853300282,67.16532869,0.1394647400000082
2013-08-31 18:00:00,66.79372649,68.58975524083333,1.2052926861816067,67.30479343,-0.5110669400000063
2013-08-31 19:00:00,66.97126902,68.44174606374999,1.175237436154447,66.79372649,0.17754252999999665
2013-08-31 20:00:00,66.36018507,68.25080019791666,1.1222910940075583,66.97126902,-0.611083949999994
2013-08-31 21:00:00,67.20420628,68.13029952791666,1.0695517933727943,66.36018507,0.844021209999994
2013-08-31 22:00:00,68.07608732,68.01169747458333,0.8890493275724847,67.20420628,0.8718810400000052
2013-08-31 23:00:00,67.23191893,67.90731939833334,0.8222275213309878,68.07608732,-0.844168389999993
2013-09-01 00:00:00,67.78175194,67.83557462208334,0.7487198151686438,67.23191893,0.5498330100000004
2013-09-01 01:00:00,66.07614673,67.72453578375,0.8041498062692229,67.78175194,-1.7056052100000016
2013-09-01 02:00:00,66.11011254,67.64647780458334,0.8664313025970802,66.07614673,0.03396580999999799
2013-09-01 03:00:00,67.10977933,67.58197867583334,0.8452343928997927,66.11011254,0.999666789999992
2013-09-01 04:00:00,67.52951352,67.51991597625,0.7878676259851604,67.10977933,0.4197341899999998
2013-09-01 05:00:00,67.37827727,67.46252219166668,0.7428115482064991,67.52951352,-0.15123624999999663
2013-09-01 06:00:00,67.10470918,67.44005119083333,0.7452358650718135,67.37827727,-0.2735680899999977
2013-09-01 07:00:00,66.9472606,67.43376004833333,0.7488751753826725,67.10470918,-0.1574485799999934
2013-09-01 08:00:00,67.13996477,67.36205993875,0.6860506572029996,66.9472606,0.19270416999999895
2013-09-01 09:00:00,66.67085420000001,67.28382175375,0.6510311286422891,67.13996477,-0.469110569999998
2013-09-01 10:00:00,65.9378113,67.19372199749999,0.6820297652843589,66.67085420000001,-0.7330429000000009
2013-09-01 11:00:00,66.5151767,67.16034431416666,0.6952466229077717,65.9378113,0.5773653999999908
2013-09-01 12:00:00,66.072041,67.10586839458334,0.7277908499194309,66.5151767,-0.44313569999999913
2013-09-01 13:00:00,66.3918316,67.03178791041667,0.7049173647979113,66.072041,0.3197906000000046
2013-09-01 14:00:00,65.43023923,66.91055775291666,0.7202153236590979,66.3918316,-0.9615923700000053
2013-09-01 15:00:00,65.6508534,66.78974327249999,0.6749491017530589,65.43023923,0.2206141700000046
2013-09-01 16:00:00,66.13170688,66.74667569708333,0.6828720222508441,65.6508534,0.4808534799999933
2013-09-01 17:00:00,65.63831743,66.67723919708332,0.7079202532900442,66.13170688,-0.4933894499999951
2013-09-01 18:00:00,65.95578224,66.64232485333333,0.7224399939981285,65.63831743,0.31746481000000415
2013-09-01 19:00:00,67.36956957,66.65892070958334,0.7347942630662867,65.95578224,1.413787329999991
2013-09-01 20:00:00,67.02516809,66.68662833541667,0.7355769421052586,67.36956957,-0.3444014800000019
2013-09-01 21:00:00,66.72385597,66.66661373916666,0.727370906489029,67.02516809,-0.3013121199999915
2013-09-01 22:00:00,67.25433659,66.63237412541667,0.6756394705463588,66.72385597,0.5304806199999916
2013-09-01 23:00:00,68.06762583,66.66719524625,0.7274324471114987,67.25433659,0.8132892400000031
2013-09-02 00:00:00,68.2229547,66.68557869458333,0.761596527432913,68.06762583,0.15532887000000528
2013-09-02 01:00:00,66.04236184,66.68417099083334,0.7628022214235134,68.2229547,-2.1805928600000044
2013-09-02 02:00:00,66.95310877,66.71929583375,0.7545836911871966,66.04236184,0.910746930000002
2013-09-02 03:00:00,66.30459021,66.68574628708333,0.7543672916021302,66.95310877,-0.6485185599999994
2013-09-02 04:00:00,66.61170465,66.64750425083334,0.7326856608544865,66.30459021,0.30711443999999233
2013-09-02 05:00:00,64.69937871,66.5358834775,0.8158536093553247,66.61170465,-1.9123259399999881
2013-09-02 06:00:00,66.21768604,66.49892418,0.8090277780726424,64.69937871,1.518307329999999
2013-09-02 07:00:00,65.95636186,66.4576367325,0.8104360982995815,66.21768604,-0.26132418000000257
2013-09-02 08:00:00,65.97202741,66.40897267583334,0.8027117542726506,65.95636186,0.015665549999994255
2013-09-02 09:00:00,67.53287993,66.44489041458333,0.8336297076664938,65.97202741,1.5608525199999974
2013-09-02 10:00:00,67.49599206,66.50981461291666,0.8528751135053326,67.53287993,-0.03688786999998683
2013-09-02 11:00:00,67.72868098,66.56037729124999,0.8884367194980979,67.49599206,0.23268891999998687
2013-09-02 12:00:00,68.32218023,66.6541330925,0.9511747692907625,67.72868098,0.5934992500000078
2013-09-02 13:00:00,68.08308598,66.724602025,0.9926423356681272,68.32218023,-0.23909424999999374
2013-09-02 14:00:00,68.607251,66.85697751541666,1.0238721510238675,68.08308598,0.5241650199999981
2013-09-02 15:00:00,68.77487445,66.98714505916668,1.0617494443844377,68.607251,0.16762344999999357
2013-09-02 16:00:00,68.7696785,67.09706054333333,1.1050058107745893,68.77487445,-0.005195950000000948
2013-09-02 17:00:00,68.64186817,67.22220849083334,1.1026939597666938,68.7696785,-0.12781033000000264
2013-09-02 18:00:00,70.62377265,67.41670809125,1.2687782945308828,68.64186817,1.9819044800000114
2013-09-02 19:00:00,69.50433389,67.50565660458334,1.338257101741446,70.62377265,-1.1194387600000084
2013-09-02 20:00:00,68.92231254,67.58470429,1.3644160650550063,69.50433389,-0.5820213500000051
2013-09-02 21:00:00,70.48760069,67.74152698666667,1.4731366218095177,68.92231254,1.5652881500000007
2013-09-02 22:00:00,68.22783476,67.78208941041666,1.4725411040603207,70.48760069,-2.2597659300000004
2013-09-02 23:00:00,69.04882691,67.82297278875,1.4942739403608156,68.22783476,0.8209921500000092
2013-09-03 00:00:00,67.74723934,67.80315131541666,1.4918907852841554,69.04882691,-1.3015875700000095
2013-09-03 01:00:00,68.09114575,67.88851731166666,1.44462484054268,67.74723934,0.34390641000000244
2013-09-03 02:00:00,68.65891435,67.95959254416667,1.438551858137206,68.09114575,0.567768600000008
2013-09-03 03:00:00,69.63167183,68.098220945,1.4324274277731175,68.65891435,0.9727574799999985
2013-09-03 04:00:00,69.57087107,68.22151954583335,1.4262541138970213,69.63167183,-0.06080076000000645
2013-09-03 05:00:00,68.92351224,68.39752510958333,1.2181679939173253,69.57087107,-0.6473588300000017
2013-09-03 06:00:00,67.53393503,68.4523688175,1.1430768260046689,68.92351224,-1.3895772099999988
2013-09-03 07:00:00,68.2712078,68.54882073166667,1.0136431014540697,67.53393503,0.7372727700000041
2013-09-03 08:00:00,68.65631055,68.6606658625,0.8521923132965034,68.2712078,0.3851027500000015
2013-09-03 09:00:00,67.39411119,68.65488383166667,0.8606061376856556,68.65631055,-1.2621993599999968
2013-09-03 10:00:00,68.37006622,68.69130358833333,0.8272806322228613,67.39411119,0.9759550299999944
2013-09-03 11:00:00,68.23821811,68.71253430208334,0.8078116157389684,68.37006622,-0.13184810999999286
2013-09-03 12:00:00,68.24746423,68.70942113541666,0.809523537188209,68.23821811,0.009246120000000246
2013-09-03 13:00:00,67.42129150000001,68.68184636541666,0.8423901197130469,68.24746423,-0.8261727299999961
2013-09-03 14:00:00,67.17151006,68.62202382624999,0.8971197204647439,67.42129150000001,-0.24978144000000668
2013-09-03 15:00:00,68.84601436,68.62498798916666,0.8977640052839675,67.17151006,1.6745042999999953
2013-09-03 16:00:00,68.98532397,68.63397321708334,0.9003505081399659,68.84601436,0.13930960999999797
2013-09-03 17:00:00,68.6852691,68.63578158916665,0.900410638565732,68.98532397,-0.30005486999999675
2013-09-03 18:00:00,70.38096941,68.6256647875,0.8781928082538645,68.6852691,1.6957003100000065
2013-09-03 19:00:00,70.63271507,68.67268067,0.9541957597575571,70.38096941,0.25174565999999743
2013-09-03 20:00:00,70.71181053,68.74724308625,1.040559314984417,70.63271507,0.07909545999999068
2013-09-03 21:00:00,71.77605259,68.80092858208333,1.1605702508753224,70.71181053,1.0642420600000122
2013-09-03 22:00:00,71.9902121,68.95769430458334,1.32258832355199,71.77605259,0.21415950999998756
2013-09-03 23:00:00,70.50334409,69.01829918708333,1.359748927548762,71.9902121,-1.486868009999995
2013-09-04 00:00:00,70.02106963,69.11304211583334,1.3464869014438265,70.50334409,-0.4822744599999993
2013-09-04 01:00:00,71.10226832,69.23850555624999,1.3868102806545008,70.02106963,1.0811986899999937
2013-09-04 02:00:00,71.07281481,69.33908474208333,1.4298154286974438,71.10226832,-0.029453509999996186
2013-09-04 03:00:00,71.00298194,69.39622266333333,1.4688823399086095,71.07281481,-0.06983286999999905
2013-09-04 04:00:00,69.64750524,69.39941575374999,1.4693617177262237,71.00298194,-1.355476699999997
2013-09-04 05:00:00,69.29922688,69.41507053041667,1.4660686953800812,69.64750524,-0.3482783599999948
2013-09-04 06:00:00,70.19295937,69.52586321125,1.4173928989671996,69.29922688,0.8937324899999908
2013-09-04 07:00:00,69.59298326,69.58093718875,1.3919740433456096,70.19295937,-0.5999761100000001
2013-09-04 08:00:00,69.94483099,69.63462554041668,1.3795543656336244,69.59298326,0.3518477300000029
2013-09-04 09:00:00,68.38753638,69.67601825666667,1.3231569947041337,69.94483099,-1.5572946099999996
2013-09-04 10:00:00,70.12778664,69.7492566075,1.2960973755003105,68.38753638,1.7402502599999963
2013-09-04 11:00:00,69.75996879,69.81266288583333,1.255550497983107,70.12778664,-0.36781784999999445
2013-09-04 12:00:00,70.57663801,69.90971179333333,1.2187864528517942,69.75996879,0.8166692199999943
2013-09-04 13:00:00,70.11459489,70.02193276791667,1.0976779048007628,70.57663801,-0.4620431199999899
2013-09-04 14:00:00,71.54936878,70.20434354791666,0.9583093930635344,70.11459489,1.4347738899999882
2013-09-04 15:00:00,71.04470664,70.29595572625,0.927407173128441,71.54936878,-0.5046621399999935
2013-09-04 16:00:00,71.67149466,70.407879505,0.9244419908786214,71.04470664,0.6267880199999922
2013-09-04 17:00:00,73.23762503,70.59756100208334,1.0179308576988606,71.67149466,1.5661303700000104
2013-09-04 18:00:00,72.25962147,70.67583817124999,1.0713804956877329,73.23762503,-0.9780035600000048
2013-09-04 19:00:00,72.93900293,70.77193349874999,1.1665468079204,72.25962147,0.6793814600000019
2013-09-04 20:00:00,71.27122808,70.79524256333333,1.1708741489993848,72.93900293,-1.6677748500000007
2013-09-04 21:00:00,72.55002116,70.82749125375,1.209097119420455,71.27122808,1.2787930799999998
2013-09-04 22:00:00,71.25225098,70.79674287375,1.1874319086416092,72.55002116,-1.2977701800000006
2013-09-04 23:00:00,71.97747232,70.85816488333333,1.209516066123536,71.25225098,0.7252213400000045
2013-09-05 00:00:00,70.23719215,70.86716998833333,1.2038037918498323,71.97747232,-1.7402801700000055
2013-09-05 01:00:00,69.94606111,70.81899468791667,1.217048671881623,70.23719215,-0.29113103999999623
2013-09-05 02:00:00,69.450805,70.75141094583334,1.2470080484879205,69.94606111,-0.4952561099999997
2013-09-05 03:00:00,69.93479403,70.70690311624999,1.2566639960368438,69.450805,0.4839890300000036
2013-09-05 04:00:00,69.0965309,70.68394585208334,1.281643427429866,69.93479403,-0.8382631300000014
2013-09-05 05:00:00,68.97376954,70.67038512958334,1.298542160451247,69.0965309,-0.12276135999999838
2013-09-05 06:00:00,70.04102824,70.66405466583333,1.3013381577845051,68.97376954,1.0672586999999965
2013-09-05 07:00:00,69.54259642,70.66195521416667,1.3031805887212333,70.04102824,-0.4984318200000075
2013-09-05 08:00:00,69.85107284,70.65804862458333,1.3055621590132909,69.54259642,0.3084764200000052
2013-09-05 09:00:00,69.61953454,70.70938188125,1.2347041864949302,69.85107284,-0.23153829999999687
2013-09-05 10:00:00,69.99920276,70.70402421958333,1.2376131357699294,69.61953454,0.3796682199999992
2013-09-05 11:00:00,70.41283415,70.73122694291666,1.2230499222779216,69.99920276,0.41363138999999194
2013-09-05 12:00:00,72.11046261,70.79513630125,1.25429597654769,70.41283415,1.6976284600000042
2013-09-05 13:00:00,72.80678003,70.90731068208333,1.3099373168516422,72.11046261,0.6963174199999997
2013-09-05 14:00:00,72.51801434,70.94767091375,1.3450320137966731,72.80678003,-0.2887656900000053
2013-09-05 15:00:00,72.69228723,71.01632010499999,1.3914446793500657,72.51801434,0.17427289000001167
2013-09-05 16:00:00,72.16597707,71.03692353875,1.4051611420044947,72.69228723,-0.5263101600000084
2013-09-05 17:00:00,73.99614903,71.06852870541667,1.4641059800975287,72.16597707,1.8301719600000013
2013-09-05 18:00:00,72.82582702,71.09212060333334,1.4884918382898766,73.99614903,-1.1703220099999925
2013-09-05 19:00:00,74.24818259,71.14666975583334,1.580276822272713,72.82582702,1.4223555699999935
2013-09-05 20:00:00,74.69982523,71.28952797041667,1.7390266766135416,74.24818259,0.45164264000000287
2013-09-05 21:00:00,75.16462698,71.39846987958333,1.8962162104837437,74.69982523,0.46480174999999235
2013-09-05 22:00:00,74.48402123,71.53312697333332,1.99742978837981,75.16462698,-0.680605749999998
2013-09-05 23:00:00,72.97264305,71.57459242041666,2.017286069874199,74.48402123,-1.5113781799999941
2013-09-06 00:00:00,72.49176792,71.6685330775,2.0047548489587492,72.97264305,-0.48087513000000115
2013-09-06 01:00:00,73.77290611,71.8279849525,2.013964775308835,72.49176792,1.281138189999993
2013-09-06 02:00:00,73.53132409999998,71.99800658166667,1.9764466126585867,73.77290611,-0.2415820100000161
2013-09-06 03:00:00,72.73837497,72.11482245416667,1.9315418987826845,73.53132409999998,-0.7929491299999825
2013-09-06 04:00:00,71.88548201,72.23102875041667,1.8228985985032948,72.73837497,-0.8528929599999913
2013-09-06 05:00:00,71.52278755,72.33723783416666,1.6946104217758573,71.88548201,-0.36269446000000016
2013-09-06 06:00:00,71.76144938,72.40892204833334,1.6283471198514181,71.52278755,0.23866182999999808
2013-09-06 07:00:00,72.45670094,72.53034307,1.5096422920612764,71.76144938,0.6952515600000027
2013-09-06 08:00:00,71.89475031,72.61549629791666,1.406026161042873,72.45670094,-0.5619506299999983
2013-09-06 09:00:00,70.52341229,72.65315787083333,1.3324692212913598,71.89475031,-1.3713380200000103
2013-09-06 10:00:00,71.2629687,72.705814785,1.2451385356238613,70.52341229,0.7395564100000058
2013-09-06 11:00:00,72.8074479,72.80559035791667,1.1453526989602445,71.2629687,1.5444791999999978
2013-09-06 12:00:00,73.80156306,72.87605287666666,1.1527236999830932,72.8074479,0.9941151600000069
2013-09-06 13:00:00,73.52862948,72.90612993708334,1.1602305007491043,73.80156306,-0.2729335800000001
2013-09-06 14:00:00,72.90089441,72.92208327333333,1.157290430300925,73.52862948,-0.62773507
2013-09-06 15:00:00,73.17178042,72.94206215625,1.157289729736641,72.90089441,0.2708860099999981
2013-09-06 16:00:00,73.42038306,72.99432907250001,1.1490121999538074,73.17178042,0.24860264000000143
2013-09-06 17:00:00,73.47819457,72.97274763666667,1.1341453823544132,73.42038306,0.057811509999993405
2013-09-06 18:00:00,73.96854139,73.02036073541667,1.1515619557177377,73.47819457,0.4903468199999992
2013-09-06 19:00:00,74.39984284,73.0266799125,1.1589847426124749,73.96854139,0.4313014500000065
2013-09-06 20:00:00,74.13263209,73.003046865,1.1287730937696492,74.39984284,-0.2672107500000038
2013-09-06 21:00:00,73.66106497,72.94039844791668,1.0419739521289884,74.13263209,-0.4715671200000031
2013-09-06 22:00:00,74.42455034,72.93792049416668,1.0382073108791052,73.66106497,0.7634853699999979
2013-09-06 23:00:00,73.88125989,72.97577952916667,1.0559437540901415,74.42455034,-0.5432904500000006
2013-09-07 00:00:00,72.88416225,72.99212929291667,1.0511506491312292,73.88125989,-0.9970976399999927
2013-09-07 01:00:00,72.53366149,72.94049410041667,1.0415226825181405,72.88416225,-0.35050076000000274
2013-09-07 02:00:00,72.28026919,72.8883668125,1.0419734871664295,72.53366149,-0.25339230000000157
2013-09-07 03:00:00,73.5383584,72.92169945541667,1.0497334475748894,72.28026919,1.2580892100000085
2013-09-07 04:00:00,72.97417623,72.96706171458334,1.0262690710052567,73.5383584,-0.5641821700000094
2013-09-07 05:00:00,72.80378043,73.02043641791667,0.9801643393887601,72.97417623,-0.17039579999999432
2013-09-07 06:00:00,71.11640175,72.99355943333335,1.0240493313651298,72.80378043,-1.687378680000009
2013-09-07 07:00:00,71.8028968,72.96631759416667,1.0473822730963525,71.11640175,0.6864950500000049
2013-09-07 08:00:00,71.74339169,72.960010985,1.054546227589698,71.8028968,-0.05950511000000347
2013-09-07 09:00:00,71.89946776,73.01734662958334,0.9483715989986623,71.74339169,0.15607606999999746
2013-09-07 10:00:00,71.37667995,73.02208459833334,0.939468081195171,71.89946776,-0.522787809999997
2013-09-07 11:00:00,70.97398196,72.94569018416666,1.0280499752473449,71.37667995,-0.40269798999999296
2013-09-07 12:00:00,71.3123657,72.8419736275,1.0629216257844714,70.97398196,0.3383837399999976
2013-09-07 13:00:00,71.86460893,72.77263943791667,1.0704291454476897,71.3123657,0.552243230000002
2013-09-07 14:00:00,71.16599578,72.700351995,1.1188750152589413,71.86460893,-0.6986131499999999
2013-09-07 15:00:00,71.37723976,72.6255794675,1.1456433313319712,71.16599578,0.2112439799999919
2013-09-07 16:00:00,71.36848881,72.54008387374999,1.160221212672131,71.37723976,-0.008750949999992486
2013-09-07 17:00:00,70.78637361,72.42792466708333,1.1951740011776242,71.36848881,-0.582115200000004
2013-09-07 18:00:00,71.11015784,72.3088253525,1.1772613492689799,70.78637361,0.3237842300000011
2013-09-07 19:00:00,71.85983966,72.20299188666667,1.0922082780824363,71.11015784,0.7496818200000064
2013-09-07 20:00:00,70.95035881,72.07039716666667,1.0396646804386056,71.85983966,-0.9094808500000084
2013-09-07 21:00:00,72.65891354,72.02864085708333,0.9920344097740924,70.95035881,1.708554730000003
2013-09-07 22:00:00,72.33779272,71.94169262291666,0.8548784543116835,72.65891354,-0.3211208200000044
2013-09-07 23:00:00,70.61711298,71.80568650166667,0.7900864298987568,72.33779272,-1.7206797399999942
2013-09-08 00:00:00,71.01930095,71.72798394750001,0.7708783483873008,70.61711298,0.40218796999999995
2013-09-08 01:00:00,71.63639202,71.69059771958332,0.7516230583404933,71.01930095,0.6170910700000007
2013-09-08 02:00:00,71.32415634,71.65075968416666,0.744312734825438,71.63639202,-0.31223568000000057
2013-09-08 03:00:00,70.5466809,71.526106455,0.6602065577551491,71.32415634,-0.7774754400000035
2013-09-08 04:00:00,70.97726886,71.44290198125,0.592094186115646,70.5466809,0.4305879599999969
2013-09-08 05:00:00,69.7019157,71.3136576175,0.620006368343705,70.97726886,-1.2753531599999945
2013-09-08 06:00:00,70.36501785,71.28234995499999,0.6487065754509285,69.7019157,0.6631021500000003
2013-09-08 07:00:00,69.28265658,71.17733994583334,0.7559048482603281,70.36501785,-1.082361270000007
2013-09-08 08:00:00,68.52513155,71.04324577333334,0.9189848860665416,69.28265658,-0.7575250299999965
2013-09-08 09:00:00,68.91671905,70.91896457708333,0.9965716081873509,68.52513155,0.3915875
2013-09-08 10:00:00,68.90391361,70.81593264625,1.0721517872436985,68.91671905,-0.01280543999999395
2013-09-08 11:00:00,69.25304945,70.744227125,1.1177022509195513,68.90391361,0.3491358400000024
2013-09-08 12:00:00,69.20694068,70.6565010825,1.153231922979874,69.25304945,-0.046108770000003574
2013-09-08 13:00:00,68.4344154,70.51357635208333,1.2082432394716214,69.20694068,-0.7725252799999964
2013-09-08 14:00:00,69.13783219,70.42906953583334,1.2313339696994225,68.4344154,0.7034167899999915
2013-09-08 15:00:00,67.78567323,70.27942093041666,1.325719841653593,69.13783219,-1.352158959999997
2013-09-08 16:00:00,68.87397161,70.17548271375,1.3343815461046933,67.78567323,1.0882983799999977
2013-09-08 17:00:00,68.04502775,70.06125996958333,1.395734669597145,68.87397161,-0.8289438599999954
2013-09-08 18:00:00,67.81055256,69.92377641625,1.449401477740433,68.04502775,-0.23447518999999772
2013-09-08 19:00:00,68.99773267,69.80452195833334,1.4000851514962716,67.81055256,1.18718011
2013-09-08 20:00:00,68.99448259,69.72302711583333,1.3873545640384513,68.99773267,-0.003250080000000821
2013-09-08 21:00:00,67.84551049,69.52246865541666,1.2889089195372536,68.99448259,-1.1489721000000088
2013-09-08 22:00:00,68.86458993,69.3777518725,1.1461411014202136,67.84551049,1.0190794399999987
2013-09-08 23:00:00,67.97043986,69.26747382583333,1.1490326359366463,68.86458993,-0.8941500699999949
2013-09-09 00:00:00,66.92321439,69.09680355249999,1.181265382343415,67.97043986,-1.0472254700000008
2013-09-09 01:00:00,68.59393936,68.97003469166667,1.053185568004519,66.92321439,1.6707249699999949
2013-09-09 02:00:00,66.62695158,68.77431782666667,1.0329447958260278,68.59393936,-1.9669877799999966
2013-09-09 03:00:00,67.75427493,68.65796757791666,0.9805664599842095,66.62695158,1.1273233499999975
2013-09-09 04:00:00,66.66782263,68.47840731833334,0.9306953125201806,67.75427493,-1.0864522999999906
2013-09-09 05:00:00,67.46664892,68.3852712025,0.9146383181590391,66.66782263,0.7988262899999938
2013-09-09 06:00:00,67.60322003,68.27019629333334,0.8239709902786405,67.46664892,0.13657111000000555
2013-09-09 07:00:00,67.66040956,68.2026026675,0.8035913655711125,67.60322003,0.057189530000002264
2013-09-09 08:00:00,66.65714613,68.12476994166667,0.8595114774524929,67.66040956,-1.003263430000004
2013-09-09 09:00:00,68.75283581,68.11794147333333,0.8535767154420082,66.65714613,2.0956896799999924
2013-09-09 10:00:00,69.19079475,68.12989485416666,0.8669656370615504,68.75283581,0.43795894000000146
2013-09-09 11:00:00,70.45646119,68.18003701,0.9641073721175052,69.19079475,1.265666440000004
2013-09-09 12:00:00,70.93982761,68.25224063208333,1.099710670837183,70.45646119,0.48336641999999586
2013-09-09 13:00:00,69.63003292,68.30205802875,1.1348419399623908,70.93982761,-1.3097946899999897
2013-09-09 14:00:00,71.41526516,68.39695106916666,1.2920888197130171,69.63003292,1.7852322399999991
2013-09-09 15:00:00,71.55056424,68.55382152791667,1.4352604091750916,71.41526516,0.1352990799999958
2013-09-09 16:00:00,71.90106522,68.67995042833333,1.5893546193617771,71.55056424,0.35050098000000673
2013-09-09 17:00:00,71.69673606,68.83210494125,1.6970735845379585,71.90106522,-0.20432916000000034
2013-09-09 18:00:00,71.04065657,68.96669260833333,1.7400743380773804,71.69673606,-0.6560794900000104
2013-09-09 19:00:00,71.73045012,69.08055583541666,1.8293142718221111,71.04065657,0.6897935500000045
2013-09-09 20:00:00,72.76664681,69.23772934458333,1.9776353908341735,71.73045012,1.036196689999997
2013-09-16 12:00:00,72.69643979,69.43985139875001,2.0746700608329447,72.76664681,-0.07020701999999801
2013-09-16 13:00:00,72.80547371,69.60405488958334,2.1804194423091396,72.69643979,0.10903392000000167
2013-09-16 14:00:00,72.91975931,69.81027653333332,2.2520696439484245,72.80547371,0.11428560000000232
2013-09-16 15:00:00,72.26792976,70.03297300708333,2.218170897133228,72.91975931,-0.6518295500000022
2013-09-16 16:00:00,72.85550390000002,70.21053819625,2.2679778989681543,72.26792976,0.5875741400000152
2013-09-16 17:00:00,72.96351653,70.47456173583333,2.200488489422071,72.85550390000002,0.1080126299999904
2013-09-16 18:00:00,72.77608689,70.68380390083334,2.1691084477905593,72.96351653,-0.18742964000000484
2013-09-16 19:00:00,74.71764725,71.01921326,2.143336728410129,72.77608689,1.9415603599999969
2013-09-16 20:00:00,75.18175232,71.34067590166667,2.1657956077796423,74.71764725,0.46410507000000223
2013-09-16 21:00:00,74.68157666,71.63560742791667,2.11609602701619,75.18175232,-0.5001756599999965
2013-09-16 22:00:00,75.03251294,71.94277840208333,2.047937540336808,74.68157666,0.3509362799999991
2013-09-16 23:00:00,74.89547613,72.28604215208334,1.7987399357303433,75.03251294,-0.1370368099999979
2013-09-17 00:00:00,72.88724781,72.45830931875001,1.6362919499162794,74.89547613,-2.0082283200000006
2013-09-17 01:00:00,74.04983548,72.66076934916667,1.5101673312735888,72.88724781,1.1625876699999935
2013-09-17 02:00:00,73.82712414,72.80121363875,1.451864500629868,74.04983548,-0.2227113400000036
2013-09-17 03:00:00,72.79875638,72.87866900416667,1.3967852256440614,73.82712414,-1.0283677599999947
2013-09-17 04:00:00,71.99918837,72.97738381458333,1.2311038750846433,72.79875638,-0.7995680100000015
2013-09-17 05:00:00,72.17190677,73.00891054833333,1.1986207548041048,71.99918837,0.17271840000000793
2013-09-17 06:00:00,71.25158302,72.9964529975,1.2158663208047424,72.17190677,-0.9203237500000085
2013-09-17 07:00:00,71.28680525,72.97085883208334,1.2460181884655674,71.25158302,0.03522223000000224
2013-09-17 08:00:00,71.38988043,72.95807318083334,1.2611432187425038,71.28680525,0.1030751800000047
2013-09-17 09:00:00,72.24634579,73.00831023166667,1.2041701123301785,71.38988043,0.8564653600000014
2013-09-17 10:00:00,71.59644925,73.00272686208334,1.210646017934866,72.24634579,-0.6498965400000003
2013-09-17 11:00:00,72.90837738,73.0086323025,1.2097897411533414,71.59644925,1.3119281299999983
2013-09-17 12:00:00,73.24145352,73.03134120791667,1.2087896011876982,72.90837738,0.33307613999998864
2013-09-17 13:00:00,73.06605307,73.04219868125001,1.2078425331415015,73.24145352,-0.17540044999999793
2013-09-17 14:00:00,72.64709801,73.03083779375,1.2103240298859566,73.06605307,-0.4189550600000018
2013-09-17 15:00:00,73.15343178,73.06773371125,1.1995047370436631,72.64709801,0.5063337700000119
2013-09-17 16:00:00,72.96232879,73.07218474833333,1.198881006342237,73.15343178,-0.19110299000000452
2013-09-17 17:00:00,72.52813486,73.05404384541667,1.2038803860881904,72.96232879,-0.4341939300000064
2013-09-17 18:00:00,73.81719904,73.09742351833333,1.2121580882261767,72.52813486,1.289064180000011
2013-09-17 19:00:00,74.02874448,73.06871923625,1.1798486572648959,73.81719904,0.21154543999999476
2013-09-17 20:00:00,73.79102864,73.01077241624999,1.1032209698269013,74.02874448,-0.237715840000007
2013-09-17 21:00:00,73.25605739,72.95137577999999,1.046258895094499,73.79102864,-0.5349712499999981
2013-09-17 22:00:00,73.05358423,72.86892041708334,0.9485290200123666,73.25605739,-0.2024731599999967
2013-09-17 23:00:00,73.77224906,72.82211928916666,0.8685263438047379,73.05358423,0.7186648299999945
2013-09-18 00:00:00,72.8998969,72.82264633458333,0.8685714206367855,73.77224906,-0.8723521599999913
2013-09-18 01:00:00,72.24385814,72.74739727875,0.8352213890067376,72.8998969,-0.6560387600000013
2013-09-18 02:00:00,71.33933531,72.64373941083333,0.8496451741766947,72.24385814,-0.9045228300000048
2013-09-18 03:00:00,72.29793377,72.62287180208334,0.8518197787617624,71.33933531,0.9585984600000046
2013-09-18 04:00:00,70.34516442,72.5539541375,0.9639977436246017,72.29793377,-1.952769349999997
2013-09-18 05:00:00,71.13949198,72.51093685458333,1.0039928821045832,70.34516442,0.7943275599999993
2013-09-18 06:00:00,70.16453648,72.46564324875,1.084564141025104,71.13949198,-0.9749555000000072
2013-09-18 07:00:00,71.11202658,72.45836080416666,1.0933747496027724,70.16453648,0.9474901000000102
2013-09-18 08:00:00,70.4874724,72.42076046958333,1.1459682034898766,71.11202658,-0.6245541800000041
2013-09-18 09:00:00,70.71749668,72.35705842333333,1.1974227410524991,70.4874724,0.23002427999999497
2013-09-18 10:00:00,69.89570423,72.28619404749999,1.2910579415541217,70.71749668,-0.8217924499999896
2013-09-18 11:00:00,71.68790348,72.23534096833333,1.2895209532227234,69.89570423,1.792199249999996
2013-09-18 12:00:00,71.37615947,72.15762038291668,1.282437171566002,71.68790348,-0.3117440099999982
2013-09-18 13:00:00,71.74150703,72.10243096458332,1.270084501251399,71.37615947,0.36534755999998936
2013-09-18 14:00:00,73.20729802,72.12577263166666,1.285582759837227,71.74150703,1.4657909900000021
2013-09-18 15:00:00,72.89029189,72.11480846958334,1.277534156912395,73.20729802,-0.3170061299999958
2013-09-18 16:00:00,72.30341978,72.0873539275,1.2655527147137444,72.89029189,-0.5868721100000016
2013-09-18 17:00:00,72.6912123,72.09414882083333,1.268456671044838,72.30341978,0.38779252000000497
2013-09-18 18:00:00,72.34201351,72.03268275708334,1.2159886745727695,72.6912123,-0.34919879000000265
2013-09-18 19:00:00,74.49429294,72.05208060958333,1.2523835735949393,72.34201351,2.152279429999993
2013-09-18 20:00:00,73.25501422,72.02974667541666,1.2244932201465375,74.49429294,-1.2392787199999873
2013-09-18 21:00:00,74.13004256,72.06616272416666,1.2745229561067286,73.25501422,0.8750283400000001
2013-09-18 22:00:00,73.68325892,72.09239916958333,1.3019196539116338,74.13004256,-0.4467836400000067
2013-09-18 23:00:00,72.11340117,72.0232805075,1.2519336026199057,73.68325892,-1.569857749999997
2013-09-19 00:00:00,72.31138231,71.99875906625,1.2397209234785929,72.11340117,0.197981139999996
2013-09-19 01:00:00,71.29385993,71.95917580749999,1.2467015346229564,72.31138231,-1.0175223800000026
2013-09-19 02:00:00,71.93404046,71.98395518875,1.239736676031196,71.29385993,0.6401805300000092
2013-09-19 03:00:00,71.67908598,71.95816986416666,1.2393579524593152,71.93404046,-0.2549544800000092
2013-09-19 04:00:00,71.48141177,72.00551350375001,1.196006120419882,71.67908598,-0.1976742100000024
2013-09-19 05:00:00,70.85357689,71.993600375,1.2063863261302425,71.48141177,-0.6278348799999947
2013-09-19 06:00:00,69.45647733,71.96409791041667,1.2605052883421155,70.85357689,-1.397099560000001
2013-09-19 07:00:00,70.12965246,71.92316565541667,1.3045579986945948,69.45647733,0.6731751300000042
2013-09-19 08:00:00,69.02484940000001,71.86222303041667,1.4048507898921379,70.12965246,-1.1048030599999947
2013-09-19 09:00:00,69.00810205,71.79099825416667,1.5051619725965102,69.02484940000001,-0.016747350000002825
2013-09-19 10:00:00,67.59898139,71.69530146916667,1.6922825584534904,69.00810205,-1.4091206599999992
2013-09-19 11:00:00,67.55493576,71.52309448083334,1.8916143723804435,67.59898139,-0.04404562999999939
2013-09-19 12:00:00,67.40273072,71.35753494958333,2.07046184829027,67.55493576,-0.15220504000001256
2013-09-19 13:00:00,67.39032649,71.17623576041667,2.2204496704752823,67.40273072,-0.012404229999987137
2013-09-19 14:00:00,68.09580201,70.96325676000001,2.2619185957479133,67.39032649,0.7054755199999931
2013-09-19 15:00:00,67.39266673,70.73418904500001,2.335460686459277,68.09580201,-0.7031352799999979
2013-09-19 16:00:00,68.36226835,70.56997440208333,2.358767088810419,67.39266673,0.9696016199999917
2013-09-19 17:00:00,68.40469903,70.3913696825,2.3534448926190894,68.36226835,0.0424306800000096
2013-09-19 18:00:00,67.83621597,70.20362811833333,2.37072764022065,68.40469903,-0.5684830600000055
2013-09-19 19:00:00,69.19489788,69.98281999083333,2.1939206725007327,67.83621597,1.3586819100000014
2013-09-19 20:00:00,68.49088179,69.78431447291668,2.098431505781234,69.19489788,-0.7040160899999961
2013-09-19 21:00:00,68.33740959999999,69.54295476625,1.9006705104620567,68.49088179,-0.15347219000001644
2013-09-19 22:00:00,68.76983220000001,69.33822865291667,1.6880437122942655,68.33740959999999,0.43242260000002375
2013-09-19 23:00:00,68.4357686,69.1849939625,1.5891974591430855,68.76983220000001,-0.33406360000000745
2013-09-20 00:00:00,68.74846768,69.03653918625,1.4442530245787413,68.4357686,0.3126990800000016
2013-09-20 01:00:00,68.95527404,68.9390981075,1.3618748127532745,68.74846768,0.20680636000000163
2013-09-20 02:00:00,68.2181708,68.784270205,1.2092560650817223,68.95527404,-0.7371032400000104
2013-09-20 03:00:00,69.12993292,68.67805549416667,1.0446899289879457,68.2181708,0.9117621200000059
2013-09-20 04:00:00,68.4385586,68.55126994541666,0.8575606111650241,69.12993292,-0.6913743200000084
2013-09-20 05:00:00,69.06796416,68.476869415,0.7146887358958022,68.4385586,0.6294055600000092
2013-09-20 06:00:00,68.30227174,68.42877751541667,0.6840825177032968,69.06796416,-0.7656924200000077
2013-09-20 07:00:00,68.64631402,68.36697174708333,0.5833170580679276,68.30227174,0.3440422800000107
2013-09-20 08:00:00,68.88148079,68.360998055,0.5769866355345031,68.64631402,0.2351667699999922
2013-09-20 09:00:00,68.90088305,68.35653059666667,0.5721532751286794,68.88148079,0.019402260000006777
2013-09-20 10:00:00,69.65328565,68.4421266075,0.6065267524714442,68.90088305,0.7524025999999964
2013-09-20 11:00:00,68.86754593,68.49681869791667,0.5817216852708899,69.65328565,-0.7857397199999951
2013-09-20 12:00:00,68.42564703,68.53944021083333,0.5335541780813098,68.86754593,-0.4418989000000124
2013-09-20 13:00:00,69.09581068,68.61050205208333,0.4852400710448097,68.42564703,0.6701636500000063
2013-09-20 14:00:00,69.44780599,68.66683555125,0.501108811695063,69.09581068,0.3519953100000066
2013-09-20 15:00:00,68.42082002,68.70967527166665,0.4257220262568736,69.44780599,-1.0269859700000126
2013-09-20 16:00:00,68.83199074,68.72924703791666,0.41981252604084535,68.42082002,0.4111707200000012
2013-09-20 17:00:00,69.55729317,68.77727179375,0.44616992019251417,68.83199074,0.7253024299999993
2013-09-20 18:00:00,68.83137434,68.81873672583333,0.3986188980128586,69.55729317,-0.7259188299999977
2013-09-20 19:00:00,70.02835926,68.85346428333334,0.46379235317583456,68.83137434,1.1969849200000056
2013-09-20 20:00:00,71.07058978,68.96095211625,0.6411358521160117,70.02835926,1.042230520000004
2013-09-20 21:00:00,71.28937940000002,69.08395085791666,0.7836355889802822,71.07058978,0.21878962000000968
2013-09-20 22:00:00,70.10090101,69.13941205833333,0.8071862923225946,71.28937940000002,-1.1884783900000144
2013-09-20 23:00:00,71.68557803,69.27482078458333,0.9448588076063047,70.10090101,1.5846770200000009
2013-09-21 00:00:00,69.88814945,69.322307525,0.945893700110613,71.68557803,-1.7974285800000018
2013-09-21 01:00:00,70.42523491,69.38355589458334,0.9684174684760304,69.88814945,0.5370854600000001
2013-09-21 02:00:00,69.44404702,69.43463407041666,0.9360663828467053,70.42523491,-0.9811878900000011
2013-09-21 03:00:00,70.1451179,69.47693344458334,0.9445972013168286,69.44404702,0.7010708800000032
2013-09-21 04:00:00,69.48543471,69.5205532825,0.9183694070691364,70.1451179,-0.6596831899999955
2013-09-21 05:00:00,69.63115874,69.54401972333334,0.9134843693830943,69.48543471,0.14572402999999667
2013-09-21 06:00:00,70.00727727,69.61506162041667,0.8783377981092207,69.63115874,0.3761185299999994
2013-09-21 07:00:00,69.16183248,69.63654155625001,0.8597231367151661,70.00727727,-0.8454447900000019
2013-09-21 08:00:00,68.43812628,69.61806845166667,0.8811489863380667,69.16183248,-0.7237061999999952
2013-09-21 09:00:00,68.65276698,69.60773028208334,0.8913260345198402,68.43812628,0.2146406999999897
2013-09-21 10:00:00,68.15293671,69.54521574291667,0.9393148224139614,68.65276698,-0.4998302699999897
2013-09-21 11:00:00,69.64474901,69.57759920458334,0.9282682728964282,68.15293671,1.4918122999999923
2013-09-21 12:00:00,69.0369617,69.60307064916667,0.9033370433592508,69.64474901,-0.607787309999992
2013-09-21 13:00:00,68.59565354,69.58223076833333,0.9211420855358534,69.0369617,-0.4413081600000055
2013-09-21 14:00:00,69.91779386,69.60181359625,0.9231536669864169,68.59565354,1.3221403200000026
2013-09-21 15:00:00,68.59944984,69.60925650541667,0.9138915757970777,69.91779386,-1.3183440199999978
2013-09-21 16:00:00,68.66763575,69.60240838083334,0.9205605980264122,68.59944984,0.06818590999999685
2013-09-21 17:00:00,68.79732688,69.57074311875,0.9351351459101966,68.66763575,0.12969112999999766
2013-09-21 18:00:00,69.52728032,69.59973920125,0.9219080479082945,68.79732688,0.7299534400000027
2013-09-21 19:00:00,69.14499021,69.5629321575,0.9216855921852938,69.52728032,-0.38229010999999957
2013-09-21 20:00:00,69.36640493,69.49192445541668,0.8643464684676466,69.14499021,0.2214147199999985
2013-09-21 21:00:00,69.32436477,69.41004884583333,0.7751444747076468,69.36640493,-0.042040159999999105
2013-09-21 22:00:00,70.04079998,69.40754463625001,0.7729094040602217,69.32436477,0.7164352100000002
2013-09-21 23:00:00,70.32088532,69.35068244,0.6361262321817485,70.04079998,0.2800853399999994
2013-09-22 00:00:00,70.68643574,69.38394436875,0.6844837777201418,70.32088532,0.36555041999999105
2013-09-22 01:00:00,69.41778612,69.34196733583333,0.647754802205207,70.68643574,-1.2686496199999908
2013-09-22 02:00:00,69.52225613,69.34522604875,0.6484869833189112,69.41778612,0.10447001
2013-09-22 03:00:00,69.97825566,69.33827345541667,0.6403821156496143,69.52225613,0.4559995299999997
2013-09-22 04:00:00,69.84686459999999,69.35333303416667,0.6481954341164404,69.97825566,-0.13139106000001277
2013-09-22 05:00:00,69.94587165,69.36644607208333,0.6571812808180659,69.84686459999999,0.09900705000001153
2013-09-22 06:00:00,68.70555692,69.31220772416667,0.6557078190319209,69.94587165,-1.2403147299999944
2013-09-22 07:00:00,68.59229114,69.288476835,0.6715026809585917,68.70555692,-0.11326578000000609
2013-09-22 08:00:00,69.9367965,69.3509214275,0.6585459289635524,68.59229114,1.3445053599999994
2013-09-22 09:00:00,69.07467717,69.36850101875,0.6445820108818129,69.9367965,-0.8621193299999987
2013-09-22 10:00:00,68.77459707,69.39440353375001,0.6048787167739571,69.07467717,-0.3000801000000024
2013-09-22 11:00:00,68.96774462,69.3661950175,0.6084716315779188,68.77459707,0.19314755000000616
2013-09-22 12:00:00,69.51423059,69.38608122125,0.6050331142569112,68.96774462,0.546485969999992
2013-09-22 13:00:00,69.60984678,69.42833927291666,0.5824212531452456,69.51423059,0.09561619000000121
2013-09-22 14:00:00,68.45901476,69.36755681041667,0.6048100637258554,69.60984678,-1.1508320199999957
2013-09-22 15:00:00,68.66205887,69.37016552,0.6014788152829675,68.45901476,0.20304410999999334
2013-09-22 16:00:00,69.07470807,69.38712686666666,0.5863560326906705,68.66205887,0.41264920000000416
2013-09-22 17:00:00,68.98798244,69.39507084833333,0.57926662095337,69.07470807,-0.08672563000000366
2013-09-22 18:00:00,70.4512398,69.43356916,0.6178535230768524,68.98798244,1.46325736
2013-09-22 19:00:00,69.1587948,69.43414435125,0.6175795546625673,70.4512398,-1.2924450000000007
2013-09-22 20:00:00,70.02852311,69.46173260875,0.6291033798563167,69.1587948,0.8697283099999993
2013-09-22 21:00:00,70.30112967,69.50243114625,0.6510426099383886,70.02852311,0.27260655999999983
2013-09-22 22:00:00,71.02701721,69.54352353083333,0.7145291756572137,70.30112967,0.7258875400000022
2013-09-22 23:00:00,70.44438138,69.54866919999999,0.7207879966061402,71.02701721,-0.582635830000001
2013-09-23 00:00:00,71.21079549,69.57051752291666,0.7634591601618984,70.44438138,0.7664141099999995
2013-09-23 01:00:00,70.08097943,69.5981505775,0.7696675135525968,71.21079549,-1.129816059999996
2013-09-23 02:00:00,70.01900785,69.61884856583333,0.7742037982443991,70.08097943,-0.06197158000000513
2013-09-23 03:00:00,71.31684052,69.67462293499999,0.8460997340457962,70.01900785,1.2978326700000054
2013-09-23 04:00:00,69.49194049,69.65983443041667,0.8460600854042093,71.31684052,-1.824900029999995
2013-09-23 05:00:00,70.71476009,69.69187144874999,0.8715359836877223,69.49194049,1.222819599999994
2013-09-23 06:00:00,70.30901685,69.75868227916666,0.8539205730561391,70.71476009,-0.4057432399999925
2013-09-23 07:00:00,69.92749715,69.81431586291667,0.8173364964200206,70.30901685,-0.38151970000001256
2013-09-23 08:00:00,69.28252505,69.78705455250001,0.8239580898451819,69.92749715,-0.6449720999999897
2013-09-23 09:00:00,70.51499697,69.8470678775,0.8222672718380473,69.28252505,1.2324719199999947
2013-09-23 10:00:00,69.17037572,69.86355865458333,0.8035798077656221,70.51499697,-1.344621250000003
2013-09-23 11:00:00,69.67300935,69.89294468499999,0.7820022515655327,69.17037572,0.5026336300000054
2013-09-23 12:00:00,70.98686733,69.95430454916666,0.808326628734548,69.67300935,1.3138579799999945
2013-09-23 13:00:00,72.71037561,70.08349325041667,0.9803446118913243,70.98686733,1.7235082800000043
2013-09-23 14:00:00,72.84618043,70.26629182,1.069259807223183,72.71037561,0.13580482000000416
2013-09-23 15:00:00,71.49931817,70.3845109575,1.0406447121127156,72.84618043,-1.3468622600000089
2013-09-23 16:00:00,71.82884072,70.49926648458333,1.041781615735446,71.49931817,0.3295225500000072
2013-09-23 17:00:00,71.96846019,70.6234530575,1.0313882764325566,71.82884072,0.13961946999999952
2013-09-23 18:00:00,72.38205511,70.70390369541667,1.090955092431441,71.96846019,0.4135949199999942
2013-09-23 19:00:00,73.10852105,70.8684756225,1.1443437150498237,72.38205511,0.7264659399999971
2013-09-23 20:00:00,72.50710177,70.97174973333334,1.1766315369986795,73.10852105,-0.6014192799999876
2013-09-23 21:00:00,71.36822279,71.01621194666667,1.170333194699305,72.50710177,-1.1388789800000012
2013-09-23 22:00:00,71.73373415,71.04565848583333,1.1794719909801616,71.36822279,0.3655113599999993
2013-09-23 23:00:00,70.39800507,71.04372613958334,1.1805374099850492,71.73373415,-1.3357290800000072
2013-09-24 00:00:00,71.02329854,71.03591376666667,1.180004008458348,70.39800507,0.6252934700000026
2013-09-24 01:00:00,70.42861121,71.05039842416666,1.1698624791013061,71.02329854,-0.5946873299999993
2013-09-24 02:00:00,71.29850242,71.10371069791667,1.149799138823439,70.42861121,0.8698912100000058
2013-09-24 03:00:00,70.41391036,71.06608860791667,1.1572701281198245,71.29850242,-0.8845920600000028
2013-09-24 04:00:00,69.83300525,71.08029963958333,1.1390501539786249,70.41391036,-0.5809051100000033
2013-09-24 05:00:00,70.04073494,71.05221525833333,1.1566284745729167,69.83300525,0.20772968999999364
2013-09-24 06:00:00,69.2952676,71.00997570625,1.2025490631618772,70.04073494,-0.7454673399999905
2013-09-24 07:00:00,69.80497056,71.00487043166666,1.2075939027314648,69.2952676,0.5097029599999985
2013-09-24 08:00:00,70.47845996,71.05470105291666,1.157049282544014,69.80497056,0.673489399999994
2013-09-24 09:00:00,68.87983862,70.98656945500001,1.235681296415967,70.47845996,-1.598621339999994
2013-09-24 10:00:00,70.82988977,71.05571587375,1.1745513391781233,68.87983862,1.950051149999993
2013-09-24 11:00:00,71.7612628,71.14272643416666,1.1446349056005665,70.82988977,0.9313730300000032
2013-09-24 12:00:00,71.23686153,71.15314285916666,1.1442923359728618,71.7612628,-0.5244012699999985
2013-09-24 13:00:00,72.17708088,71.13092224541667,1.117604949801,71.23686153,0.9402193500000067
2013-09-24 14:00:00,73.52407232,71.15916774083333,1.1701699652703617,72.17708088,1.3469914399999965
2013-09-24 15:00:00,73.43257426,71.23972007791667,1.2578586840164212,73.52407232,-0.09149806000000638
2013-09-24 16:00:00,71.96142812,71.24524455291667,1.260846190620988,73.43257426,-1.4711461400000019
2013-09-24 17:00:00,72.06857704,71.24941608833333,1.2635058122207454,71.96142812,0.1071489200000002
2013-09-24 18:00:00,72.80742737,71.2671399325,1.2829190277679527,72.06857704,0.7388503300000053
2013-09-24 19:00:00,74.18072649,71.31181515916667,1.3658198607860097,72.80742737,1.3732991199999987
2013-09-24 20:00:00,72.6407991,71.31738588124999,1.3711691767784797,74.18072649,-1.5399273900000026
2013-09-24 21:00:00,72.49329287,71.36426380125,1.3920557970870644,72.6407991,-0.14750622999999052
2013-09-24 22:00:00,73.37279171,71.43255786625,1.449971258917052,72.49329287,0.8794988399999966
2013-09-24 23:00:00,72.84631814,71.53457091083332,1.4601108019570528,73.37279171,-0.5264735700000074
2013-09-25 00:00:00,73.74634464,71.64803116499999,1.523095072984611,72.84631814,0.9000265000000098
2013-09-25 01:00:00,73.08950487,71.75890173416667,1.5273118535237964,73.74634464,-0.6568397700000048
2013-09-25 02:00:00,73.12797789,71.83512987875001,1.548837136347596,73.08950487,0.03847301999999786
2013-09-25 03:00:00,72.85145065,71.93669405749999,1.5314116127350088,73.12797789,-0.27652723999999296
2013-09-25 04:00:00,71.78459362,72.01801023958333,1.4652352143018237,72.85145065,-1.0668570300000084
2013-09-25 05:00:00,71.96428662,72.09815822624999,1.4036927569628705,71.78459362,0.17969300000000032
2013-09-25 06:00:00,70.98315976,72.16848706625,1.2952496050570954,71.96428662,-0.9811268599999892
2013-09-25 07:00:00,72.09370496,72.26385099958334,1.193962434402379,70.98315976,1.11054519999999
2013-09-25 08:00:00,70.47875896,72.26386345791667,1.193942996261575,72.09370496,-1.6149460000000033
2013-09-25 09:00:00,71.15613714,72.35870922958333,0.985680815334022,70.47875896,0.6773781800000052
2013-09-25 10:00:00,71.79613981,72.39896964791667,0.9391561240892157,71.15613714,0.6400026700000012
2013-09-25 11:00:00,70.53267958,72.34777868041667,1.006496364160403,71.79613981,-1.2634602299999926
2013-09-25 12:00:00,70.92408688,72.33474640333333,1.0233892683700943,70.53267958,0.39140729999999735
2013-09-25 13:00:00,71.07714472,72.28891573,1.054901220143483,70.92408688,0.15305784000000244
2013-09-25 14:00:00,72.12801602,72.2307467175,1.0218025661519143,71.07714472,1.0508712999999972
2013-09-25 15:00:00,73.76239725,72.24448934208333,1.040712181210168,72.12801602,1.6343812300000025
2013-09-25 16:00:00,73.50455944,72.30878648041666,1.069728053271941,73.76239725,-0.25783781000001227
2013-09-25 17:00:00,74.06381073,72.3919212175,1.1262838625152707,73.50455944,0.559251290000006
2013-09-25 18:00:00,75.84971566,72.51868322958333,1.3281877691863788,74.06381073,1.785904930000001
2013-09-25 19:00:00,74.917338,72.54937537583332,1.3759179066595426,75.84971566,-0.9323776600000002
2013-09-25 20:00:00,74.48204982,72.62609415583334,1.4314490328792122,74.917338,-0.4352881800000006
2013-09-25 21:00:00,75.4754704,72.75035155291667,1.5443982486166516,74.48204982,0.9934205800000058
2013-09-25 22:00:00,75.86633429,72.85424916041667,1.6670940665927965,75.4754704,0.39086388999999144
2013-09-25 23:00:00,75.82692618,72.97844116208334,1.7740672809773246,75.86633429,-0.039408109999996555
2013-09-26 00:00:00,74.83518922,73.02380968625,1.8081539568507796,75.82692618,-0.9917369599999972
2013-09-26 01:00:00,75.84170562,73.13848471749999,1.8975646836405071,74.83518922,1.0065163999999953
2013-09-26 02:00:00,74.56152098,73.19821567958333,1.9196533276338983,75.84170562,-1.2801846400000017
2013-09-26 03:00:00,74.74597341,73.27715412791667,1.9435774050884962,74.56152098,0.18445243000000744
2013-09-26 04:00:00,73.95196621,73.36746131916667,1.921437948012768,74.74597341,-0.79400720000001
2013-09-26 05:00:00,74.73785827,73.48302680458333,1.916777260628794,73.95196621,0.785892060000009
2013-09-26 06:00:00,73.40944252,73.58412191958332,1.841709987668162,74.73785827,-1.328415750000005
2013-09-26 07:00:00,74.09665445,73.66757814833333,1.8164440761395104,73.40944252,0.6872119300000037
2013-09-26 08:00:00,74.24341181,73.82443868375,1.687038568260849,74.09665445,0.14675735999999517
2013-09-26 09:00:00,72.4241878,73.87727412791666,1.618294209259279,74.24341181,-1.8192240099999992
2013-09-26 10:00:00,73.53577955,73.94975911708333,1.5588952627817447,72.4241878,1.1115917500000023
2013-09-26 11:00:00,72.89263790000003,74.04809071375,1.4003503655160245,73.53577955,-0.6431416499999756
2013-09-26 12:00:00,74.20179708,74.18466197208333,1.232162310205571,72.89263790000003,1.3091591799999804
2013-09-26 13:00:00,73.82891751,74.29931917166667,1.0441041747586322,74.20179708,-0.37287957000000915
2013-09-26 14:00:00,75.00384972,74.41914557583333,0.9443363495312734,73.82891751,1.1749322100000086
2013-09-26 15:00:00,75.06654759999998,74.47348517375,0.9424224165006649,75.00384972,0.06269787999997334
2013-09-26 16:00:00,76.10375919,74.58178516333334,0.9750175748809712,75.06654759999998,1.0372115900000267
2013-09-26 17:00:00,75.0111683,74.62125839541666,0.9723087794513104,76.10375919,-1.092590890000011
2013-09-26 18:00:00,76.19220719,74.63552887583334,0.9934070859898163,75.0111683,1.1810388900000106
2013-09-26 19:00:00,75.75430219,74.67040238375,1.0181136682525693,76.19220719,-0.43790500000000065
2013-09-26 20:00:00,76.55201347,74.75665086916666,1.0868228029654499,75.75430219,0.7977112800000015
2013-09-26 21:00:00,76.3420965,74.79276029,1.1254539273578894,76.55201347,-0.20991697000000897
2013-09-26 22:00:00,77.36149124,74.85505849625001,1.22448822395472,76.3420965,1.0193947400000098
2013-09-26 23:00:00,76.62602951,74.88835446833333,1.2623433533218567,77.36149124,-0.7354617300000115
2013-09-27 00:00:00,77.08086395,74.98192424875,1.3391251370356987,76.62602951,0.45483443999999906
2013-09-27 01:00:00,77.09614267,75.03419245916668,1.397358056841569,77.08086395,0.015278720000011958
2013-09-27 02:00:00,76.94079244,75.13332877,1.4459215860953958,77.09614267,-0.15535023000001047
2013-09-27 03:00:00,76.9216273,75.22398101541667,1.4881647861835445,76.94079244,-0.01916513999999836
2013-09-27 04:00:00,76.41395592,75.32656392,1.4815099885513114,76.9216273,-0.5076713799999908
2013-09-27 05:00:00,76.76728419,75.41112333333334,1.5041904647976365,76.41395592,0.35332826999999156
2013-09-27 06:00:00,75.56516500000002,75.50094510333334,1.4425659189029612,76.76728419,-1.2021191899999764
2013-09-27 07:00:00,75.00316640000001,75.53871643458334,1.4158179251347431,75.56516500000002,-0.5619986000000097
2013-09-27 08:00:00,74.96022554,75.56858367333332,1.3947082838496216,75.00316640000001,-0.042940860000015846
2013-09-27 09:00:00,76.25958507,75.72839189291668,1.2285938771573939,74.96022554,1.2993595300000038
2013-09-27 10:00:00,75.03195475,75.79073252625,1.1478030118621685,76.25958507,-1.227630320000003
2013-09-27 11:00:00,75.97741221,75.91926478916666,0.9677583726883283,75.03195475,0.9454574600000001
2013-09-27 12:00:00,74.70847211,75.94037624875,0.9335863783041913,75.97741221,-1.2689400999999947
2013-10-01 12:00:00,75.66428844,76.01685003749999,0.8215581642402754,74.70847211,0.9558163300000047
2013-10-01 13:00:00,76.15183593,76.06468279625001,0.7929353829908813,75.66428844,0.4875474899999972
2013-10-01 14:00:00,74.94798282,76.05974259708333,0.7997643465451695,76.15183593,-1.2038531100000114
2013-10-01 15:00:00,76.11749514,76.06031492833334,0.7998021294523231,74.94798282,1.1695123200000097
2013-10-01 16:00:00,76.35342739,76.11624239041667,0.769609059069386,76.11749514,0.23593224999999052
2013-10-01 17:00:00,78.18999866,76.19948370166667,0.8785178234497039,76.35342739,1.8365712700000074
2013-10-01 18:00:00,78.34183958,76.30729775958334,0.9749867612435851,78.18999866,0.15184091999999794
2013-10-01 19:00:00,77.44052693,76.34431915375,1.0011994939232427,78.34183958,-0.9013126499999942
2013-10-01 20:00:00,76.20708541,76.33869369166668,1.001591743459117,77.44052693,-1.2334415199999995
2013-10-01 21:00:00,78.08998122,76.36904744083334,1.0440735284140037,76.20708541,1.8828958099999937
2013-10-01 22:00:00,78.05491504,76.42858433791667,1.0986770230047171,78.08998122,-0.03506618000000117
2013-10-01 23:00:00,78.98542499,76.50794104791667,1.2108912159857625,78.05491504,0.9305099500000011
2013-10-02 00:00:00,78.23875807,76.55555002291666,1.256621955838317,78.98542499,-0.7466669199999956
2013-10-02 01:00:00,78.65871078,76.62712995375,1.3265053137743128,78.23875807,0.419952710000004
2013-10-02 02:00:00,78.53164898,76.69421419041667,1.3816126832646014,78.65871078,-0.127061800000007
2013-10-02 03:00:00,78.14277259999999,76.76624821875,1.4111185216445814,78.53164898,-0.38887638000001346
2013-10-02 04:00:00,76.73686252,76.76498064916666,1.4111312140238221,78.14277259999999,-1.405910079999984
2013-10-02 05:00:00,76.53612798,76.80543744,1.3889820150874181,76.73686252,-0.20073453999999913
2013-10-02 06:00:00,77.21543335,76.89761522958334,1.336595736524739,76.53612798,0.6793053699999945
2013-10-02 07:00:00,76.92976821,76.97967950750001,1.2713422153192775,77.21543335,-0.2856651399999919
2013-10-02 08:00:00,77.61334761,77.03608627999999,1.2680315375314821,76.92976821,0.6835793999999993
2013-10-02 09:00:00,75.94869317,77.07428371416667,1.2178501206188688,77.61334761,-1.6646544400000067
2013-10-02 10:00:00,76.80988678,77.10897015458333,1.1969264649468816,75.94869317,0.8611936100000008
2013-10-02 11:00:00,76.35617474,77.17762443083333,1.0962732597286025,76.80988678,-0.4537120399999992
2013-10-02 12:00:00,75.51487417,77.17139883624999,1.1056253158081937,76.35617474,-0.8413005700000014
2013-10-02 13:00:00,76.75914485,77.19670337458332,1.088086592492392,75.51487417,1.2442706799999996
2013-10-02 14:00:00,77.18231352,77.28980048708334,0.9772610160943616,76.75914485,0.4231686699999955
2013-10-02 15:00:00,76.72424559,77.31508175583333,0.9531666272942714,77.18231352,-0.45806792999999857
2013-10-02 16:00:00,77.02058259,77.34287988916667,0.9334256034735734,76.72424559,0.2963370000000083
2013-10-02 17:00:00,77.59412726,77.31805191416666,0.9177059765308462,77.02058259,0.5735446699999898
2013-10-02 18:00:00,76.57737238,77.24453244749999,0.9026767023309658,77.59412726,-1.0167548799999935
2013-10-02 19:00:00,78.14370344,77.27383146875,0.920549753478858,76.57737238,1.566331059999996
2013-10-02 20:00:00,76.44863817,77.28389616708333,0.9096353351820871,78.14370344,-1.6950652700000006
2013-10-02 21:00:00,77.11808435,77.24340046416667,0.89368316991872,76.44863817,0.6694461800000084
2013-10-02 22:00:00,76.66444143,77.18546406374999,0.8838030374988962,77.11808435,-0.45364292000000717
2013-10-02 23:00:00,77.60066939,77.12776591375,0.8026618189748219,76.66444143,0.9362279599999965
2013-10-03 00:00:00,76.44893235,77.05318984208334,0.7777098812085769,77.60066939,-1.1517370399999862
2013-10-03 01:00:00,77.72893525,77.014449195,0.7148750402551176,76.44893235,1.2800028999999995
2013-10-03 02:00:00,76.61186772,76.93445830916666,0.6413530902284736,77.72893525,-1.11706753
2013-10-03 03:00:00,77.04302364,76.88863543583334,0.5883671744118196,76.61186772,0.4311559199999948
2013-10-03 04:00:00,75.7689679,76.84830649333334,0.630859752919194,77.04302364,-1.2740557399999943
2013-10-03 05:00:00,76.38938955,76.84219239208333,0.6347161229104943,75.7689679,0.6204216499999973
2013-10-03 06:00:00,76.10096966,76.795756405,0.6468732793070866,76.38938955,-0.2884198900000001
2013-10-03 07:00:00,76.62421773,76.78302513499999,0.6471278422032422,76.10096966,0.523248069999994
2013-10-03 08:00:00,75.41072897,76.69124935833334,0.6796235061047505,76.62421773,-1.2134887600000042
2013-10-03 09:00:00,76.32543548,76.70694695458333,0.6659397636693982,75.41072897,0.914706510000002
2013-10-03 10:00:00,75.26776154,76.64269173625,0.7271597856558892,76.32543548,-1.0576739400000008
2013-10-03 11:00:00,75.11220118,76.59085950458334,0.7900837205778302,75.26776154,-0.1555603599999955
2013-10-03 12:00:00,76.37061231,76.62651526041667,0.7580752217842661,75.11220118,1.258411129999999
2013-10-03 13:00:00,75.17527773,76.56052079708334,0.8129807812155807,76.37061231,-1.1953345799999937
2013-10-03 14:00:00,76.48020188,76.53126614541667,0.8021940882763041,75.17527773,1.3049241499999908
2013-10-03 15:00:00,75.40371872,76.4762441925,0.8330749048834385,76.48020188,-1.076483159999995
2013-10-03 16:00:00,76.08145149,76.43711373000001,0.8284381766189443,75.40371872,0.6777327700000058
2013-10-03 17:00:00,74.83978917,76.32234964291668,0.8516427101424312,76.08145149,-1.2416623200000032
2013-10-03 18:00:00,74.700469,76.24414533541666,0.911293164453955,74.83978917,-0.13932017000000485
2013-10-03 19:00:00,75.46720555,76.13262458999999,0.8287575751906907,74.700469,0.7667365500000045
2013-10-03 20:00:00,74.52571486,76.05250278541668,0.8877310093955971,75.46720555,-0.9414906900000091
2013-10-03 21:00:00,75.50447062,75.98526887999999,0.8643145453662201,74.52571486,0.9787557600000127
2013-10-03 22:00:00,76.68142877,75.98597668583334,0.8649016727894097,75.50447062,1.1769581499999902
2013-10-03 23:00:00,77.07422539,75.96404151916666,0.8280613256803036,76.68142877,0.3927966199999986
2013-10-04 00:00:00,76.62848003,75.9715226725,0.8334262454558923,77.07422539,-0.44574535999998943
2013-10-04 01:00:00,75.65887074,75.88526998458333,0.7461928788809258,76.62848003,-0.9696092900000082
2013-10-04 02:00:00,76.78498097,75.89248303666666,0.754314390706185,75.65887074,1.126110230000009
2013-10-04 03:00:00,76.97398833,75.88960656541667,0.749854653803658,76.78498097,0.18900735999999085
2013-10-04 04:00:00,76.81809786,75.93332031375,0.7727468519507855,76.97398833,-0.15589047000000278
2013-10-04 05:00:00,76.18810762,75.92493356666667,0.7686633332732071,76.81809786,-0.6299902399999979
2013-10-04 06:00:00,75.14738658,75.88520093833333,0.7836674817899498,76.18810762,-1.040721039999994
2013-10-04 07:00:00,74.60880026,75.80122521041666,0.8086194711688958,75.14738658,-0.5385863200000074
2013-10-04 08:00:00,74.71020506,75.77203671416667,0.8355236771251547,74.60880026,0.10140480000001162
2013-10-04 09:00:00,74.33666665,75.68917134624999,0.8758978675851575,74.71020506,-0.373538410000009
2013-10-04 10:00:00,75.89063588,75.71512444375,0.8720881718287877,74.33666665,1.553969230000007
2013-10-04 11:00:00,74.92352501,75.70726293666667,0.8785857917501375,75.89063588,-0.9671108699999991
2013-10-04 12:00:00,76.25032166,75.70225082625,0.8749727033150118,74.92352501,1.3267966499999915
2013-10-04 13:00:00,76.76285447,75.76839985708334,0.8932217969800724,76.25032166,0.5125328099999962
2013-10-04 14:00:00,76.43795622,75.76663962125001,0.8917985819771024,76.76285447,-0.32489824999998973
2013-10-04 15:00:00,75.84095165,75.78485766,0.8885223081872695,76.43795622,-0.59700457000001
2013-10-04 16:00:00,76.30759992,75.79428051125,0.8929923834026305,75.84095165,0.4666482700000074
2013-10-04 17:00:00,76.37889288,75.8584098325,0.8765800727745886,76.30759992,0.07129295999999385
2013-10-04 18:00:00,74.50037961,75.85007277458334,0.8889363773508544,76.37889288,-1.8785132699999991
2013-10-04 19:00:00,75.46855478,75.8501289925,0.8889111537049874,74.50037961,0.9681751700000092
2013-10-04 20:00:00,76.23977529,75.92154817708332,0.8456817302888288,75.46855478,0.771220509999992
2013-10-04 21:00:00,75.60803745,75.92586346166667,0.8437229329055729,76.23977529,-0.6317378399999996
2013-10-04 22:00:00,75.53609477,75.87814121166667,0.8314302944746031,75.60803745,-0.07194267999999227
2013-10-04 23:00:00,76.15092858,75.83967051125,0.7942081483493172,75.53609477,0.6148338099999933
2013-10-05 00:00:00,77.04357167,75.85696599625,0.8163441766361471,76.15092858,0.8926430900000071
2013-10-05 01:00:00,76.83958927,75.90616260166667,0.8391462836322141,77.04357167,-0.203982400000001
2013-10-05 02:00:00,75.35704476,75.84666525958333,0.8246232191796042,76.83958927,-1.482544510000011
2013-10-05 03:00:00,75.26244693,75.77535103458332,0.796417957129014,75.35704476,-0.09459782999999788
2013-10-05 04:00:00,75.67256245,75.7276203925,0.7649110021155063,75.26244693,0.41011552000000506
2013-10-05 05:00:00,74.97423465,75.67704235208333,0.7732255877812717,75.67256245,-0.6983278000000013
2013-10-05 06:00:00,74.68662683,75.65784402916667,0.7924297109360863,74.97423465,-0.2876078200000052
2013-10-05 07:00:00,74.67127682,75.66044721916667,0.7889285763127818,74.68662683,-0.015350009999991698
2013-10-05 08:00:00,75.30039984,75.68503866833333,0.7669122469862775,74.67127682,0.6291230199999944
2013-10-05 09:00:00,75.41442640000002,75.72994532458334,0.7142730079878004,75.30039984,0.11402656000002764
2013-10-05 10:00:00,75.77834261,75.72526643833334,0.7135420472610172,75.41442640000002,0.3639162099999709
2013-10-05 11:00:00,76.30250549,75.78272395833334,0.7015961500988609,75.77834261,0.5241628800000058
2013-10-05 12:00:00,76.08729308,75.77593110083333,0.6976501533728883,76.30250549,-0.21521241000000657
2013-10-05 13:00:00,76.17387791,75.75139041083334,0.6712853334452523,76.08729308,0.08658483000000672
2013-10-05 14:00:00,74.59539903,75.67461719458333,0.694319698175473,76.17387791,-1.5784788800000058
2013-10-05 15:00:00,74.8586202,75.6336867175,0.712796484294523,74.59539903,0.26322117000000844
2013-10-05 16:00:00,76.15473545,75.62731736458333,0.7071735588548411,74.8586202,1.2961152499999997
2013-10-05 17:00:00,76.73544665,75.64217377166666,0.7271134061350076,76.15473545,0.5807111999999961
2013-10-05 18:00:00,76.81207028,75.73849421625,0.7223831538820832,76.73544665,0.07662363000000028
2013-10-05 19:00:00,76.76942959,75.79269733333332,0.749542169224703,76.81207028,-0.042640689999998926
2013-10-05 20:00:00,76.0742703,75.78580129208333,0.7460030588071611,76.76942959,-0.6951592900000065
2013-10-05 21:00:00,77.67624752,75.87197671166668,0.8383195160497087,76.0742703,1.601977220000009
2013-10-05 22:00:00,77.20513301,75.94151997166666,0.8775546490982317,77.67624752,-0.4711145100000067
2013-10-05 23:00:00,78.30547509,76.03129274291666,1.0013764864425687,77.20513301,1.1003420800000043
2013-10-06 00:00:00,76.57887568,76.01193041,0.9853161664973924,78.30547509,-1.7265994100000057
2013-10-06 01:00:00,76.88289528,76.01373482708333,0.9869360861478461,76.57887568,0.3040196000000037
2013-10-06 02:00:00,77.48251447,76.102296065,1.0202476861209442,76.88289528,0.5996191899999985
2013-10-06 03:00:00,76.38323965,76.14899576166667,1.0056809264104025,77.48251447,-1.099274820000005
2013-10-06 04:00:00,76.26112886,76.17351936208333,1.00072183200036,76.38323965,-0.12211078999999359
2013-10-06 05:00:00,77.83782089,76.29283545541666,1.0220005974659938,76.26112886,1.5766920300000038
2013-10-06 06:00:00,77.81793736,76.4233067275,1.007809585425656,77.83782089,-0.019883530000001315
2013-10-06 07:00:00,76.88455309,76.51552657208335,0.9394650445275485,77.81793736,-0.9333842700000048
2013-10-06 08:00:00,77.29695705,76.59871645583333,0.9152733581225275,76.88455309,0.412403960000006
2013-10-06 09:00:00,75.7818161,76.61402436,0.8975047935136635,77.29695705,-1.5151409500000028
2013-10-06 10:00:00,77.23681223,76.6747939275,0.88778453678751,75.7818161,1.4549961299999978
2013-10-06 11:00:00,77.65970467,76.73134389333333,0.9060764136408818,77.23681223,0.42289243999999826
2013-10-06 12:00:00,76.47686703,76.74757614125001,0.8974855239736981,77.65970467,-1.1828376400000025
2013-10-06 13:00:00,76.45250409,76.75918556541666,0.8915240804242727,76.47686703,-0.024362939999988953
2013-10-06 14:00:00,76.44446488,76.83622997583333,0.7677002933153909,76.45250409,-0.008039210000006847
2013-10-06 15:00:00,75.338712,76.85623380083334,0.7186152752621376,76.44446488,-1.1057528799999972
2013-10-06 16:00:00,75.43988813,76.82644849583333,0.7624338943813103,75.338712,0.10117612999999892
2013-10-06 17:00:00,76.11375195,76.80054455,0.7760988249655593,75.43988813,0.673863819999994
2013-10-06 18:00:00,75.44361839,76.74352572125,0.8240057016969415,76.11375195,-0.6701335599999965
2013-10-06 19:00:00,74.85664993,76.66382656875,0.9094634452877167,75.44361839,-0.5869684599999943
2013-10-06 20:00:00,75.89981187,76.65655746750001,0.9150604672614212,74.85664993,1.0431619399999903
2013-10-06 21:00:00,75.52638288,76.56697977416667,0.91612764989527,75.89981187,-0.37342898999999363
2013-10-06 22:00:00,76.70454118,76.54612178125,0.9066160032226475,75.52638288,1.1781583000000069
2013-10-06 23:00:00,76.91841747,76.48832771375,0.8306107127477789,76.70454118,0.21387628999998753
2013-10-07 00:00:00,76.77395886,76.49645617958333,0.8324877876522828,76.91841747,-0.14445861000000093
2013-10-07 01:00:00,76.24255849,76.46977548,0.82982109927625,76.77395886,-0.5314003700000001
2013-10-07 02:00:00,75.93339717,76.40522892583333,0.8075712797278619,76.24255849,-0.30916131999998697
2013-10-07 03:00:00,75.02163716,76.34849548875,0.8555835996908935,75.93339717,-0.911760010000009
2013-10-07 04:00:00,75.85554729,76.33159625666666,0.8613701620883887,75.02163716,0.8339101300000067
2013-10-07 05:00:00,75.36964545,76.22875561333333,0.8200703773989986,75.85554729,-0.485901840000011
2013-10-07 06:00:00,74.66467269,76.09736958541667,0.8068838771194162,75.36964545,-0.7049727599999898
2013-10-07 07:00:00,73.75869737,75.96712559708332,0.9188135672636094,74.66467269,-0.9059753200000102
2013-10-07 08:00:00,74.69866385,75.85886338041666,0.908325479664575,73.75869737,0.9399664800000096
2013-10-07 09:00:00,74.63334088,75.81101024625,0.9421824813558541,74.69866385,-0.06532296999999687
2013-10-07 10:00:00,74.24988343,75.68655487958334,0.9429312845206054,74.63334088,-0.38345745000000875
2013-10-07 11:00:00,75.38338771,75.59170833958332,0.8452536490470367,74.24988343,1.1335042799999968
2013-10-07 12:00:00,74.12097863,75.49354632291666,0.8742877109090975,75.38338771,-1.2624090799999976
2013-10-07 13:00:00,75.46608714,75.45244561666668,0.8500979127148206,74.12097863,1.3451085100000029
2013-10-07 14:00:00,74.99673301,75.39212345541667,0.8277147705893111,75.46608714,-0.46935412999999926
2013-10-07 15:00:00,75.84411143,75.413181765,0.8327108047849199,74.99673301,0.8473784199999983
2013-10-07 16:00:00,76.15467811,75.44296468083333,0.8463780276600584,75.84411143,0.310566680000008
2013-10-07 17:00:00,75.38180222,75.41246677541666,0.8342568930735137,76.15467811,-0.7728758900000088
2013-10-07 18:00:00,74.98612428,75.39340452083333,0.8387288932054867,75.38180222,-0.3956779399999988
2013-10-07 19:00:00,74.83290714,75.39241523791667,0.839403254120629,74.98612428,-0.1532171399999953
2013-10-07 20:00:00,75.33838706,75.36902253749999,0.8324423048038267,74.83290714,0.5054799199999991
2013-10-07 21:00:00,75.99301951,75.38846573041667,0.8416759013576259,75.33838706,0.654632449999994
2013-10-07 22:00:00,75.44383011,75.3359361025,0.79395562709804,75.99301951,-0.549189400000003
2013-10-07 23:00:00,74.71510278,75.24413132375,0.7276322317484969,75.44383011,-0.7287273299999981
2013-10-08 00:00:00,75.16393256,75.17704689458334,0.6505974225541016,74.71510278,0.44882978000001117
2013-10-08 01:00:00,73.98772604,75.0830955425,0.6528431372004255,75.16393256,-1.176206520000008
2013-10-08 02:00:00,72.99713921,74.96075146083334,0.7538787499348683,73.98772604,-0.990586829999998
2013-10-08 03:00:00,72.73963377,74.86566798625,0.8793361828728075,72.99713921,-0.25750544000000275
2013-10-08 04:00:00,72.56210332,74.72844115416667,0.9704086783786406,72.73963377,-0.1775304499999919
2013-10-08 05:00:00,71.95415339,74.586128985,1.1123496993975943,72.56210332,-0.6079499300000037
2013-10-08 06:00:00,71.53772099,74.45583933083333,1.2741171772445838,71.95415339,-0.41643240000000503
2013-10-08 07:00:00,73.3846364,74.44025345708333,1.2852550771947329,71.53772099,1.8469154100000083
2013-10-08 08:00:00,73.02911198,74.37068879583333,1.3154872900475454,73.3846364,-0.35552442000000894
2013-10-08 09:00:00,73.32056873,74.31598995625,1.3312892665524525,73.02911198,0.2914567500000089
2013-10-08 10:00:00,72.65757445,74.24964374874999,1.3737277721433852,73.32056873,-0.6629942800000066
2013-10-08 11:00:00,72.91058794,74.146610425,1.3777243070752738,72.65757445,0.25301349000000073
2013-10-08 12:00:00,72.00144343,74.05829645833333,1.4456946278603642,72.91058794,-0.9091445100000044
2013-10-08 13:00:00,72.17948397,73.92135465958334,1.4621120284296758,72.00144343,0.17804054000001202
2013-10-08 14:00:00,73.13684959999998,73.84385951750001,1.4518896845065656,72.17948397,0.9573656299999698
2013-10-08 15:00:00,72.74243972,73.71462319625,1.4033328853405587,73.13684959999998,-0.39440987999998356
2013-10-08 16:00:00,74.04314141,73.62664250041666,1.3065582911721478,72.74243972,1.300701690000011
2013-10-08 17:00:00,74.9362334,73.60807713291666,1.283496339037807,74.04314141,0.8930919900000021
2013-10-08 18:00:00,73.60819261,73.55066331333333,1.2495428617470639,74.9362334,-1.3280407900000029
2013-10-08 19:00:00,74.85510654,73.55158828833332,1.2505411302376905,73.60819261,1.246913929999991
2013-10-08 20:00:00,75.18349971,73.54513464875001,1.2412845235651682,74.85510654,0.32839317000001245
2013-10-08 21:00:00,74.64847435,73.48911193375,1.1532185641911876,75.18349971,-0.5350253600000059
2013-10-08 22:00:00,74.30749947,73.44176482375,1.0911309120319348,74.64847435,-0.34097488000000453
2013-10-08 23:00:00,74.22020409,73.421144045,1.0705018386238176,74.30749947,-0.08729538000000048
2013-10-09 00:00:00,73.93927621,73.37011669708333,1.0113715280052382,74.22020409,-0.280927879999993
2013-10-09 01:00:00,73.62134422,73.35485078791667,1.0043848489931388,73.93927621,-0.31793199000000527
2013-10-09 02:00:00,73.81914203,73.38910090541667,1.0056708849607903,73.62134422,0.1977978099999973
2013-10-09 03:00:00,72.9684546,73.39863510666667,1.0003163520076783,73.81914203,-0.8506874299999936
2013-10-09 04:00:00,73.01285776,73.41741654166667,0.9880839475435049,72.9684546,0.04440316000000166
2013-10-09 05:00:00,72.80505299,73.45287069166666,0.9477389467288383,73.01285776,-0.20780477000000985
2013-10-09 06:00:00,72.66330867,73.49977017833334,0.873812980643585,72.80505299,-0.1417443199999866
2013-10-09 07:00:00,72.77940061,73.47455202041667,0.8859297124585013,72.66330867,0.11609193999998979
2013-10-09 08:00:00,72.45267623,73.45053386416667,0.9061147794677639,72.77940061,-0.3267243800000017
2013-10-09 09:00:00,72.41013365,73.41259906916666,0.9305215076720543,72.45267623,-0.04254257999998856
2013-10-09 10:00:00,72.97620201,73.4258752175,0.9215102543598519,72.41013365,0.5660683599999885
2013-10-09 11:00:00,72.70599693,73.41735059208334,0.9274116888278696,72.97620201,-0.27020507999999666
2013-10-09 12:00:00,72.67329612,73.44534445416667,0.8922892479815298,72.70599693,-0.03270080999999436
2013-10-09 13:00:00,73.25471351,73.490145685,0.8520539922711149,72.67329612,0.5814173899999986
2013-10-09 14:00:00,74.21758249,73.53517622208334,0.8610809266429519,73.25471351,0.9628689799999961
2013-10-09 15:00:00,73.41679227,73.563274245,0.8449395130453562,74.21758249,-0.8007902199999961
2013-10-09 16:00:00,73.26801845,73.53097745500001,0.8406026166878062,73.41679227,-0.1487738200000024
2013-10-09 17:00:00,74.21654701,73.50099052208333,0.800156876398019,73.26801845,0.9485285599999997
2013-10-09 18:00:00,74.49963991,73.53813415958334,0.8256346790421841,74.21654701,0.28309289999999976
2013-10-09 19:00:00,74.93839694,73.54160459291667,0.8315648131322497,74.49963991,0.438757030000005
2013-10-09 20:00:00,74.48590659999998,73.51253821333333,0.7824185214716083,74.93839694,-0.4524903400000255
2013-10-09 21:00:00,74.5249187,73.50739006125,0.7749905565478806,74.48590659999998,0.03901210000002209
2013-10-09 22:00:00,74.94497354,73.53395148083334,0.8135690911346214,74.5249187,0.4200548400000059
2013-10-09 23:00:00,75.11312816,73.57115665041665,0.8651014584410649,74.94497354,0.1681546199999957
2013-10-10 00:00:00,73.45479839,73.55097007458333,0.861784285388877,75.11312816,-1.6583297700000088
2013-10-10 01:00:00,73.62753539,73.55122804,0.8618071933208016,73.45479839,0.17273700000001213
2013-10-10 02:00:00,74.65356252,73.58599556041666,0.8894727395902223,73.62753539,1.0260271299999886
2013-10-10 03:00:00,73.65569667,73.61463064666667,0.8797366830315457,74.65356252,-0.9978658499999966
2013-10-10 04:00:00,74.30833238,73.66860875583333,0.8809507399020852,73.65569667,0.6526357099999984
2013-10-10 05:00:00,72.36883324,73.65043293291667,0.9037474137075197,74.30833238,-1.9394991399999952
2013-10-10 06:00:00,72.63029089,73.64905719208333,0.9053391382908722,72.36883324,0.261457649999997
2013-10-10 07:00:00,72.92216679,73.65500578291666,0.8998288194858849,72.63029089,0.29187590000000796
2013-10-10 08:00:00,73.50841047,73.69899470958333,0.8635711248512842,72.92216679,0.5862436799999955
2013-10-10 09:00:00,73.8940062,73.7608227325,0.8192650142187817,73.50841047,0.3855957300000057
2013-10-10 10:00:00,72.75520825,73.75161465916666,0.829643313707128,73.8940062,-1.1387979500000114
2013-10-10 11:00:00,72.77342691,73.75442424166665,0.826054794226778,72.75520825,0.018218660000002274
2013-10-10 12:00:00,74.0173653,73.81042712416667,0.7945318081802981,72.77342691,1.2439383899999967
2013-10-10 13:00:00,74.07999403,73.84481381249999,0.7872607517472426,74.0173653,0.06262873000000013
2013-10-10 14:00:00,74.98348749,73.87672652083333,0.8179536356741252,74.07999403,0.9034934600000071
2013-10-10 15:00:00,74.93166228,73.93984610458332,0.8390947355179497,74.98348749,-0.05182521000000406
2013-10-10 16:00:00,75.00032977,74.01202574291666,0.8531801132946822,74.93166228,0.06866748999999572
2013-10-10 17:00:00,74.79545142,74.03614676,0.8672805601733572,75.00032977,-0.2048783499999871
2013-10-10 18:00:00,74.22649476,74.02476571208332,0.8627140161501141,74.79545142,-0.568956660000012
2013-10-10 19:00:00,74.89181277,74.02282470499999,0.8606189394099697,74.22649476,0.6653180100000071
2013-10-10 20:00:00,76.03381278,74.08732079583334,0.9501736306492051,74.89181277,1.1420000100000038
2013-10-10 21:00:00,75.75160616,74.13843277333334,1.0060846143549127,76.03381278,-0.28220662000001084
2013-10-10 22:00:00,75.35499490000002,74.15551699666666,1.023702875579785,75.75160616,-0.3966112599999718
2013-10-10 23:00:00,75.3520882,74.16547366500001,1.0345265361183593,75.35499490000002,-0.002906700000025353
2013-10-11 00:00:00,75.59122877,74.25449159749999,1.0622612508851899,75.3520882,0.23914057000000355
2013-10-11 01:00:00,74.60615095,74.29526724583333,1.0559121901936535,75.59122877,-0.9850778200000008
2013-10-11 02:00:00,73.66657269,74.25414266958333,1.060560855124434,74.60615095,-0.9395782600000047
2013-10-11 03:00:00,75.29576071,74.32247867125,1.0730879788771668,73.66657269,1.6291880200000008
2013-10-11 04:00:00,73.07467638,74.27107633791667,1.1029270795204265,75.29576071,-2.2210843299999965
2013-10-11 05:00:00,73.54096289,74.31991507333333,1.0391384139383772,73.07467638,0.4662865100000033
2013-10-11 06:00:00,73.56748044,74.35896463791667,0.9892977295973668,73.54096289,0.026517549999994117
2013-10-11 07:00:00,72.23943668,74.33051755,1.0408800409987409,73.56748044,-1.32804376
2013-10-11 08:00:00,72.98971633,74.30890529416666,1.0638240432383095,72.23943668,0.750279649999996
2013-10-11 09:00:00,71.8624757,74.22425818999999,1.1734473555071827,72.98971633,-1.1272406299999886
2013-10-11 10:00:00,72.15907086,74.19941913208334,1.2115852623373111,71.8624757,0.2965951599999954
2013-10-11 11:00:00,73.28710779,74.22082250208334,1.1896374524000008,72.15907086,1.1280369299999933
2013-10-11 12:00:00,73.23267068,74.18812689291666,1.2061409948821111,73.28710779,-0.05443710999999496
2013-10-11 13:00:00,72.91831075,74.13972342291667,1.2336647615290453,73.23267068,-0.31435992999999485
2013-10-11 14:00:00,74.13951981,74.10455810291667,1.220526346816888,72.91831075,1.2212090599999925
2013-10-11 15:00:00,73.91840559,74.06233907416667,1.208133984800639,74.13951981,-0.22111421999998981
2013-10-11 16:00:00,74.05658495,74.02301637333333,1.19152101642782,73.91840559,0.1381793599999952
2013-10-11 17:00:00,74.4819446,74.00995358916667,1.1843816510615452,74.05658495,0.4253596500000043
2013-10-11 18:00:00,75.13591435,74.04784607208335,1.205961910558858,74.4819446,0.6539697499999875
2013-10-11 19:00:00,75.68312614,74.08081746250001,1.2403660994414158,75.13591435,0.5472117900000057
2013-10-11 20:00:00,74.4794284,74.01605144666667,1.172691331950868,75.68312614,-1.2036977399999955
2013-10-14 19:00:00,72.98303434,73.9006942875,1.1299348515336802,74.4794284,-1.49639406
2013-10-14 20:00:00,73.97904439,73.84336301625,1.0870298015087672,72.98303434,0.9960100499999953
2013-10-14 21:00:00,72.80960896,73.73742638124999,1.0570802945306872,73.97904439,-1.169435429999993
2013-10-14 22:00:00,74.45908003,73.69025351708333,0.9941442731105868,72.80960896,1.64947106999999
2013-10-14 23:00:00,73.22449615,73.63268456708333,0.9786847123811604,74.45908003,-1.2345838800000024
2013-10-15 00:00:00,74.08849517,73.65026467041666,0.9830994483680753,73.22449615,0.8639990200000085
2013-10-15 01:00:00,72.09427723,73.51686952541667,0.9671904949095326,74.08849517,-1.9942179399999986
2013-10-15 02:00:00,73.30412261,73.52642978499999,0.9637574639838099,72.09427723,1.2098453799999902
2013-10-15 03:00:00,72.49226170000001,73.48273390208334,0.986573402992535,73.30412261,-0.8118609099999787
2013-10-15 04:00:00,71.55592659,73.39891915833333,1.0616502617449912,72.49226170000001,-0.9363351100000159
2013-10-15 05:00:00,71.92880201,73.38597604708333,1.0781657860988112,71.55592659,0.37287541999999974
2013-10-15 06:00:00,72.20455302,73.35326090916668,1.102353322842613,71.92880201,0.27575101000000757
2013-10-15 07:00:00,71.5729309,73.3411965425,1.1208080691262354,72.20455302,-0.631622120000003
2013-10-15 08:00:00,71.38455809,73.30892517708334,1.166541992381941,71.5729309,-0.18837281000000416
2013-10-15 09:00:00,71.57838797,73.23772851791666,1.2188999485256535,71.38455809,0.19382987999999557
2013-10-15 10:00:00,72.33092601,73.20015582333333,1.2328806348199979,71.57838797,0.7525380400000046
2013-10-15 11:00:00,72.5020361,73.18281104625,1.2399262159878477,72.33092601,0.1711100899999991
2013-10-15 12:00:00,72.16890223,73.10070198041667,1.239065309462097,72.5020361,-0.3331338699999975
2013-10-15 13:00:00,71.80124576,73.0124869875,1.2535980803416107,72.16890223,-0.36765647
2013-10-15 14:00:00,71.98653741,72.92623500666666,1.249844749686991,71.80124576,0.18529164999999637
2013-10-15 15:00:00,73.57829998,72.8885831475,1.214039361729423,71.98653741,1.5917625700000002
2013-10-15 16:00:00,73.76993449,72.83166732,1.133444978299974,73.57829998,0.1916345100000001
2013-10-15 17:00:00,73.90520817,72.75758740458333,0.9877072149085684,73.76993449,0.1352736799999974
2013-10-15 18:00:00,73.88052554,72.73263311875,0.9491258203145073,73.90520817,-0.024682630000000927
2013-10-15 19:00:00,72.72460722,72.72186532208333,0.9476262535336408,73.88052554,-1.1559183199999978
2013-10-15 20:00:00,73.87825084,72.71766559083333,0.9420191502784473,72.72460722,1.153643620000011
2013-10-15 21:00:00,73.1538236,72.7320078675,0.9460913926008256,73.87825084,-0.7244272400000114
2013-10-15 22:00:00,74.25507299,72.72350757416667,0.9306907258622713,73.1538236,1.1012493900000067
2013-10-15 23:00:00,72.78303586,72.70511339541666,0.9247019258858817,74.25507299,-1.472037130000004
2013-10-16 00:00:00,72.70043711,72.64727764291666,0.8765716652895233,72.78303586,-0.0825987500000025
2013-10-16 01:00:00,72.55484862,72.6664681175,0.8689470495943853,72.70043711,-0.1455884899999944
2013-10-16 02:00:00,72.52805707,72.63413205333335,0.8585641675681971,72.55484862,-0.026791549999998665
2013-10-16 03:00:00,73.14618943,72.66137904208333,0.8642238006361785,72.52805707,0.6181323600000042
2013-10-16 04:00:00,71.23182363,72.64787475208333,0.8845419019867292,73.14618943,-1.914365800000013
2013-10-16 05:00:00,72.41740232,72.66823309833333,0.8728174144381966,71.23182363,1.1855786899999998
2013-10-16 06:00:00,71.66301343,72.64566894875,0.892112380374905,72.41740232,-0.7543888899999871
2013-10-16 07:00:00,71.06682037,72.62458101,0.923984908768762,71.66301343,-0.5961930600000045
2013-10-16 08:00:00,72.17174017,72.65738026333334,0.8914520535603677,71.06682037,1.1049198000000047
2013-10-16 09:00:00,71.98736373,72.67442092,0.8736610659519569,72.17174017,-0.1843764400000083
2013-10-16 10:00:00,71.53260775,72.64115765916667,0.9020440081611304,71.98736373,-0.4547559800000016
2013-10-16 11:00:00,72.36545699,72.63546686291666,0.903389675611493,71.53260775,0.8328492400000016
2013-10-16 12:00:00,72.78437383,72.66111151291666,0.8982907443638279,72.36545699,0.4189168400000085
2013-10-16 13:00:00,71.97296390000002,72.66826643541667,0.8918045556638413,72.78437383,-0.8114099299999822
2013-10-16 14:00:00,72.4644608,72.68817991,0.8811928319839254,71.97296390000002,0.4914968999999729
2013-10-16 15:00:00,72.62455626,72.64844058833333,0.8605698735131028,72.4644608,0.16009546000000796
2013-10-16 16:00:00,73.55532127,72.63949837083332,0.8494529325644838,72.62455626,0.9307650099999876
2013-10-16 17:00:00,72.89143683,72.59725789833334,0.8079697061116992,73.55532127,-0.6638844399999897
2013-10-16 18:00:00,74.21730356,72.61129031583333,0.8337394117396137,72.89143683,1.3258667300000013
2013-10-16 19:00:00,75.25147517,72.71657648041666,0.9930078037777297,74.21730356,1.0341716100000014
2013-10-16 20:00:00,75.28003046,72.77498396458334,1.0997908502574112,75.25147517,0.0285552899999999
2013-10-16 21:00:00,73.45611639,72.7875794975,1.1060315350864856,75.28003046,-1.8239140700000007
2013-10-16 22:00:00,67.59220788,72.50996011791666,1.490909279269011,73.45611639,-5.863908510000002
2013-10-16 23:00:00,74.3959065,72.57716306125,1.5393176743382886,67.59220788,6.803698619999992
2013-10-17 00:00:00,72.76152535,72.57970840458334,1.5395808609469992,74.3959065,-1.6343811499999958
2013-10-17 01:00:00,72.84667905,72.59186800583333,1.540528128033459,72.76152535,0.08515370000000644
2013-10-17 02:00:00,74.06782481,72.65602499500001,1.5695445032272803,72.84667905,1.2211457599999989
2013-10-17 03:00:00,73.40328569,72.66673733916667,1.5739066883614425,74.06782481,-0.6645391200000006
2013-10-17 04:00:00,72.4928657,72.71928075875,1.5446990222657344,73.40328569,-0.9104199900000083
2013-10-17 05:00:00,72.36963864,72.71729060541666,1.5451355724718974,72.4928657,-0.12322705999999073
2013-10-17 06:00:00,70.63012656,72.6742536525,1.58952428820972,72.36963864,-1.7395120800000115
2013-10-17 07:00:00,70.32611117,72.64339076916667,1.6287976705080582,70.63012656,-0.30401538999998934
2013-10-17 08:00:00,71.46025104,72.61374538874999,1.6441577141704673,70.32611117,1.1341398699999985
2013-10-17 09:00:00,71.14590855,72.57868475625,1.6669099842740216,71.46025104,-0.31434249000000136
2013-10-17 10:00:00,71.46817075,72.57599988125001,1.6687190589901155,71.14590855,0.3222621999999973
2013-10-17 11:00:00,71.41876211,72.53655426125,1.6850217884529457,71.46817075,-0.049408639999995785
2013-10-17 12:00:00,72.99363734,72.54527357416667,1.686900290887366,71.41876211,1.5748752300000035
2013-10-17 13:00:00,72.24666709,72.55667787375,1.6837852759697907,72.99363734,-0.7469702500000039
2013-10-17 14:00:00,73.45167119,72.59781164,1.6934651514904717,72.24666709,1.2050040999999965
2013-10-17 15:00:00,74.39956072,72.67177015916667,1.732982661487783,73.45167119,0.9478895299999976
2013-10-17 16:00:00,72.81416628,72.64088870125,1.7231289910904546,74.39956072,-1.5853944400000017
2013-10-17 17:00:00,73.03240204,72.64676225166666,1.7242600343823427,72.81416628,0.2182357599999989
2013-10-17 18:00:00,75.04333658,72.68118029416667,1.7647417521666497,73.03240204,2.010934540000008
2013-10-17 19:00:00,73.92938757,72.62609331083333,1.7004856752454753,75.04333658,-1.113949009999999
2013-10-17 20:00:00,73.81507515,72.56505350625,1.6257287337996462,73.92938757,-0.11431242000000452
2013-10-17 21:00:00,74.08455767,72.59123855958333,1.6456438430538585,73.81507515,0.26948251999999684
2013-10-17 22:00:00,73.38180602,72.83247181541667,1.2601820038139757,74.08455767,-0.7027516499999962
2013-10-17 23:00:00,73.23701247,72.78418456416667,1.2192070663379933,73.38180602,-0.14479355000000282
2013-10-18 00:00:00,72.99037413,72.79371993,1.2199168461367527,73.23701247,-0.24663833999998985
2013-10-18 01:00:00,72.99012950000002,72.79969703208333,1.22053887238459,72.99037413,-0.00024462999998320356
2013-10-18 02:00:00,72.66562134,72.7412718875,1.1903845284221284,72.99012950000002,-0.3245081600000219
2013-10-18 03:00:00,72.51950292,72.70444760541666,1.1826596228486197,72.66562134,-0.14611842000000763
2013-10-18 04:00:00,72.45390193,72.702824115,1.1829893967759804,72.51950292,-0.06560098999999298
2013-10-18 05:00:00,72.03998157,72.68908840375,1.18892515581031,72.45390193,-0.41392036000000587
2013-10-18 06:00:00,72.47195408,72.76583121708333,1.1068554364524548,72.03998157,0.43197251000000847
2013-10-18 07:00:00,72.34968064,72.85014661166666,0.9830806803114538,72.47195408,-0.12227344000000073
2013-10-18 08:00:00,71.45220535,72.84981137458334,0.9835764978926441,72.34968064,-0.8974752900000027
2013-10-18 09:00:00,71.55743829999999,72.86695844750001,0.9557744304423443,71.45220535,0.10523294999998711
2013-10-18 10:00:00,72.63790855,72.9156975225,0.9100753532564885,71.55743829999999,1.080470250000019
2013-10-18 11:00:00,71.85849263,72.9340196275,0.8826409035114237,72.63790855,-0.7794159200000053
2013-10-18 12:00:00,72.93395917,72.93153303708334,0.8825497035277557,71.85849263,1.0754665399999936
2013-10-18 13:00:00,72.38591831,72.93733517125,0.8782989397051157,72.93395917,-0.5480408600000004
2013-10-18 14:00:00,73.80702055,72.95214139458334,0.8902602786983764,72.38591831,1.4211022400000104
2013-10-18 15:00:00,73.52710171,72.91578893583333,0.845262963934598,73.80702055,-0.27991884000000766
2013-10-18 16:00:00,74.83471181,72.99997833291667,0.9309795524177888,73.52710171,1.307610100000005
2013-10-18 17:00:00,74.21326248,73.04918085125,0.9634072943102729,74.83471181,-0.6214493300000044
2013-10-18 18:00:00,73.25223693,72.97455169916667,0.8667390056796221,74.21326248,-0.9610255500000022
2013-10-18 19:00:00,73.93628199999998,72.97483896708333,0.867070310623575,73.25223693,0.684045069999982
2013-10-18 20:00:00,73.04669143,72.94282297875,0.848687390880799,73.93628199999998,-0.8895905699999815
2013-10-18 21:00:00,73.08417829999998,72.901140505,0.8140329430876024,73.04669143,0.037486869999980854
2013-10-18 22:00:00,74.19287354,72.934934985,0.850858053794239,73.08417829999998,1.1086952400000172
2013-10-18 23:00:00,73.41808921,72.94247984916667,0.8544484067675377,74.19287354,-0.7747843299999886
2013-10-19 00:00:00,74.12963911,72.98994922333334,0.8882043656548101,73.41808921,0.7115498999999943
2013-10-19 01:00:00,73.46278565,73.00964322958333,0.8934332083641626,74.12963911,-0.6668534599999987
2013-10-19 02:00:00,73.62789649,73.0497380275,0.8988986124432569,73.46278565,0.16511083999999698
2013-10-19 03:00:00,71.92833946,73.02510621666666,0.9218661250267558,73.62789649,-1.699557029999994
2013-10-19 04:00:00,72.26119661,73.01707682833333,0.9278772114946604,71.92833946,0.33285714999999527
2013-10-19 05:00:00,71.47946165,72.99372183166666,0.9600372525148854,72.26119661,-0.7817349599999943
2013-10-19 06:00:00,72.63321496,73.00044103500001,0.9567854962950458,71.47946165,1.153753309999999
2013-10-19 07:00:00,72.24354039,72.99601852458333,0.9601636016509482,72.63321496,-0.38967456999999683
2013-10-19 08:00:00,71.57056509,73.00095018041667,0.9521600142093072,72.24354039,-0.6729753000000045
2013-10-19 09:00:00,72.2797028,73.03104453458333,0.9152508585164585,71.57056509,0.7091377099999931
2013-10-19 10:00:00,73.01911793,73.04692825874999,0.9114314207602641,72.2797028,0.7394151299999976
2013-10-19 11:00:00,71.61445258,73.03675992333332,0.9265032965208713,73.01911793,-1.4046653499999877
2013-10-19 12:00:00,71.26409105,72.96718208499999,0.9947469280562717,71.61445258,-0.3503615300000007
2013-10-19 13:00:00,71.75373049,72.94084092583334,1.0188855379556854,71.26409105,0.4896394399999906
2013-10-19 14:00:00,72.57075359,72.8893298025,1.004337419535959,71.75373049,0.8170231000000001
2013-10-19 15:00:00,71.7959401,72.81719806875,1.0186058321495528,72.57075359,-0.7748134899999997
2013-10-19 16:00:00,71.53861613,72.67986074875,0.9549769740100966,71.7959401,-0.2573239700000016
2013-10-19 17:00:00,70.90022339,72.54181745333332,0.9631020738238457,71.53861613,-0.6383927400000005
2013-10-19 18:00:00,71.73254786,72.47849707541666,0.9643200592065084,70.90022339,0.8323244700000032
2013-10-19 19:00:00,71.71309029999998,72.38586408791666,0.9241393838518418,71.73254786,-0.019457560000020635
2013-10-19 20:00:00,72.76010528,72.37392299833333,0.9170537502855893,71.71309029999998,1.0470149800000286
2013-10-19 21:00:00,72.84417558,72.363922885,0.9102553202169271,72.76010528,0.08407029999999338
2013-10-19 22:00:00,71.99223058,72.27222942833333,0.824839887358727,72.84417558,-0.8519450000000006
2013-10-19 23:00:00,71.70725001,72.20094446166667,0.7948899104373548,71.99223058,-0.2849805700000019
2013-10-20 00:00:00,71.71438532,72.10030888708333,0.6854502043993353,71.70725001,0.007135310000009554
2013-10-20 01:00:00,72.55191183,72.06235581125,0.6296789184473922,71.71438532,0.8375265099999893
2013-10-20 02:00:00,71.03928043,71.95449680875,0.5685969574527309,72.55191183,-1.5126313999999894
2013-10-20 03:00:00,71.46046414,71.93500200375,0.577484064652504,71.03928043,0.421183709999994
2013-10-20 04:00:00,71.99130446,71.9237564975,0.5734696991694965,71.46046414,0.5308403199999958
2013-10-20 05:00:00,71.45046564,71.92254833041666,0.5744760825672194,71.99130446,-0.5408388199999905
2013-10-20 06:00:00,71.51504432,71.87595788708333,0.5594811296278822,71.45046564,0.06457867999999678
2013-10-20 07:00:00,70.99280008,71.82384370749999,0.5815687032596949,71.51504432,-0.5222442400000062
2013-10-20 08:00:00,71.34776909,71.81456054083334,0.5875349511528087,70.99280008,0.3549690100000049
2013-10-20 09:00:00,70.72845843,71.74992535874999,0.6186427586321444,71.34776909,-0.6193106599999965
2013-10-20 10:00:00,70.27507626,71.63559028916667,0.62738670310892,70.72845843,-0.4533821699999976
2013-10-20 11:00:00,70.27111929,71.57961806875001,0.6864929363545496,70.27507626,-0.0039569700000043895
2013-10-20 12:00:00,70.85408914,71.56253465583333,0.6996613896317978,70.27111929,0.5829698499999978
2013-10-20 13:00:00,69.94855497,71.48731900916665,0.7715511343884424,70.85408914,-0.9055341699999957
2013-10-20 14:00:00,69.53492069,71.36082597166667,0.8326415142634885,69.94855497,-0.4136342799999966
2013-10-20 15:00:00,70.92058525,71.32435285291666,0.8319248023675981,69.53492069,1.385664559999995
2013-10-20 16:00:00,70.99850582,71.30184825666667,0.8331810894232378,70.92058525,0.07792057000000341
2013-10-20 17:00:00,71.05686947,71.30837517666667,0.8305073461111792,70.99850582,0.058363649999989775
2013-10-20 18:00:00,72.14843798,71.32570393166667,0.8439722997975595,71.05686947,1.0915685100000019
2013-10-20 19:00:00,71.45617637,71.31499918458333,0.840467190088207,72.14843798,-0.6922616100000027
2013-10-20 20:00:00,73.27200083,71.33632816583334,0.884097743162731,71.45617637,1.8158244600000017
2013-10-20 21:00:00,71.80063059,71.29284712458333,0.8307686682047553,73.27200083,-1.4713702399999988
2013-10-20 22:00:00,73.01762667,71.33557196166667,0.8923827099476928,71.80063059,1.2169960800000013
2013-10-20 23:00:00,72.12768954,71.35309027541668,0.9040469162990292,73.01762667,-0.8899371299999927
2013-10-21 00:00:00,73.33199587,71.42049071500001,0.9885084195918987,72.12768954,1.2043063299999943
2013-10-21 01:00:00,73.21702132,71.44820361041667,1.0300570048470037,73.33199587,-0.11497454999999945
2013-10-21 02:00:00,72.41071376,71.50534666583333,1.0443271329505315,73.21702132,-0.8063075600000076
2013-10-21 03:00:00,72.12548765,71.53305597875,1.0518797614533022,72.41071376,-0.2852261099999964
2013-10-21 04:00:00,73.03066312,71.57636258958334,1.092189626128389,72.12548765,0.9051754700000032
2013-10-21 05:00:00,71.54792939,71.58042357916666,1.0918823143378615,73.03066312,-1.4827337300000067
2013-10-21 06:00:00,72.74034991,71.63147797875,1.1170488708431627,71.54792939,1.192420520000013
2013-10-21 07:00:00,71.35108732,71.64640661375,1.1105172876192346,72.74034991,-1.3892625900000013
2013-10-21 08:00:00,71.40181091,71.64865835625,1.1099400661407794,71.35108732,0.05072358999998983
2013-10-21 09:00:00,72.12977881,71.70704670541666,1.096201506048927,71.40181091,0.7279679000000101
2013-10-21 10:00:00,72.31327617,71.79197170166667,1.058752521691774,72.12977881,0.18349735999998984
2013-10-21 11:00:00,71.50759292,71.84349143624999,1.01051397147352,72.31327617,-0.8056832500000013
2013-10-21 12:00:00,73.42790189,71.95073363416667,1.037170134806319,71.50759292,1.9203089700000078
2013-10-21 13:00:00,74.33787739,72.13362206833334,1.0555975649429563,73.42790189,0.9099755000000016
2013-10-21 14:00:00,73.42943331,72.2958934275,0.9306961654251034,74.33787739,-0.9084440800000095
2013-10-21 15:00:00,72.64800749999998,72.36786935458333,0.8854051399561429,73.42943331,-0.781425810000016
2013-10-21 16:00:00,74.48313565,72.51306226416666,0.9353893281418729,72.64800749999998,1.835128150000017
2013-10-21 17:00:00,73.37484563,72.60964460416666,0.8973928673829945,74.48313565,-1.1082900199999983
2013-10-21 18:00:00,74.54468294,72.70948814416666,0.9738902999410631,73.37484563,1.1698373100000055
2013-10-21 19:00:00,74.91468608,72.85359271541667,1.0343734450793023,74.54468294,0.37000313999999435
2013-10-21 20:00:00,74.48188759,72.90400466375,1.0839468912221037,74.91468608,-0.43279848999999615
2013-10-21 21:00:00,73.21984661,72.96313866458333,1.0595741087783686,74.48188759,-1.2620409799999948
2013-10-21 22:00:00,73.46717767,72.98186995625,1.064541203915874,73.21984661,0.24733105999999339
2013-10-21 23:00:00,73.43538257,73.03635716583334,1.0523162936718438,73.46717767,-0.03179509999999652
2013-10-22 00:00:00,74.11014418,73.06878001208334,1.0735938611424578,73.43538257,0.6747616100000045
2013-10-22 01:00:00,74.0856674,73.10497359875,1.0932705613424742,74.11014418,-0.02447678000000053
2013-10-22 02:00:00,74.43241463,73.18921113500001,1.1151200332013074,74.0856674,0.3467472299999912
2013-10-22 03:00:00,74.304057,73.27998485791666,1.113434729621238,74.43241463,-0.12835762999999645
2013-10-22 04:00:00,73.43146696,73.29668501791666,1.1125380431973486,74.304057,-0.8725900400000057
2013-10-22 05:00:00,72.49383421,73.33609771875,1.0635703438199775,73.43146696,-0.9376327499999917
2013-10-22 06:00:00,73.03216682,73.34825675666667,1.058117554916938,72.49383421,0.5383326099999977
2013-10-22 07:00:00,71.83335039,73.36835105125,1.0225215695684957,73.03216682,-1.1988164299999937
2013-10-22 08:00:00,71.01856015,73.35238226958333,1.0569804282276365,71.83335039,-0.8147902400000078
2013-10-22 09:00:00,72.21563105,73.35595944625,1.0527998364052622,71.01856015,1.1970709
2013-10-22 10:00:00,72.48771792,73.3632278525,1.045867632682391,72.21563105,0.27208686999999543
2013-10-22 11:00:00,72.7382649,73.41450585166668,0.9789610888401288,72.48771792,0.25054698000000997
2013-10-22 12:00:00,73.60978997,73.42208452166666,0.9797730143728538,72.7382649,0.8715250699999899
2013-10-22 13:00:00,73.74620023,73.39743130666666,0.9630286542174054,73.60978997,0.13641026000000522
2013-10-22 14:00:00,73.23713965,73.38941907083333,0.963550610756078,73.74620023,-0.5090605799999963
2013-10-22 15:00:00,73.4530571,73.42296280416666,0.9505430768209591,73.23713965,0.21591744999999207
2013-10-22 16:00:00,73.92328043,73.39963550333333,0.9300427898771948,73.4530571,0.47022333000001026
2013-10-22 17:00:00,75.18250744,73.47495474541667,0.9986163619102305,73.92328043,1.2592270099999894
2013-10-22 18:00:00,74.02490252,73.45329722791666,0.9798683068405071,75.18250744,-1.1576049199999972
2013-10-22 19:00:00,75.3285915,73.47054328708334,1.0098901503718043,74.02490252,1.303688980000004
2013-10-22 20:00:00,74.66865644,73.4783253225,1.0187033755702317,75.3285915,-0.6599350599999951
2013-10-22 21:00:00,74.14984749,73.51707535916667,1.0261047971436283,74.66865644,-0.5188089500000075
2013-10-22 22:00:00,74.89985381,73.57677019833334,1.0640479997251067,74.14984749,0.7500063199999971
2013-10-22 23:00:00,75.30346611,73.6546070125,1.1201055848932397,74.89985381,0.40361230000000603
2013-10-23 00:00:00,73.91031296,73.64628071166668,1.1173113605177554,75.30346611,-1.3931531500000034
2013-10-23 01:00:00,73.93275037,73.63990916875,1.115130669701568,73.91031296,0.022437409999994884
2013-10-23 02:00:00,73.16148058,73.58695358333333,1.1059995163432894,73.93275037,-0.771269789999991
2013-10-23 03:00:00,73.52562326,73.55451884416667,1.0954189033253148,73.16148058,0.3641426800000005
2013-10-23 04:00:00,72.47484370000002,73.51465954166666,1.1172774656624038,73.52562326,-1.050779559999981
2013-10-23 05:00:00,72.49504420000002,73.51470995791668,1.1172294252253916,72.47484370000002,0.020200500000001398
2013-10-23 06:00:00,71.61991048,73.45586594375,1.1792213880545501,72.49504420000002,-0.8751337200000222
2013-10-23 07:00:00,73.22943968,73.51403633083333,1.1290714146049663,71.61991048,1.6095291999999972
2013-10-23 08:00:00,71.58909683,73.53780869250001,1.0791478053227421,73.22943968,-1.6403428499999961
2013-10-23 09:00:00,71.81584418,73.52115090625,1.1032605465384795,71.58909683,0.22674734999999657
2013-10-23 10:00:00,71.34809224,73.47366650291667,1.1720534554523436,71.81584418,-0.4677519399999994
2013-10-23 11:00:00,72.96869218,73.48326763958333,1.1666988945309629,71.34809224,1.6205999400000053
2013-10-23 12:00:00,72.55053234,73.439131905,1.1816444191644269,72.96869218,-0.4181598400000013
2013-10-23 13:00:00,72.57797464,73.39045583875,1.1924574100407617,72.55053234,0.027442299999989928
2013-10-23 14:00:00,74.69536550000002,73.45121524916668,1.2211121079982221,72.57797464,2.117390860000029
2013-10-23 15:00:00,74.1296061,73.47940479083333,1.2289404962202535,74.69536550000002,-0.5657594000000188
2013-10-23 16:00:00,73.94533205,73.48032360833334,1.2292949810699467,74.1296061,-0.18427404999999908
2013-10-23 17:00:00,74.07901132,73.43434460333333,1.182610983611014,73.94533205,0.1336792700000018
2013-10-23 18:00:00,75.05479911,73.47725696125,1.2229685880813024,74.07901132,0.9757877899999983
2013-10-23 19:00:00,74.85789892,73.45764477041666,1.1954533646489538,75.05479911,-0.19690019000000802
2013-10-23 20:00:00,76.0974356,73.51717723541667,1.2902037047946102,74.85789892,1.2395366800000005
2013-10-23 21:00:00,75.60625767,73.57786099291667,1.3539313733467997,76.0974356,-0.4911779299999921
2013-10-23 22:00:00,76.460003,73.64286720916668,1.4539250012174825,75.60625767,0.8537453299999953
2013-10-23 23:00:00,75.95853846,73.67016189041668,1.4921026388565168,76.460003,-0.5014645400000006
2013-10-24 00:00:00,75.66920488,73.74344905375,1.5466107783157108,75.95853846,-0.28933358000000453
2013-10-24 01:00:00,76.19819465,73.83784256541666,1.62577353366696,75.66920488,0.5289897700000097
2013-10-24 02:00:00,74.83838032,73.90771338791667,1.631465789361393,76.19819465,-1.359814330000006
2013-10-24 03:00:00,75.34256101,73.9834191275,1.6549516808828262,74.83838032,0.5041806899999983
2013-10-24 04:00:00,75.63691814,74.11517222916667,1.6554986450695095,75.34256101,0.29435713000000874
2013-10-24 05:00:00,76.00126612,74.26126480916666,1.6610086628549843,75.63691814,0.3643479799999909
2013-10-24 06:00:00,74.28973725,74.37250759125,1.562925127221796,76.00126612,-1.711528869999995
2013-10-24 07:00:00,74.80605955,74.43820008583334,1.545831630474935,74.28973725,0.5163222999999988
2013-10-24 08:00:00,75.30172567,74.59289295416667,1.429725798470239,74.80605955,0.49566611999999566
2013-10-24 09:00:00,74.34735395,74.69837252791666,1.3037726477193399,75.30172567,-0.9543717199999975
2013-10-24 10:00:00,75.12651355,74.85580674916666,1.0926633914299955,74.34735395,0.7791595999999998
2013-10-24 11:00:00,73.75813908,74.88870037,1.0441911941393185,75.12651355,-1.368374469999992
2013-10-24 12:00:00,75.04085467,74.99246380041667,0.9178289021856315,73.75813908,1.2827155899999951
2013-10-24 13:00:00,74.7295084,75.08211104041668,0.7639125868584029,75.04085467,-0.31134627000000137
2013-10-24 14:00:00,75.23496324,75.10459427958334,0.7599655571468582,74.7295084,0.5054548399999987
2013-10-24 15:00:00,74.09558127,75.10317657833333,0.7618927509620647,75.23496324,-1.1393819700000023
2013-10-24 16:00:00,75.40924951,75.16417313916666,0.7227614835560923,74.09558127,1.3136682399999984
2013-10-24 17:00:00,75.05840643,75.20498126875,0.6855172236129343,75.40924951,-0.35084307999999
2013-10-24 18:00:00,75.20790637,75.21136073791668,0.6847708598462723,75.05840643,0.14949993999999833
2013-10-24 19:00:00,73.69135931,75.16275492083334,0.7493105374309149,75.20790637,-1.5165470600000077
2013-10-24 20:00:00,73.54196014,75.05627677666666,0.7911183591912974,73.69135931,-0.14939916999999525
2013-10-24 21:00:00,75.19082042,75.03896689125,0.7830653750672925,73.54196014,1.6488602799999938
2013-10-24 22:00:00,74.60746814,74.96177793874999,0.726134916860097,75.19082042,-0.5833522799999997
2013-10-24 23:00:00,74.53993625,74.90266951333332,0.6986888849476934,74.60746814,-0.06753188999999793
2013-10-25 00:00:00,73.4168865,74.80882291416667,0.741221785356187,74.53993625,-1.1230497499999927
2013-10-25 01:00:00,73.95852383,74.71550329666667,0.698447763287344,73.4168865,0.5416373300000004
2013-10-25 02:00:00,73.75006416,74.67015679,0.7249496541045286,73.95852383,-0.20845967000001053
2013-10-25 03:00:00,74.14389026,74.62021217541667,0.7178669459976345,73.75006416,0.3938261000000125
2013-10-25 04:00:00,72.51791753,74.49025381666667,0.803072075846429,74.14389026,-1.6259727300000009
2013-10-25 05:00:00,73.6608867,74.3927380075,0.7520909143003739,72.51791753,1.1429691700000006
2013-10-25 06:00:00,71.99874820000002,74.29728013041667,0.8971360758793431,73.6608867,-1.6621384999999833
2013-10-25 07:00:00,72.38400327,74.19636111875,0.9706331978494467,71.99874820000002,0.38525506999997106
2013-10-25 08:00:00,72.51858237,74.08039681458332,0.9986801718979049,72.38400327,0.1345791000000105
2013-10-25 09:00:00,71.55343537,73.96398354041666,1.121496414785672,72.51858237,-0.9651470000000018
2013-10-25 10:00:00,72.55778642,73.85695324333334,1.1282793649414025,71.55343537,1.0043510499999968
2013-10-25 11:00:00,71.96670972,73.78231035333333,1.1925287045506303,72.55778642,-0.5910767000000021
2013-10-25 12:00:00,72.36781957,73.67093389083333,1.1946985346979972,71.96670972,0.40110984999999744
2013-10-25 13:00:00,72.69666807,73.58623221041667,1.1884303577268485,72.36781957,0.32884850000000654
2013-10-25 14:00:00,72.75559541,73.4829252175,1.1458799903070256,72.69666807,0.058927339999996775
2013-10-25 15:00:00,73.59062056,73.46188518791666,1.1387553915327524,72.75559541,0.835025150000007
2013-10-25 16:00:00,73.17199341,73.36866618375001,1.0613531767718498,73.59062056,-0.41862715000000605
2013-10-25 17:00:00,74.06972966,73.32747131833334,1.0109049434059325,73.17199341,0.8977362499999941
2013-10-25 18:00:00,74.49830916,73.29790476791666,0.9627453370466259,74.06972966,0.4285795000000121
2013-10-25 19:00:00,73.95696452,73.30897165166667,0.9689712449240723,74.49830916,-0.5413446400000055
2013-10-25 20:00:00,73.63058672,73.31266442583333,0.9700660360489444,73.95696452,-0.32637780000000305
2013-10-25 21:00:00,73.49661513,73.24207253875001,0.8853988883281444,73.63058672,-0.13397159000000158
2013-10-25 22:00:00,75.0238628,73.25942231625,0.9168391930474548,73.49661513,1.5272476700000084
2013-10-25 23:00:00,73.41067783,73.21236988208334,0.8763484609279774,75.0238628,-1.613184970000006
2013-10-26 00:00:00,74.43789627,73.25491195583332,0.9108129283865696,73.41067783,1.0272184399999986
2013-10-26 01:00:00,73.69728217,73.24402688666667,0.9035707543154365,74.43789627,-0.7406141000000019
2013-10-26 02:00:00,72.79073013,73.20405463541667,0.901428334511102,73.69728217,-0.906552039999994
2013-10-26 03:00:00,74.02303394,73.19901895541666,0.8962726554850194,72.79073013,1.2323038100000048
2013-10-26 04:00:00,73.99547327,73.26058377791666,0.8981982531461717,74.02303394,-0.027560669999999732
2013-10-26 05:00:00,72.63698998,73.21792141458333,0.9026633848602198,73.99547327,-1.3584832900000094
2013-10-26 06:00:00,72.65022647,73.2450663425,0.8737385236844862,72.63698998,0.013236490000011258
2013-10-26 07:00:00,71.45778273,73.20647382,0.9319415238320587,72.65022647,-1.1924437400000016
2013-10-26 08:00:00,73.30880143,73.23939961416667,0.9204701726515017,71.45778273,1.8510186999999974
2013-10-26 09:00:00,71.88486246,73.25320907625,0.8962438873873609,73.30880143,-1.423938970000009
2013-10-26 10:00:00,72.3666265,73.24524407958333,0.9035128265055339,71.88486246,0.4817640400000016
2013-10-26 11:00:00,71.51972021,73.22661951666667,0.9350696874238351,72.3666265,-0.8469062899999926
2013-10-26 12:00:00,71.73511359,73.2002567675,0.9686509013467011,71.51972021,0.21539337999999475
2013-10-26 13:00:00,72.78641155,73.20399607916667,0.9667937999790178,71.73511359,1.0512979599999994
2013-10-26 14:00:00,71.38856419,73.147036445,1.0324041164974271,72.78641155,-1.39784736
2013-10-26 15:00:00,72.18526942,73.0884801475,1.0459170463064216,71.38856419,0.7967052300000006
2013-10-26 16:00:00,73.51448987,73.10275083333333,1.0494366794830527,72.18526942,1.3292204500000082
2013-10-26 17:00:00,73.57199426,73.08201185833333,1.034305432516293,73.51448987,0.05750438999999119
2013-10-26 18:00:00,72.91075318,73.0158636925,0.9895878656819395,73.57199426,-0.6612410799999964
2013-10-26 19:00:00,73.81514959,73.00995473708333,0.9841324696563953,72.91075318,0.9043964100000039
2013-10-26 20:00:00,72.68504592,72.97055720375,0.9771078489748309,73.81514959,-1.130103670000011
2013-10-26 21:00:00,74.08911438,72.9952446725,0.9982336601130144,72.68504592,1.4040684600000048
2013-10-26 22:00:00,72.9589277,72.90920571,0.8999319458771649,74.08911438,-1.1301866799999942
2013-10-26 23:00:00,73.14610095,72.89818167333333,0.8951296002403184,72.9589277,0.18717325000000073
2013-10-27 00:00:00,73.78917147,72.87115147333334,0.8555323195606152,73.14610095,0.6430705199999949
2013-10-27 01:00:00,72.79764335,72.8336665225,0.8372757647892567,73.78917147,-0.9915281199999981
2013-10-27 02:00:00,73.85796513,72.8781346475,0.8628464624646986,72.79764335,1.0603217799999953
2013-10-27 03:00:00,73.14750042,72.84165408416668,0.8302282552176705,73.85796513,-0.7104647099999966
2013-10-27 04:00:00,73.68655845,72.82878263333333,0.8137942394148592,73.14750042,0.5390580300000067
2013-10-27 05:00:00,71.99772202,72.80214646833333,0.8306323978624335,73.68655845,-1.6888364300000092
2013-10-27 06:00:00,71.98066434,72.77424804625001,0.8470390274637146,71.99772202,-0.017057679999993525
2013-10-27 07:00:00,72.34138543,72.81106482541666,0.8055159117326851,71.98066434,0.3607210899999984
2013-10-27 08:00:00,72.73493389,72.78715367791666,0.798586188037146,72.34138543,0.393548459999991
2013-10-27 09:00:00,71.65669486,72.77764669458334,0.8110555710642607,72.73493389,-1.0782390299999918
2013-10-27 10:00:00,71.49563964,72.74135557541666,0.8488522072639334,71.65669486,-0.1610552200000086
2013-10-27 11:00:00,72.5480017,72.7842006375,0.8095513404696205,71.49563964,1.0523620600000072
2013-10-27 12:00:00,71.57221259,72.77741309583334,0.8193532251089255,72.5480017,-0.9757891099999938
2013-10-27 13:00:00,72.7741422,72.77690187291667,0.8193511941887555,71.57221259,1.2019296099999934
2013-10-27 14:00:00,72.50897204,72.82358553333334,0.7670592307663687,72.7741422,-0.2651701599999967
2013-10-27 15:00:00,72.37165679,72.83135167375,0.7612370218387439,72.50897204,-0.13731525000000033
2013-10-27 16:00:00,71.76151786,72.75831117333334,0.7767801468283053,72.37165679,-0.6101389300000051
2013-10-27 17:00:00,71.14297184,72.65710190583333,0.8230196663102258,71.76151786,-0.6185460199999966
2013-10-27 18:00:00,71.17422664,72.58474663333332,0.8744748677671387,71.14297184,0.03125479999999925
2013-10-27 19:00:00,72.7253094,72.53933662541667,0.835219876651569,71.17422664,1.55108276
2013-10-27 20:00:00,71.85317981,72.5046755375,0.8461002141945042,72.7253094,-0.8721295900000001
2013-10-27 21:00:00,72.85663059,72.45332204625,0.7806213170459632,71.85317981,1.0034507799999943
2013-10-27 22:00:00,71.76247182,72.40346971791668,0.7851195583573449,72.85663059,-1.0941587699999928
2013-10-27 23:00:00,71.69635699999998,72.34306371999999,0.7812594792468482,71.76247182,-0.06611482000002411
2013-10-28 00:00:00,70.92483713,72.22371645583333,0.7694355686457138,71.69635699999998,-0.7715198699999775
2013-10-28 01:00:00,71.43725419,72.16703357416667,0.7754027062223295,70.92483713,0.5124170600000042
2013-10-28 02:00:00,72.13600699999998,72.09528531875,0.6867345806139001,71.43725419,0.6987528099999736
2013-10-28 03:00:00,70.64687742,71.99109269374999,0.7094726511935905,72.13600699999998,-1.4891295799999824
2013-10-28 04:00:00,70.22032111,71.84666613791667,0.7020929684100645,70.64687742,-0.42655630999999516
2013-10-28 05:00:00,69.75235982,71.75310937958334,0.8206764600998426,70.22032111,-0.4679612900000052
2013-10-28 06:00:00,71.33829611,71.72634403666666,0.8234028593582102,69.75235982,1.5859362900000065
2013-10-28 07:00:00,69.61769321,71.61285686083333,0.9172939986196558,71.33829611,-1.720602900000003
2013-10-28 08:00:00,70.75591875,71.53039789666666,0.9008437823768884,69.61769321,1.1382255400000076
2013-10-28 09:00:00,71.47646234,71.52288820833333,0.9004963268388543,70.75591875,0.7205435899999912
2013-10-28 10:00:00,71.59381864,71.526979,0.9005901593757331,71.47646234,0.1173562999999973
2013-10-28 11:00:00,70.66816135,71.44865231875,0.8896085938287519,71.59381864,-0.9256572899999895
2013-10-28 12:00:00,73.12430398,71.51332279333333,0.9531286289704848,70.66816135,2.456142629999988
2013-10-28 13:00:00,72.97024298,71.52149365916667,0.9651716395741322,73.12430398,-0.15406099999999867
2013-10-28 14:00:00,73.74160859999998,71.57285351583333,1.0491463096693352,72.97024298,0.7713656199999832
2013-10-28 15:00:00,73.95406465,71.63878717666667,1.1467160933396146,73.74160859999998,0.21245605000002854
2013-10-28 16:00:00,73.45808119,71.70947731541666,1.2054020970790225,73.95406465,-0.49598346000000504
2013-10-28 17:00:00,73.14484568,71.79288872541666,1.2334335555765652,73.45808119,-0.3132355099999984
2013-10-28 18:00:00,74.48764885,71.93094798416666,1.3418478898338742,73.14484568,1.3428031699999963
2013-10-28 19:00:00,73.40434954,71.95924132333333,1.3662623123303157,74.48764885,-1.083299310000001
2013-10-28 20:00:00,73.32924842,72.02074418208333,1.394217252755221,73.40434954,-0.07510111999999936
2013-10-28 21:00:00,74.46460516,72.0877431225,1.4725662013801553,73.32924842,1.135356740000006
2013-10-28 22:00:00,74.68612326,72.2095619325,1.5626621680121158,74.46460516,0.22151809999999728
2013-10-28 23:00:00,73.64400862,72.29071408333333,1.585260944906257,74.68612326,-1.0421146400000083
2013-10-29 00:00:00,73.05155138,72.37932717708334,1.5649003422968037,73.64400862,-0.5924572399999875
2013-10-29 01:00:00,73.20917824,72.45315734583333,1.560313941269848,73.05155138,0.15762685999999348
2013-10-29 02:00:00,72.9686264,72.48784982083333,1.5622109342156396,73.20917824,-0.24055183999999485
2013-10-29 03:00:00,73.44971023,72.60463452124999,1.5228725309165847,72.9686264,0.48108382999998867
2013-10-29 04:00:00,73.55495921,72.74357777541667,1.446060288696984,73.44971023,0.10524898000001315
2013-10-29 05:00:00,71.69592455,72.82455963916667,1.3202087643928497,73.55495921,-1.859034660000006
2013-10-29 06:00:00,73.53646843,72.91615015250001,1.288483778533058,71.69592455,1.8405438799999985
2013-10-29 07:00:00,72.02971426,73.01665102958334,1.1003541021437164,73.53646843,-1.5067541699999936
2013-10-29 08:00:00,73.42081575,73.12768840458334,0.9913639257665493,72.02971426,1.391101489999997
2013-10-29 09:00:00,72.58490985,73.1738737175,0.9353288892384981,73.42081575,-0.8359059000000002
2013-10-29 10:00:00,73.0300541,73.23371686166666,0.8737595978889355,72.58490985,0.44514424999999846
2013-10-29 11:00:00,73.33546169,73.34485437583334,0.6817918846079519,73.0300541,0.3054075900000015
2013-10-29 12:00:00,73.69525708,73.36864408833334,0.683720028131984,73.33546169,0.35979539000000216
2013-10-29 13:00:00,74.44248772,73.42998761916667,0.7118861895950163,73.69525708,0.747230639999998
2013-10-29 14:00:00,73.36288859,73.41420761875001,0.708869376010117,74.44248772,-1.0795991300000054
2013-10-29 15:00:00,74.23441848,73.42588902833334,0.720369124475369,73.36288859,0.871529890000005
2013-10-29 16:00:00,73.53614618,73.42914173625,0.7206969729863961,74.23441848,-0.6982722999999993
2013-10-29 17:00:00,73.55358243,73.44617243416667,0.7185128084119166,73.53614618,0.01743625000000293
2013-10-29 18:00:00,73.31606619,73.39735649,0.6836302611446415,73.55358243,-0.23751624000000504
2013-10-29 19:00:00,74.07121348,73.4251424875,0.6973416149101396,73.31606619,0.7551472899999965
2013-10-29 20:00:00,73.84322808,73.44655830666667,0.702144390464166,74.07121348,-0.22798539999999434
2013-10-29 21:00:00,74.31880636,73.44048335666666,0.6935311875664478,73.84322808,0.47557827999999347
2013-10-29 22:00:00,75.37365059999998,73.46913032916667,0.7583875323470559,74.31880636,1.05484423999998
2013-10-29 23:00:00,74.6158649,73.50962434083334,0.7932747572657791,75.37365059999998,-0.757785699999971
2013-10-30 00:00:00,74.22361987,73.55846052791667,0.7998986553747769,74.6158649,-0.3922450300000122
2013-10-30 01:00:00,74.90183652,73.62898795625,0.8413124544408468,74.22361987,0.6782166500000102
2013-10-30 02:00:00,74.60288205,73.69708194166667,0.8516138693912217,74.90183652,-0.2989544699999982
2013-10-30 03:00:00,73.60468314,73.70353914625001,0.8502430926413648,74.60288205,-0.9981989099999993
2013-10-30 04:00:00,74.41600686,73.73941613166666,0.861789057543476,73.60468314,0.8113237199999901
2013-10-30 05:00:00,74.16088548,73.84212283708334,0.7468851050771508,74.41600686,-0.2551213799999914
2013-10-30 06:00:00,72.84884222,73.813471745,0.7718903901158197,74.16088548,-1.31204326000001
2013-10-30 07:00:00,72.92107082,73.85061160166667,0.7004726230845848,72.84884222,0.07222860000000253
2013-10-30 08:00:00,73.01604281,73.8337460625,0.7159723543646843,72.92107082,0.09497199000000478
2013-10-30 09:00:00,74.13143498,73.89818460958334,0.6665794728860589,73.01604281,1.1153921699999927
2013-10-30 10:00:00,72.57848043,73.87936904,0.6977921821751841,74.13143498,-1.5529545499999955
2013-10-30 11:00:00,72.87188536,73.86005335958333,0.7195788093664857,72.57848043,0.2934049299999941
2013-10-30 12:00:00,73.61682058,73.85678517208333,0.7205373077437511,72.87188536,0.7449352200000021
2013-10-30 13:00:00,73.37016715,73.81210514833333,0.715871028851009,73.61682058,-0.24665342999999496
2013-10-30 14:00:00,74.04450691,73.84050591166665,0.7107771977320466,73.37016715,0.6743397599999952
2013-10-30 15:00:00,74.12361236,73.83588899,0.7084633627784349,74.04450691,0.07910545000000013
2013-10-30 16:00:00,74.66328477,73.88285309791667,0.7248979149544573,74.12361236,0.5396724100000085
2013-10-30 17:00:00,75.70737338,73.9725943875,0.8106128066512278,74.66328477,1.0440886100000029
2013-10-30 18:00:00,75.3545802,74.05753247125,0.8449041584750308,75.70737338,-0.35279318000000615
2013-10-30 19:00:00,75.25614118,74.10690445875,0.879644772233108,75.3545802,-0.09843902000000071
2013-10-30 20:00:00,74.87355721,74.14983483916666,0.8912819801951983,75.25614118,-0.3825839699999989
2013-10-30 21:00:00,76.29745203,74.23227840875,0.9932687293588892,74.87355721,1.423894820000001
2013-10-30 22:00:00,75.32289320000002,74.23016351708334,0.9907837582295397,76.29745203,-0.9745588299999781
2013-10-30 23:00:00,75.85634859999998,74.28185033791667,1.0427722704930458,75.32289320000002,0.5334553999999514
2013-10-31 00:00:00,75.14595644,74.32028102833333,1.0574260118755707,75.85634859999998,-0.7103921599999694
2013-10-31 01:00:00,75.88962012,74.36143867833333,1.0994348007767265,75.14595644,0.7436636799999974
2013-10-31 02:00:00,76.4180307,74.43706987208334,1.176498161444356,75.88962012,0.5284105799999992
2013-10-31 03:00:00,76.56197890000001,74.56029052875,1.2387471410743076,76.4180307,0.14394820000001118
2013-10-31 04:00:00,76.10597378,74.63070581708334,1.2776114340429345,76.56197890000001,-0.4560051200000146
2013-10-31 05:00:00,75.25141922,74.67614472291666,1.27956673673825,76.10597378,-0.8545545599999969
2013-10-31 06:00:00,75.72435817,74.7959578875,1.2348716902954617,75.25141922,0.47293894999999964
2013-10-31 07:00:00,74.49878947,74.86169616458334,1.1710693209172207,75.72435817,-1.2255686999999966
2013-10-31 08:00:00,75.84183322,74.97943743166667,1.1183022331968964,74.49878947,1.3430437499999925
2013-10-31 09:00:00,75.2866983,75.02757340333334,1.1049983023894188,75.84183322,-0.5551349200000004
2013-10-31 10:00:00,74.87398102,75.12321926125,0.9755593226325137,75.2866983,-0.4127172799999954
2013-10-31 11:00:00,74.94194615,75.20947179416667,0.8514763504833515,74.87398102,0.06796513000000459
2013-10-31 12:00:00,75.98035652,75.30795245833333,0.7940057555461846,74.94194615,1.038410369999994
2013-10-31 13:00:00,74.95842691,75.37412994833333,0.6840508301635687,75.98035652,-1.0219296100000008
2013-10-31 14:00:00,75.24512346,75.42415563791667,0.6238370383228442,74.95842691,0.28669655000000205
2013-10-31 15:00:00,75.35692048,75.47554347625,0.559530147194915,75.24512346,0.11179701999999736
2013-10-31 16:00:00,76.88500697,75.56811523458333,0.6015146126748943,75.35692048,1.5280864900000068
2013-10-31 17:00:00,76.12766594,75.58562742458334,0.6117757471603922,76.88500697,-0.7573410300000063
2013-10-31 18:00:00,75.86319296,75.60681962291666,0.6122333021740967,76.12766594,-0.26447297999999364
2013-10-31 19:00:00,76.41346624,75.65504150041667,0.6287660856944135,75.86319296,0.550273279999999
2013-10-31 20:00:00,75.5347714,75.68259209166668,0.6071496678513805,76.41346624,-0.8786948400000085
2013-10-31 21:00:00,75.84580103,75.6637733,0.594123081548742,75.5347714,0.3110296300000073
2013-10-31 22:00:00,76.34558396,75.706385415,0.6051833694770191,75.84580103,0.49978292999999496
2013-10-31 23:00:00,77.39292354,75.77040937083333,0.6961766152111116,76.34558396,1.0473395799999992
2013-11-01 00:00:00,76.30796353,75.81882633291667,0.6912491964939359,77.39292354,-1.0849600100000032
2013-11-01 01:00:00,77.25259793,75.875617075,0.7507465877978182,76.30796353,0.9446343999999982
2013-11-01 02:00:00,76.43178992,75.87619037583333,0.7511839323138365,77.25259793,-0.8208080099999933
2013-11-01 03:00:00,77.69772574,75.92351316083334,0.828101978159715,76.43178992,1.2659358199999957
2013-11-01 04:00:00,76.53784364,75.94150773833333,0.8368848844987641,77.69772574,-1.1598820999999901
2013-11-01 05:00:00,76.38649065,75.98880238125001,0.8282186215878257,76.53784364,-0.15135299000000657
2013-11-01 06:00:00,77.20675318,76.05056884,0.8622183491085438,76.38649065,0.8202625300000079
2013-11-01 07:00:00,77.18738382,76.16259360458334,0.8257226350790831,77.20675318,-0.019369360000013103
2013-11-01 08:00:00,75.67736243,76.155740655,0.8291757554899171,77.18738382,-1.5100213899999915
2013-11-01 09:00:00,74.81300493,76.13600343125,0.8559663034483271,75.67736243,-0.864357499999997
2013-11-01 10:00:00,75.83696911,76.176127935,0.8158666432551297,74.81300493,1.023964179999993
2013-11-01 11:00:00,75.02326067,76.17951604,0.8106708301156224,75.83696911,-0.8137084399999992
2013-11-01 12:00:00,75.05073943,76.14078199458334,0.8421961397777383,75.02326067,0.02747875999999394
2013-11-01 13:00:00,75.28745236,76.15449138833333,0.824607072449355,75.05073943,0.23671293000001015
2013-11-01 14:00:00,75.20319345,76.15274430458334,0.8266593703004482,75.28745236,-0.08425891000000263
2013-11-01 15:00:00,75.12528566,76.14309285374999,0.8376341301574185,75.20319345,-0.07790778999999759
2013-11-01 16:00:00,75.19924971,76.07285296791666,0.8433759142958999,75.12528566,0.07396405000000073
2013-11-01 17:00:00,75.73098218,76.05632447791668,0.8461375683425267,75.19924971,0.5317324699999944
2013-11-01 18:00:00,75.93704108,76.05940148291667,0.845538767261422,75.73098218,0.20605890000000215
2013-11-01 19:00:00,74.89355303,75.99607176583334,0.8742974483659967,75.93704108,-1.0434880499999935
2013-11-01 20:00:00,75.07774926,75.97702917666668,0.889624345767541,74.89355303,0.18419622999999774
2013-11-01 21:00:00,75.25618705,75.9524619275,0.9014681578917756,75.07774926,0.1784377899999896
2013-11-01 22:00:00,75.71797654,75.92631161833333,0.8986670721100065,75.25618705,0.461789490000001
2013-11-01 23:00:00,75.63395379,75.85302121208333,0.8439159398906019,75.71797654,-0.08402274999998838
2013-11-02 00:00:00,75.48381386,75.81868164250001,0.8413629011801835,75.63395379,-0.1501399300000088
2013-11-02 01:00:00,75.66762937,75.75264128583333,0.7841787231003252,75.48381386,0.1838155100000023
2013-11-02 02:00:00,76.51474357,75.75609768791666,0.7874782124695605,75.66762937,0.8471141999999929
2013-11-02 03:00:00,75.08953119,75.647422915,0.6805928030094838,76.51474357,-1.4252123799999907
2013-11-02 04:00:00,75.81216694,75.61718638583334,0.6549510616384044,75.08953119,0.7226357499999949
2013-11-02 05:00:00,75.60610346,75.58467025291667,0.634138208397221,75.81216694,-0.2060634799999974
2013-11-02 06:00:00,74.96367140000002,75.49120851208333,0.5434936651776614,75.60610346,-0.642432059999976
2013-11-02 07:00:00,74.98121493,75.39928480833333,0.4156789593749507,74.96367140000002,0.01754352999996911
2013-11-02 08:00:00,74.45643905,75.34841300083333,0.45318521591821,74.98121493,-0.5247758799999929
2013-11-02 09:00:00,75.51516542,75.37766968791666,0.43957830561077693,74.45643905,1.0587263700000022
2013-11-02 10:00:00,74.73560812,75.33177964666667,0.4469711882636861,75.51516542,-0.7795573000000076
2013-11-02 11:00:00,74.69915087,75.31827507166666,0.46136248302889155,74.73560812,-0.036457249999998
2013-11-02 12:00:00,74.54298971,75.29711883333333,0.4851903631580818,74.69915087,-0.15616115999999636
2013-11-02 13:00:00,73.35219351,75.21648304791667,0.6269669151112708,74.54298971,-1.190796199999994
2013-11-02 14:00:00,74.12383795,75.17150990208333,0.6654899298586718,73.35219351,0.7716444399999887
2013-11-02 15:00:00,74.22554631,75.1340207625,0.6929818197629649,74.12383795,0.1017083600000035
2013-11-02 16:00:00,73.99079534,75.08366849708334,0.7309020214443017,74.22554631,-0.23475096999999323
2013-11-02 17:00:00,74.79507379,75.04467231416668,0.7197458379895895,73.99079534,0.8042784499999982
2013-11-02 18:00:00,76.11205116,75.05196440083333,0.7299935389113559,74.79507379,1.3169773699999894
2013-11-02 19:00:00,75.22593768,75.06581376125,0.7300104901641604,76.11205116,-0.8861134799999917
2013-11-02 20:00:00,75.27953666,75.07422156958333,0.7313147985048395,75.22593768,0.05359898000000385
2013-11-02 21:00:00,77.15937503,75.15352106875001,0.8460836210490305,75.27953666,1.8798383700000016
2013-11-02 22:00:00,76.19111223,75.17323505583333,0.8651056835557357,77.15937503,-0.9682628000000051
2013-11-02 23:00:00,76.31079818,75.20143690541667,0.89141022253564,76.19111223,0.11968595000000448
2013-11-03 00:00:00,76.38206634,75.23886409208333,0.9221102995757894,76.31079818,0.07126815999998826
2013-11-03 01:00:00,75.57825005,75.23513995375,0.9204824021027258,76.38206634,-0.8038162900000003
2013-11-03 02:00:00,76.13455079999999,75.21929858833333,0.900559060477629,75.57825005,0.5563007499999912
2013-11-03 03:00:00,75.23603382,75.22540286458333,0.9001376341662609,76.13455079999999,-0.8985169799999824
2013-11-03 04:00:00,76.23782807,75.243138745,0.9162509085739574,75.23603382,1.0017942500000032
2013-11-03 05:00:00,75.336605,75.2319096425,0.9132557159462991,76.23782807,-0.9012230700000003
2013-11-03 06:00:00,74.36531352,75.20697806416666,0.9289298925372523,75.336605,-0.971291480000005
2013-11-03 07:00:00,73.71769524,75.15433141041666,0.9768498926722281,74.36531352,-0.6476182800000032
2013-11-03 08:00:00,74.074138,75.1384022,0.9917287431118678,73.71769524,0.3564427600000073
2013-11-03 09:00:00,74.84189513,75.11034927125,0.9901289861771359,74.074138,0.7677571299999926
2013-11-03 10:00:00,73.95914727,75.07799673583334,1.0152722713264393,74.84189513,-0.8827478599999949
2013-11-03 11:00:00,74.04130502,75.05058649208333,1.0346405143770583,73.95914727,0.08215774999999326
2013-11-03 12:00:00,74.56437617,75.05147759458333,1.03419344310204,74.04130502,0.5230711500000069
2013-11-03 13:00:00,73.29808803,75.04922319958332,1.0381102475237678,74.56437617,-1.2662881400000003
2013-11-03 14:00:00,73.53188681,75.02455856875001,1.067664007989372,73.29808803,0.23379878000000076
2013-11-03 15:00:00,73.87759563,75.01006062375001,1.081261477534421,73.53188681,0.3457088199999987
2013-11-03 16:00:00,74.87971926,75.04709912041668,1.0598414473544149,73.87759563,1.0021236299999998
2013-11-03 17:00:00,74.1892936,75.02185827916666,1.0732334867580666,74.87971926,-0.6904256600000025
2013-11-03 18:00:00,75.41399344,74.99277254083334,1.0516454733257519,74.1892936,1.2246998399999995
2013-11-03 19:00:00,75.86744504,75.01950201416666,1.065885577528894,75.41399344,0.45345160000000817
2013-11-03 20:00:00,75.6150603,75.03348216583333,1.0716293661736227,75.86744504,-0.25238474000001077
2013-11-03 21:00:00,76.97153329,75.02565542666666,1.0559996287449085,75.6150603,1.3564729900000003
2013-11-03 22:00:00,77.0894334,75.06308547541667,1.1134625923220003,76.97153329,0.11790011000000788
2013-11-03 23:00:00,76.17299187,75.05734354583333,1.1070856700863008,77.0894334,-0.9164415300000002
2013-11-04 00:00:00,75.60827582,75.02510227416667,1.077706452730398,76.17299187,-0.5647160500000012
2013-11-04 01:00:00,76.66746590000002,75.07048626791668,1.123955174955791,75.60827582,1.0591900800000218
2013-11-04 02:00:00,76.59056219,75.0894867425,1.1463564863962306,76.66746590000002,-0.07690371000002472
2013-11-04 03:00:00,75.05998404,75.082151335,1.1459411629637186,76.59056219,-1.5305781499999966
2013-11-04 04:00:00,75.88379996,75.06740016375001,1.1326190483408214,75.05998404,0.8238159200000013
2013-11-04 05:00:00,75.47865146,75.07331876625001,1.1344566132228517,75.88379996,-0.4051485000000099
2013-11-04 06:00:00,74.4588194,75.07721484458334,1.132077453636292,75.47865146,-1.0198320599999988
2013-11-04 07:00:00,73.60738959,75.07261877583333,1.138045063964881,74.4588194,-0.8514298099999991
2013-11-04 08:00:00,74.41420743,75.08678833541667,1.1271374682122794,73.60738959,0.8068178400000079
2013-11-04 09:00:00,74.765766,75.08361628833333,1.127963444410285,74.41420743,0.3515585699999946
2013-11-04 10:00:00,74.16291232,75.09210649875,1.119869372239833,74.765766,-0.6028536799999955
2013-11-04 11:00:00,74.19468656,75.09849739625001,1.1140343645328326,74.16291232,0.03177423999999007
2013-11-04 12:00:00,74.43225537,75.09299236291666,1.1171106875033059,74.19468656,0.23756880999999908
2013-11-04 13:00:00,74.24359177,75.13238835208334,1.0665891465812056,74.43225537,-0.18866359999999815
2013-11-04 14:00:00,74.55720475,75.17510993291667,1.0191751387988954,74.24359177,0.31361298000000204
2013-11-04 15:00:00,75.76889616,75.25391412166667,0.9871018068899509,74.55720475,1.2116914100000002
2013-11-04 16:00:00,75.5197806,75.28058334416666,0.9851970168518734,75.76889616,-0.2491155599999928
2013-11-04 17:00:00,74.72805694,75.30303181666666,0.965184831001055,75.5197806,-0.7917236600000024
2013-11-04 18:00:00,75.06364679,75.28843403958334,0.9660826065299918,74.72805694,0.3355898500000052
2013-11-04 19:00:00,75.92542961,75.29085006333334,0.967664790746117,75.06364679,0.8617828199999877
2013-11-04 20:00:00,75.03438753,75.26665536458334,0.9664646451493758,75.92542961,-0.8910420799999912
2013-11-04 21:00:00,75.53025670000002,75.20660217333334,0.8982970265573725,75.03438753,0.4958691700000202
2013-11-04 22:00:00,76.20838186,75.1698916925,0.83368560670534,75.53025670000002,0.6781251599999791
2013-11-04 23:00:00,75.88011467,75.15768847583333,0.8204018516073048,76.20838186,-0.32826719000000537
2013-11-05 00:00:00,75.25305005,75.14288740208333,0.8151065203544692,75.88011467,-0.6270646199999987
2013-11-05 01:00:00,76.16092035,75.1217813375,0.7797025356060509,75.25305005,0.907870299999999
2013-11-05 02:00:00,74.87732367,75.05039639916667,0.7151367137502114,76.16092035,-1.2835966800000023
2013-11-05 03:00:00,75.70725229,75.07736590958334,0.7276102389443964,74.87732367,0.829928620000004
2013-11-05 04:00:00,74.62446294,75.02489353375,0.7121702285682459,75.70725229,-1.0827893499999988
2013-11-05 05:00:00,73.93894725,74.96073919166666,0.7383852051580695,74.62446294,-0.6855156900000026
2013-11-05 06:00:00,75.39833336,74.99988560666667,0.7355175324671791,73.93894725,1.459386109999997
2013-11-05 07:00:00,73.67042395,75.00251203833334,0.7304238352016902,75.39833336,-1.7279094099999952
2013-11-05 08:00:00,74.78394113,75.01791760916667,0.7213185839228256,73.67042395,1.1135171800000023
2013-11-05 09:00:00,75.36637593,75.04294302291667,0.7226077095624224,74.78394113,0.5824348000000015
2013-11-05 10:00:00,75.62678541,75.103937735,0.7067024809501963,75.36637593,0.26040947999999275
2013-11-05 11:00:00,75.54245470000002,75.16009474083333,0.6845095333099636,75.62678541,-0.08433070999997483
2013-11-05 12:00:00,75.56486359,75.20728675,0.6710589795060674,75.54245470000002,0.02240888999997992
2013-11-05 13:00:00,75.40045594,75.25548942375,0.6396400454049721,75.56486359,-0.16440765000000113
2013-11-05 14:00:00,75.72241656,75.30403991583334,0.6284575242464877,75.40045594,0.3219606199999987
2013-11-05 15:00:00,75.38360735,75.28798621541667,0.6209427654327746,75.72241656,-0.33880920999999375
2013-11-05 16:00:00,74.96366192,75.26481460375,0.6222916818703391,75.38360735,-0.4199454299999985
2013-11-05 17:00:00,75.15506847,75.28260675083334,0.6123020542895681,74.96366192,0.1914065499999964
2013-11-05 18:00:00,76.44462418,75.34014747541666,0.6542800933383016,75.15506847,1.289555710000002
2013-11-05 19:00:00,76.14152676,75.34915152333333,0.6640980795817399,76.44462418,-0.3030974200000003
2013-11-05 20:00:00,77.7365963,75.46174355541667,0.8193362365911908,76.14152676,1.5950695399999972
2013-11-05 21:00:00,75.94504175,75.47902626583334,0.8251979330835988,77.7365963,-1.7915545500000007
2013-11-05 22:00:00,77.66560315,75.53974381958334,0.9283591751798542,75.94504175,1.720561399999994
2013-11-05 23:00:00,77.14421695,75.59241474791666,0.9827748582690983,77.66560315,-0.5213861999999949
2013-11-06 00:00:00,77.14840943,75.67138805541667,1.0293673861500283,77.14421695,0.004192480000000387
2013-11-06 01:00:00,76.57972961,75.68883844125,1.0415053922831095,77.14840943,-0.5686798199999998
2013-11-06 02:00:00,75.67263157,75.72197627041668,1.027115457524111,76.57972961,-0.9070980400000082
2013-11-06 03:00:00,75.55554775,75.71565524791667,1.027676663749505,75.67263157,-0.11708381999999062
2013-11-06 04:00:00,76.02875358,75.77416735791667,1.002516537524874,75.55554775,0.4732058299999977
2013-11-06 05:00:00,75.83856917,75.85331827125,0.9231718555726255,76.02875358,-0.19018441000000053
2013-11-06 06:00:00,76.72809013,75.90872480333333,0.9345122337917535,75.83856917,0.8895209599999987
2013-11-06 07:00:00,76.8067863,76.03940656791667,0.8202030507598095,76.72809013,0.07869617000000062
2013-11-06 08:00:00,76.14957763,76.09630808875,0.7754689303983657,76.8067863,-0.6572086700000028
2013-11-06 09:00:00,74.72851186,76.06973041916667,0.8116598680647078,76.14957763,-1.4210657699999985
2013-11-06 10:00:00,76.79427945,76.11837600416668,0.8189119939761336,74.72851186,2.065767590000007
2013-11-06 11:00:00,75.54402995,76.11844163958334,0.8188638889165377,76.79427945,-1.2502495000000096
2013-11-06 12:00:00,75.62375922,76.12089562416666,0.8172193864201465,75.54402995,0.0797292700000014
2013-11-06 13:00:00,75.66503039,76.13191955958334,0.8088197576660221,75.62375922,0.04127117000000169
2013-11-06 14:00:00,76.1298699,76.14889678208333,0.804113075474178,75.66503039,0.46483951000000445
2013-11-06 15:00:00,75.2965713,76.14527028,0.8079018842051127,76.1298699,-0.8332986000000062
2013-11-06 16:00:00,75.65848549,76.17422126208334,0.775518641162367,75.2965713,0.36191419000000735
2013-11-06 17:00:00,75.77541647,76.20006909541667,0.7499915634610236,75.65848549,0.11693097999999225
2013-11-06 18:00:00,75.7226112,76.16998522125,0.7542242443010785,75.77541647,-0.05280526999999324
2013-11-06 19:00:00,75.17457270000001,76.12969546875,0.7811564645807056,75.7226112,-0.5480384999999899
2013-11-06 20:00:00,76.75484571,76.08878919416667,0.7163690903513543,75.17457270000001,1.5802730099999849
2013-11-06 21:00:00,76.17423765,76.09833902333332,0.715897029948783,76.75484571,-0.580608060000003
2013-11-06 22:00:00,76.11021976,76.03353138208332,0.6335105916097515,76.17423765,-0.06401788999998814
2013-11-06 23:00:00,77.62413958,76.05352815833334,0.6762278849789708,76.11021976,1.5139198199999981
2013-11-07 00:00:00,76.47954412,76.02565877041667,0.6420625473896707,77.62413958,-1.144595460000005
2013-11-07 01:00:00,77.95666612,76.083031125,0.7467150099128397,76.47954412,1.4771219999999943
2013-11-07 02:00:00,77.26824525,76.14951502833334,0.7789245132920646,77.95666612,-0.6884208699999874
2013-11-07 03:00:00,76.93680905,76.2070675825,0.7841411189931107,77.26824525,-0.33143620000001306
2013-11-07 04:00:00,77.33274264,76.26140045999999,0.8157865435627355,76.93680905,0.3959335900000127
2013-11-07 05:00:00,75.89490524,76.26374779625,0.81459717849604,77.33274264,-1.4378374000000065
2013-11-07 06:00:00,76.97245983,76.27392986708333,0.822145858956652,75.89490524,1.0775545900000054
2013-11-07 07:00:00,76.44928327,76.2590339075,0.815281631662869,76.97245983,-0.5231765600000102
2013-11-07 08:00:00,76.38799696,76.26896804625,0.8153424859700301,76.44928327,-0.061286309999999844
2013-11-07 09:00:00,76.09948105,76.3260917625,0.7479660310231612,76.38799696,-0.288515910000001
2013-11-07 10:00:00,76.81359962,76.32689676958333,0.748502036519793,76.09948105,0.7141185700000108
2013-11-07 11:00:00,75.10202225,76.30847978208334,0.7736185036325807,76.81359962,-1.7115773700000005
2013-11-07 12:00:00,75.6896651,76.31122586041667,0.7711954844563672,75.10202225,0.5876428499999946
2013-11-07 13:00:00,76.31908661,76.33847820291666,0.7588247655859452,75.6896651,0.6294215100000002
2013-11-07 14:00:00,76.23526528,76.34286967708333,0.7578693880315909,76.31908661,-0.08382133000000636
2013-11-07 15:00:00,75.71330856,76.36023372958333,0.7373509834078628,76.23526528,-0.5219567199999915
2013-11-07 16:00:00,75.27910715,76.34442629875001,0.7568578054177965,75.71330856,-0.43420141
2013-11-07 17:00:00,75.6502543,76.33921120833334,0.7613667861985051,75.27910715,0.37114714999999876
2013-11-07 18:00:00,76.21250234,76.35962333916666,0.7506080334402976,75.6502543,0.5622480400000001
2013-11-07 19:00:00,77.10759799,76.44016605958333,0.7210474145389887,76.21250234,0.8950956500000018
2013-11-07 20:00:00,76.93375995,76.44762081958334,0.7253542908201559,77.10759799,-0.1738380400000068
2013-11-07 21:00:00,75.77571222,76.43101559333333,0.7363629389189994,76.93375995,-1.1580477299999927
2013-11-07 22:00:00,75.93642846,76.42377428916667,0.7404976787040146,75.77571222,0.1607162399999993
2013-11-07 23:00:00,75.42451794,76.3321233875,0.7213449332624696,75.93642846,-0.5119105200000007
2013-11-08 00:00:00,75.74984119,76.30171909875,0.7301851873406157,75.42451794,0.32532324999999673
2013-11-08 01:00:00,75.72379288,76.20868271375001,0.6477496160262242,75.74984119,-0.02604830999999308
2013-11-08 02:00:00,76.19812769,76.16409448208333,0.6072050719791018,75.72379288,0.474334810000002
2013-11-08 03:00:00,76.40959723,76.14212732291666,0.5872432440558941,76.19812769,0.21146953999999596
2013-11-08 04:00:00,76.17249971,76.09378386750001,0.5299271456537972,76.40959723,-0.23709752000000606
2013-11-08 05:00:00,74.18157735,76.02239520541667,0.657848694260755,76.17249971,-1.990922359999999
2013-11-08 06:00:00,75.54911204,75.9630890475,0.6321307542029317,74.18157735,1.3675346899999994
2013-11-08 07:00:00,74.92685622,75.89965458708333,0.6571140127321581,75.54911204,-0.6222558199999924
2013-11-08 08:00:00,74.06821774,75.80299711958334,0.746668882404276,74.92685622,-0.8586384800000104
2013-11-08 09:00:00,74.6063132,75.7407817925,0.7822510276254588,74.06821774,0.5380954600000081
2013-11-08 10:00:00,74.59934737,75.64852128208334,0.7807947406655894,74.6063132,-0.006965829999998618
2013-11-08 11:00:00,74.57257027,75.62646078291667,0.8040403200885271,74.59934737,-0.026777100000003884
2013-11-08 12:00:00,75.80192985,75.63113848083333,0.804750263794097,74.57257027,1.2293595799999935
2013-11-08 13:00:00,75.58576634,75.60058346958334,0.7913034952423454,75.80192985,-0.216163509999987
2013-11-08 14:00:00,75.80339835,75.58258901416667,0.7810875851748942,75.58576634,0.21763200999998844
2013-11-08 15:00:00,74.95083817,75.55081941458333,0.7909830952925581,75.80339835,-0.8525601799999976
2013-11-08 16:00:00,74.30202352,75.51010759666666,0.8297703373369053,74.95083817,-0.6488146499999914
2013-11-08 17:00:00,74.30126215,75.45389959041667,0.8648139973158671,74.30202352,-0.0007613700000064227
2013-11-08 18:00:00,74.56143904,75.38510528625001,0.8675101478029392,74.30126215,0.2601768899999968
2013-11-08 19:00:00,74.80702056,75.28924789333333,0.7927901247041269,74.56143904,0.24558152000000177
2013-11-08 20:00:00,73.81540339,75.15931637,0.7666555566762299,74.80702056,-0.9916171699999978
2013-11-08 21:00:00,74.46177933,75.10456916624999,0.7676383038121333,73.81540339,0.6463759399999986
2013-11-08 22:00:00,73.33340389,74.99610980916667,0.8266193905164857,74.46177933,-1.1283754399999992
2013-11-08 23:00:00,73.13844142,74.90085662083334,0.9032678216663416,73.33340389,-0.194962469999993
2013-11-09 00:00:00,74.43327812,74.84599982625,0.889336974624838,73.13844142,1.2948366999999905
2013-11-09 01:00:00,73.55423309999998,74.75560150208334,0.906334757081095,74.43327812,-0.8790450200000208
2013-11-09 02:00:00,74.72110603,74.69405893291666,0.8526834965245312,73.55423309999998,1.1668729300000251
2013-11-09 03:00:00,73.50877487,74.57319133458333,0.8030864799888665,74.72110603,-1.212331160000005
2013-11-09 04:00:00,74.83946496,74.51764822,0.7304815276625333,73.50877487,1.3306900900000045
2013-11-09 05:00:00,73.55614636,74.49158859541666,0.7537765420292115,74.83946496,-1.2833186000000012
2013-11-09 06:00:00,73.07126074,74.38834479124999,0.7721024745816628,73.55614636,-0.48488562
2013-11-09 07:00:00,72.82584529,74.30080266916666,0.8256421610413296,73.07126074,-0.24541544999999587
2013-11-09 08:00:00,72.95550534,74.25443965250001,0.8693549569524087,72.82584529,0.12966004999999825
2013-11-09 09:00:00,73.64826422,74.21452094499999,0.8744758562212739,72.95550534,0.6927588799999995
2013-11-09 10:00:00,73.4784976,74.16781887125,0.882919502707416,73.64826422,-0.1697666200000043
2013-11-09 11:00:00,73.16790935,74.10929133291667,0.9012880039641049,73.4784976,-0.310588249999995
2013-11-09 12:00:00,72.25990891,73.96170712708333,0.9020702124717694,73.16790935,-0.9080004400000092
2013-11-09 13:00:00,73.22695232,73.86342320958333,0.8440654257094603,72.25990891,0.9670434100000023
2013-11-09 14:00:00,73.36574509999998,73.76185432416666,0.7408238192798365,73.22695232,0.13879277999998862
2013-11-09 15:00:00,72.78698119,73.67169361666667,0.7212446543756517,73.36574509999998,-0.578763909999978
2013-11-09 16:00:00,73.23132790000003,73.62708129916668,0.7136342550067808,72.78698119,0.44434671000001913
2013-11-09 17:00:00,73.06305918,73.57548950875001,0.7075069079796699,73.23132790000003,-0.1682687200000288
2013-11-09 18:00:00,73.23528333,73.52023302083333,0.6783414437857235,73.06305918,0.17222415000000524
2013-11-09 19:00:00,73.95548531,73.48475238541667,0.6285522704125652,73.23528333,0.7202019799999988
2013-11-09 20:00:00,73.98859537,73.49196871791666,0.6334883018756605,73.95548531,0.0331100599999985
2013-11-09 21:00:00,73.18927798,73.43894782833334,0.6012194406603911,73.98859537,-0.7993173899999988
2013-11-09 22:00:00,73.48796428,73.44538784458334,0.6008674339159058,73.18927798,0.29868629999999996
2013-11-09 23:00:00,73.23741435,73.44951171666666,0.599005959084007,73.48796428,-0.25054993000000536
2013-11-10 00:00:00,74.54367695,73.45411166791668,0.6072561449986913,73.23741435,1.3062626000000108
2013-11-10 01:00:00,73.43081550000002,73.44896926791667,0.6068938857644529,74.54367695,-1.1128614499999827
2013-11-10 02:00:00,74.74891586,73.45012801083334,0.6094495489938316,73.43081550000002,1.318100359999974
2013-11-10 03:00:00,74.75362909,73.50199693666667,0.6650912873521623,74.74891586,0.004713230000007229
2013-11-10 04:00:00,72.86175442,73.41959233083334,0.6126238998367503,74.75362909,-1.891874670000007
2013-11-10 05:00:00,72.73720269,73.38546967791667,0.6273182768011798,72.86175442,-0.1245517299999932
2013-11-10 06:00:00,73.3559507,73.39733175958334,0.6238002804423106,72.73720269,0.6187480099999902
2013-11-10 07:00:00,73.39759537,73.42115467958334,0.6118290005277388,73.3559507,0.04164467000001082
2013-11-10 08:00:00,73.14595598,73.42909012291666,0.6067408443956313,73.39759537,-0.25163939000000823
2013-11-10 09:00:00,73.76092178,73.43378418791667,0.6089420099410218,73.14595598,0.6149658000000073
2013-11-10 10:00:00,72.25168702,73.38266708041667,0.6547911037850643,73.76092178,-1.5092347599999982
2013-11-10 11:00:00,73.13205651,73.38117321208334,0.6553430292110867,72.25168702,0.8803694899999925
2013-11-10 12:00:00,72.08360267,73.37382711875,0.6692979349249227,73.13205651,-1.0484538399999934
2013-11-10 13:00:00,72.07368375,73.32577426166667,0.7197963605137468,72.08360267,-0.00991892000000405
2013-11-10 14:00:00,72.61268471,73.29439674541668,0.7342469164761157,72.07368375,0.5390009599999956
2013-11-10 15:00:00,73.72321874,73.33340664333333,0.7309797331415905,72.61268471,1.1105340299999966
2013-11-10 16:00:00,73.72849169,73.35412180125,0.7349946706078644,73.72321874,0.005272950000005494
2013-11-10 17:00:00,73.13296089,73.3570343725,0.7339288533037461,73.72849169,-0.5955307999999917
2013-11-10 18:00:00,72.65494358,73.33285354958333,0.7475484858844591,73.13296089,-0.4780173100000127
2013-11-10 19:00:00,72.32299088,73.26483294833334,0.7625520663871349,72.65494358,-0.331952699999988
2013-11-10 20:00:00,73.55015881,73.24656475833334,0.7496010359958036,72.32299088,1.2271679299999931
2013-11-10 21:00:00,73.72223486,73.268771295,0.755699633997989,73.55015881,0.17207605000000115
2013-11-10 22:00:00,72.25297108,73.217313245,0.7817243681161962,73.72223486,-1.4692637800000057
2013-11-10 23:00:00,72.31541006,73.17889639958334,0.8030578386680232,72.25297108,0.06243898000001025
2013-11-11 00:00:00,72.76195068,73.104657805,0.7521473158702078,72.31541006,0.4465406199999933
2013-11-11 01:00:00,73.76142519,73.11843320875,0.761351736223321,72.76195068,0.9994745099999989
2013-11-11 02:00:00,73.10583663,73.04997157416666,0.6776332158998893,73.76142519,-0.6555885599999982
2013-11-11 03:00:00,73.50193935,72.99781783499999,0.5822684824705743,73.10583663,0.3961027200000018
2013-11-11 04:00:00,73.49132918,73.02405011666667,0.5900024496233337,73.50193935,-0.010610170000006747
2013-11-11 05:00:00,72.41669997,73.01069583666667,0.6003143797509377,73.49132918,-1.0746292099999977
2013-11-11 06:00:00,73.04263579,72.99764104875,0.5958701395797685,72.41669997,0.6259358200000094
2013-11-11 07:00:00,72.31388627,72.95248650291667,0.6052319311361205,73.04263579,-0.728749520000008
2013-11-11 08:00:00,71.53125555,72.88520731833333,0.6691611275198566,72.31388627,-0.7826307200000002
2013-11-11 09:00:00,72.51297974,72.83320973333333,0.64624836102133,71.53125555,0.9817241900000084
2013-11-11 10:00:00,73.05072318,72.86650290666667,0.6354796442129469,72.51297974,0.5377434399999999
2013-11-11 11:00:00,72.93039079,72.85810016833334,0.6331446396988127,73.05072318,-0.12033239000000151
2013-11-11 12:00:00,72.68112696,72.88299701375,0.6127860741545198,72.93039079,-0.24926383000000385
2013-11-11 13:00:00,74.10651227,72.96769820208333,0.6361048041779666,72.68112696,1.4253853099999958
2013-11-11 14:00:00,73.20678582,72.992452415,0.6332420447935635,74.10651227,-0.8997264500000028
2013-11-11 15:00:00,73.97883407,73.00310305375,0.6480439829677921,73.20678582,0.7720482500000116
2013-11-11 16:00:00,74.29101178,73.02654139083333,0.6845639286964179,73.97883407,0.3121777100000003
2013-11-11 17:00:00,75.92300396,73.14279318541666,0.904872356066608,74.29101178,1.6319921799999975
2013-11-11 18:00:00,75.09551863,73.2444838125,0.9815519516014765,75.92300396,-0.8274853300000018
2013-11-11 19:00:00,74.50642676,73.3354603075,0.99354277844073,75.09551863,-0.5890918700000043
2013-11-11 20:00:00,75.29868809,73.40831569416666,1.071056059747895,74.50642676,0.7922613300000023
2013-11-11 21:00:00,74.81087057,73.45367551541666,1.107365450216363,75.29868809,-0.487817519999993
2013-11-11 22:00:00,75.04623283,73.57006142166667,1.1223692116406447,74.81087057,0.23536225999998805
2013-11-11 23:00:00,75.27267490000001,73.69328079,1.1408185695441435,75.04623283,0.2264420700000187
2013-11-12 00:00:00,74.35723061,73.75975078708333,1.130624231882868,75.27267490000001,-0.9154442900000106
2013-11-12 01:00:00,75.59912555,73.83632163541667,1.1913408407785373,74.35723061,1.2418949399999946
2013-11-12 02:00:00,75.38508019,73.93129011708334,1.2210531340479993,75.59912555,-0.21404536000000007
2013-11-12 03:00:00,74.01849770000003,73.95281338166667,1.2177040486301793,75.38508019,-1.3665824899999706
2013-11-12 04:00:00,74.67643353,74.00219272958333,1.2221970812012495,74.01849770000003,0.6579358299999711
2013-11-12 05:00:00,74.23187951,74.07782521041666,1.1750724939055213,74.67643353,-0.4445540199999982
2013-11-12 06:00:00,73.23464912,74.08582576583333,1.1683523513066563,74.23187951,-0.9972303899999986
2013-11-12 07:00:00,72.9246375,74.11127373375,1.1342327845689952,73.23464912,-0.3100116199999974
2013-11-12 08:00:00,73.50042577,74.19332249291666,1.0031300070452192,72.9246375,0.5757882700000039
2013-11-12 09:00:00,73.9103724,74.25154718708333,0.9399202528923837,73.50042577,0.4099466299999932
2013-11-12 10:00:00,73.36473041,74.26463082166667,0.9245377041154019,73.9103724,-0.5456419899999929
2013-11-12 11:00:00,74.56847369,74.33288427583334,0.8812054104910889,73.36473041,1.2037432799999976
2013-11-12 12:00:00,73.01626683,74.34684843708334,0.8561929830483798,74.56847369,-1.5522068599999983
2013-11-12 13:00:00,74.58986064,74.3669879525,0.8559786367889473,73.01626683,1.5735938099999913
2013-11-12 14:00:00,74.79361415,74.43310579958333,0.8231199939985533,74.58986064,0.20375350999999853
2013-11-12 15:00:00,74.62816075,74.46016107791667,0.8181959470660198,74.79361415,-0.16545339999998987
2013-11-12 16:00:00,73.48499084,74.42657687208334,0.8416469856405161,74.62816075,-1.1431699100000117
2013-11-12 17:00:00,74.83572629999998,74.38127363625001,0.7849495675501498,73.48499084,1.3507354599999815
2013-11-12 18:00:00,75.71863379,74.40723676791667,0.8191608163908721,74.83572629999998,0.8829074900000222
2013-11-12 19:00:00,74.10748463,74.39061417916666,0.8211059199330069,75.71863379,-1.6111491599999965
2013-11-12 20:00:00,76.18679389,74.42761858749999,0.8815929980447365,74.10748463,2.0793092600000023
2013-11-12 21:00:00,75.68515368,74.46404705041667,0.9155280387405407,76.18679389,-0.501640210000005
2013-11-12 22:00:00,75.95116314,74.50175248000001,0.9581880490626578,75.68515368,0.26600946000000647
2013-11-12 23:00:00,75.27091748,74.50167925416666,0.958126637956167,75.95116314,-0.6802456600000113
2013-11-13 00:00:00,75.10698746,74.53291912291667,0.9654074012282977,75.27091748,-0.16393001999999512
2013-11-13 01:00:00,75.50230648,74.528884995,0.9609503556912604,75.10698746,0.3953190200000023
2013-11-13 02:00:00,74.96947424,74.51156808041667,0.9485146314221745,75.50230648,-0.5328322400000047
2013-11-13 03:00:00,74.66135819,74.53835393416666,0.943046387542794,74.96947424,-0.3081160499999953
2013-11-13 04:00:00,74.16500932,74.51704459208334,0.9455654246102857,74.66135819,-0.4963488700000056
2013-11-13 05:00:00,73.61945248,74.49152679916666,0.9617214197227231,74.16500932,-0.545556839999989
2013-11-13 06:00:00,73.04705436,74.48371035083333,0.973076225909711,73.61945248,-0.5723981200000026
2013-11-13 07:00:00,73.10898413,74.49139146041666,0.9608856171868475,73.04705436,0.06192976999999189
2013-11-13 08:00:00,73.14571961,74.47661203708334,0.9793410444562652,73.10898413,0.03673548000000437
2013-11-13 09:00:00,73.13454489,74.44428589083334,1.0111324185057755,73.14571961,-0.011174719999999638
2013-11-13 10:00:00,73.63776206,74.45566220958334,0.999932089362603,73.13454489,0.5032171699999992
2013-11-13 11:00:00,72.51683568,74.3701772925,1.0747661827272519,73.63776206,-1.1209263800000002
2013-11-13 12:00:00,74.15631949,74.41767948666667,1.0368497566247055,72.51683568,1.6394838100000015
2013-11-13 13:00:00,73.16933890000001,74.35849108083333,1.0667086734682683,74.15631949,-0.9869805899999875
2013-11-13 14:00:00,74.42966035,74.34332633916667,1.0628338611508505,73.16933890000001,1.2603214499999922
2013-11-13 15:00:00,73.93593742,74.31448370041667,1.0641598711174924,74.42966035,-0.4937229300000041
2013-11-13 16:00:00,74.0165059,74.33663016125,1.051603217171943,73.93593742,0.08056847999999661
2013-11-13 17:00:00,75.64136409999998,74.37019840291667,1.0806838486583108,74.0165059,1.6248581999999772
2013-11-13 18:00:00,75.49191161,74.36075164541667,1.0693152033290285,75.64136409999998,-0.14945248999997318
2013-11-13 19:00:00,74.71810201,74.38619403625,1.0702909931326912,75.49191161,-0.773809600000007
2013-11-13 20:00:00,75.30978555,74.34965202208333,1.0199283527548457,74.71810201,0.5916835400000053
2013-11-13 21:00:00,75.66631972,74.34886727375,1.0188628101924349,75.30978555,0.3565341700000033
2013-11-13 22:00:00,76.3113897,74.36387671375,1.0457909058082369,75.66631972,0.6450699800000024
2013-11-13 23:00:00,75.93818590000002,74.39167956458334,1.0792868564848692,76.3113897,-0.37320379999998465
2013-11-14 00:00:00,75.28806128,74.39922430708334,1.0851217396440167,75.93818590000002,-0.6501246200000281
2013-11-14 01:00:00,74.04154576,74.33835927708334,1.0612643358850742,75.28806128,-1.2465155199999884
2013-11-14 02:00:00,75.03847755,74.341234415,1.0631402805290535,74.04154576,0.9969317899999908
2013-11-14 03:00:00,74.23765297,74.32358003083333,1.061109274371559,75.03847755,-0.8008245799999969
2013-11-14 04:00:00,74.41627738,74.33404953333334,1.0607162058731574,74.23765297,0.17862440999999762
2013-11-14 05:00:00,72.52116762,74.28828766416667,1.1151791883941695,74.41627738,-1.8951097599999969
2013-11-14 06:00:00,72.25396537,74.25524228958334,1.1642307680563804,72.52116762,-0.26720224999999687
2013-11-14 07:00:00,73.35919816,74.26566787416667,1.154600329040429,72.25396537,1.1052327900000023
2013-11-14 08:00:00,73.3005709,74.27212001125,1.1484862076219644,73.35919816,-0.05862726000000862
2013-11-14 09:00:00,71.94989116,74.22275943916667,1.22257155182282,73.3005709,-1.3506797399999897
2013-11-14 10:00:00,72.70754191,74.18400026625001,1.2562067686340497,71.94989116,0.7576507499999963
2013-11-14 11:00:00,73.57919806,74.22826536541666,1.212876523749892,72.70754191,0.8716561499999926
2013-11-14 12:00:00,73.71447163,74.20985503791667,1.2173612027413943,73.57919806,0.1352735700000096
2013-11-14 13:00:00,73.20962568,74.21153365375,1.2158909447980935,73.71447163,-0.5048459500000035
2013-11-14 14:00:00,73.60901764,74.1773402075,1.221018353502683,73.20962568,0.39939196000000265
2013-11-14 15:00:00,73.39056823,74.15461649125,1.2307423683116696,73.60901764,-0.21844941000000517
2013-11-14 16:00:00,74.84991329,74.18934179916667,1.238409545402622,73.39056823,1.459345060000004
2013-11-14 17:00:00,75.29117938,74.17475076916666,1.2225188961993654,74.84991329,0.44126608999999917
2013-11-14 18:00:00,75.05266772,74.15644894041667,1.2051067589630748,75.29117938,-0.23851166000000035
2013-11-14 19:00:00,73.87313966,74.12124217583333,1.2003179741530925,75.05266772,-1.1795280599999955
2013-11-14 20:00:00,73.88685052,74.06195321625,1.1739101190927066,73.87313966,0.013710859999989111
2013-11-14 21:00:00,75.32457686,74.04771393041666,1.1555321505211769,73.88685052,1.4377263399999975
2013-11-14 22:00:00,74.52795985,73.97340435333334,1.0567533731031498,75.32457686,-0.7966170099999914
2013-11-14 23:00:00,74.50517038,73.91369537333333,0.9784988856487324,74.52795985,-0.022789470000006418
2013-11-15 00:00:00,75.28019509999999,73.91336761583334,0.9780197133101804,74.50517038,0.7750247199999905
2013-11-15 01:00:00,73.39054569,73.88624261291666,0.9833234158140531,75.28019509999999,-1.8896494099999899
2013-11-15 02:00:00,73.61502322,73.82693201583334,0.953272676548811,73.39054569,0.22447753000000148
2013-11-15 03:00:00,73.40129594,73.79208380625,0.9528924189116874,73.61502322,-0.21372728000000052
2013-11-15 04:00:00,72.71904624,73.72136584208333,0.9674228066402488,73.40129594,-0.6822496999999998
2013-11-15 05:00:00,73.04163914,73.74305215541666,0.9449206064037154,72.71904624,0.3225929000000036
2013-11-15 06:00:00,71.66850691,73.71865805291667,0.9914460386211015,73.04163914,-1.373132229999996
2013-11-15 07:00:00,72.44293549,73.68048044166666,1.0230278294345205,71.66850691,0.7744285799999915
2013-11-15 08:00:00,72.77424531,73.65855020875,1.0370708127803663,72.44293549,0.3313098200000013
2013-11-15 09:00:00,71.02651442,73.62007617791666,1.1172449743006487,72.77424531,-1.7477308899999997
2013-11-15 10:00:00,72.46122501,73.60981297375,1.1270802002331837,71.02651442,1.4347105900000088
2013-11-15 11:00:00,72.053069,73.54622426291667,1.1710752182391417,72.46122501,-0.4081560100000132
2013-11-15 12:00:00,71.43164940000003,73.45110666999999,1.247058764951469,72.053069,-0.6214195999999674
2013-11-15 13:00:00,73.5399011,73.46486814583334,1.2461000772781408,71.43164940000003,2.1082516999999683
2013-11-15 14:00:00,73.32159625,73.45289225458333,1.2460356246527573,73.5399011,-0.21830484999999555
2013-11-15 15:00:00,74.17128378,73.48542206916666,1.2544999949651445,73.32159625,0.8496875299999971
2013-11-15 16:00:00,73.44249817,73.4267797725,1.2203739194240861,74.17128378,-0.7287856100000027
2013-11-15 17:00:00,73.84389329999998,73.36647618583332,1.1584267598147373,73.44249817,0.40139512999998317
2013-11-15 18:00:00,74.32478195,73.33614761208334,1.1212946930871561,73.84389329999998,0.48088865000002556
2013-11-15 19:00:00,74.33059913,73.35520842333334,1.1346287451522654,74.32478195,0.005817179999993982
2013-11-15 20:00:00,74.50938842,73.3811475025,1.1542574319218801,74.33059913,0.17878928999999744
2013-11-15 21:00:00,74.18876225,73.33382189375,1.092756901151349,74.50938842,-0.32062616999999705
2013-11-15 22:00:00,73.26010958,73.28099479916666,1.0627527225953934,74.18876225,-0.9286526699999911
2013-11-15 23:00:00,72.71542581,73.20642210875,1.03556314015895,73.26010958,-0.544683770000006
2013-11-16 00:00:00,72.91699629,73.10795549166666,0.9375159149927942,72.71542581,0.20157048000000088
2013-11-16 01:00:00,72.72921375,73.08039999416667,0.9385672440285522,72.91699629,-0.1877825400000006
2013-11-16 02:00:00,72.00496338,73.0133141675,0.9560704123627854,72.72921375,-0.7242503699999929
2013-11-16 03:00:00,72.91473652,72.99304085833333,0.952638169719326,72.00496338,0.9097731399999986
2013-11-16 04:00:00,72.22070042,72.97227644916666,0.9642306448923434,72.91473652,-0.6940361000000053
2013-11-16 05:00:00,72.19057869,72.93681559708334,0.9771319570829569,72.22070042,-0.03012173000000473
2013-11-16 06:00:00,72.75354149,72.98202537125,0.9403058272152754,72.19057869,0.5629628000000082
2013-11-16 07:00:00,70.85140062,72.91571141833333,1.0316603140426543,72.75354149,-1.9021408699999967
2013-11-16 08:00:00,72.60434778,72.90863235458333,1.0332549039879177,70.85140062,1.7529471599999908
2013-11-16 09:00:00,72.2513124,72.95966560375,0.9641927735420871,72.60434778,-0.35303537999999435
2013-11-16 10:00:00,72.44304869,72.95890825708334,0.964608355961053,72.2513124,0.19173628999999437
2013-11-16 11:00:00,71.82902242,72.94957298291666,0.974786468432182,72.44304869,-0.6140262699999965
2013-11-16 12:00:00,72.13432831,72.97885127083333,0.9370341229829028,71.82902242,0.30530588999999964
2013-11-16 13:00:00,72.28302117,72.92648127375,0.9394340945886631,72.13432831,0.14869285999999704
2013-11-16 14:00:00,70.87841589,72.82468209208334,1.0233805834221386,72.28302117,-1.4046052799999984
2013-11-16 15:00:00,70.5596423,72.67419703041666,1.0806932334118575,70.87841589,-0.3187735900000064
2013-11-16 16:00:00,71.49929374,72.59323017916667,1.0933480062908616,70.5596423,0.9396514400000058
2013-11-16 17:00:00,70.91004612,72.47098654666667,1.1113003164041984,71.49929374,-0.5892476199999948
2013-11-16 18:00:00,71.52840484,72.35447083375,1.0535821721175158,70.91004612,0.6183587199999891
2013-11-16 19:00:00,71.62859496,72.24188732666666,0.974644320487105,71.52840484,0.10019012000000771
2013-11-16 20:00:00,72.74468133,72.16835786458333,0.8554151883349937,71.62859496,1.116086370000005
2013-11-16 21:00:00,71.59071961,72.06010608791667,0.7460125206694274,72.74468133,-1.1539617200000123
2013-11-16 22:00:00,72.53877392,72.03005043541667,0.7091860601337283,71.59071961,0.9480543100000034
2013-11-16 23:00:00,72.67710054,72.02845354916667,0.7076171033547354,72.53877392,0.13832662000000084
2013-11-17 00:00:00,72.51924339,72.01188051166666,0.6903489881758139,72.67710054,-0.15785714999999811
2013-11-17 01:00:00,72.53149628,72.00364228375,0.6825522568379522,72.51924339,0.012252889999999184
2013-11-17 02:00:00,71.57898299,71.98589310083334,0.6880330307682494,72.53149628,-0.9525132899999988
2013-11-17 03:00:00,72.42367877,71.96543236125,0.6661641060678342,71.57898299,0.844695779999995
2013-11-17 04:00:00,71.48775583,71.93489300333333,0.6707376083356648,72.42367877,-0.9359229399999975
2013-11-17 05:00:00,71.06116079,71.88783392416666,0.6913228983907607,71.48775583,-0.42659503999999515
2013-11-17 06:00:00,70.32136308,71.78649315708334,0.7357407251446425,71.06116079,-0.7397977100000048
2013-11-17 07:00:00,71.8799218,71.82934820625,0.7083503514537469,70.32136308,1.5585587200000077
2013-11-17 08:00:00,72.01945706,71.80497775958334,0.6903605881418762,71.8799218,0.13953525999998817
2013-11-17 09:00:00,71.02801335,71.75400696583333,0.7010505972288057,72.01945706,-0.9914437099999986
2013-11-17 10:00:00,70.32011267,71.66555129833334,0.7430063270955892,71.02801335,-0.7079006799999945
2013-11-17 11:00:00,70.43736052,71.60756538583334,0.7829258458859938,70.32011267,0.11724784999999827
2013-11-17 12:00:00,70.71326074,71.54835423708333,0.7949989013283705,70.43736052,0.2759002199999969
2013-11-17 13:00:00,71.29496969,71.50718542541667,0.7807556580058841,70.71326074,0.5817089500000066
2013-11-17 14:00:00,71.19238211,71.52026735125,0.772347321583441,71.29496969,-0.10258758000000512
2013-11-17 15:00:00,70.76197992,71.52869808541666,0.7624463585759059,71.19238211,-0.43040218999999524
2013-11-17 16:00:00,71.97783594,71.54863734375,0.7678819192391524,70.76197992,1.215856020000004
2013-11-17 17:00:00,71.93428932,71.59131414375001,0.7592615988751562,71.97783594,-0.04354662000000076
2013-11-17 18:00:00,70.92727189,71.5662669375,0.7712478840896434,71.93428932,-1.0070174300000048
2013-11-17 19:00:00,70.69309796,71.52728789583334,0.7913392713492767,70.92727189,-0.2341739299999972
2013-11-17 20:00:00,72.26337995,71.50723367166667,0.7648001440450293,70.69309796,1.570281989999998
2013-11-17 21:00:00,71.59257385,71.50731093166667,0.7648090380725007,72.26337995,-0.6708061000000072
2013-11-17 22:00:00,72.78595446,71.51761012083334,0.7808001332414586,71.59257385,1.1933806100000055
2013-11-17 23:00:00,72.51893435,71.51101986291667,0.7711965104951711,72.78595446,-0.26702011000000425
2013-11-18 00:00:00,71.86984301,71.48396151375,0.7452394128730593,72.51893435,-0.6490913399999982
2013-11-18 01:00:00,72.26094927,71.47268872166667,0.730607610862453,71.86984301,0.3911062600000008
2013-11-18 02:00:00,71.49387364,71.46914249875,0.7302757244835719,72.26094927,-0.7670756299999937
2013-11-18 03:00:00,71.34440084,71.424172585,0.7016082930940404,71.49387364,-0.14947279999999807
2013-11-18 04:00:00,71.45222531,71.42269214666668,0.7015057734793884,71.34440084,0.10782446999999706
2013-11-18 05:00:00,71.07687116,71.42334674541667,0.7011609938601011,71.45222531,-0.3753541500000068
2013-11-18 06:00:00,70.85817442,71.44571388458333,0.6724536456878426,71.07687116,-0.2186967399999986
2013-11-18 07:00:00,70.94781553,71.40687612333333,0.6732021198423853,70.85817442,0.0896411100000023
2013-11-18 08:00:00,70.27853073,71.33433752625,0.6976746698785105,70.94781553,-0.6692847999999998
2013-11-18 09:00:00,69.32489169,71.26337412375001,0.8080687523153244,70.27853073,-0.9536390399999988
2013-11-18 10:00:00,70.20579203,71.25861076375,0.8141845923403196,69.32489169,0.8809003399999966
2013-11-18 11:00:00,70.38921093,71.25660453083333,0.8163526563204448,70.20579203,0.1834189000000066
2013-11-18 12:00:00,71.97995521,71.30938346708334,0.8206330300817515,70.38921093,1.5907442799999956
2013-11-18 13:00:00,71.09700465,71.30113492375,0.8217783260067262,71.97995521,-0.8829505599999976
2013-11-18 14:00:00,73.01321007,71.37700275541667,0.8923243477355058,71.09700465,1.9162054199999972
2013-11-18 15:00:00,72.74733169,71.45972574583332,0.9242834385842423,73.01321007,-0.26587838000000374
2013-11-18 16:00:00,72.53910037,71.48311176375,0.9448345331861496,72.74733169,-0.2082313199999959
2013-11-18 17:00:00,73.35960207,71.542499795,1.0165027631300452,72.53910037,0.8205016999999941
2013-11-18 18:00:00,72.84142418,71.62225614041667,1.0409323651546583,73.35960207,-0.5181778899999898
2013-11-18 19:00:00,74.43420638,71.77813565791666,1.168090068617054,72.84142418,1.592782200000002
2013-11-18 20:00:00,74.6164561,71.8761804975,1.3017026530252016,74.43420638,0.1822497199999873
2013-11-18 21:00:00,74.22528903,71.98587696333334,1.3850280792115421,74.6164561,-0.3911670699999945
2013-11-18 22:00:00,74.42442215,72.05414645041667,1.4642921605401547,74.22528903,0.19913311999999905
2013-11-18 23:00:00,73.14775012,72.0803471075,1.4785267495604586,74.42442215,-1.2766720300000003
2013-11-19 00:00:00,73.69107041,72.1562315825,1.513574314514877,73.14775012,0.5433202899999969
2013-11-19 01:00:00,74.03109935,72.22998783583333,1.5612769222332579,73.69107041,0.3400289400000105
2013-11-19 02:00:00,73.46135999,72.31196643375,1.5725580232885843,74.03109935,-0.5697393599999998
2013-11-19 03:00:00,72.49412233,72.35987149583333,1.5592572235995072,73.46135999,-0.9672376600000092
2013-11-19 04:00:00,73.09658152,72.42838633791666,1.5537579732906668,72.49412233,0.6024591900000047
2013-11-19 05:00:00,73.46536527,72.52790692583334,1.5398587738937217,73.09658152,0.36878375000000574
2013-11-19 06:00:00,72.80605916,72.60906879,1.498812052332823,73.46536527,-0.6593061100000028
2013-11-19 07:00:00,71.59932742,72.63621511875,1.473094836722353,72.80605916,-1.2067317400000093
2013-11-19 08:00:00,72.73375635,72.73851618625001,1.3848537760897979,71.59932742,1.1344289299999986
2013-11-19 09:00:00,73.27079545,72.90292884291667,1.1812225071020261,72.73375635,0.5370391000000012
2013-11-19 10:00:00,72.32538482,72.99124520916666,1.0418087831979883,73.27079545,-0.9454106299999978
2013-11-19 11:00:00,71.96557762,73.05692715458333,0.9122661753980544,72.32538482,-0.35980719999999167
2013-11-19 12:00:00,72.50861543,73.07895466375,0.8912719862496431,71.96557762,0.5430378100000013
2013-11-19 13:00:00,72.20848244,73.12526623833334,0.8088782914477534,72.50861543,-0.3001329900000087
2013-11-19 14:00:00,73.98532747,73.16577113000001,0.8271561365150893,72.20848244,1.776845030000004
2013-11-19 15:00:00,73.77910642,73.20876174375,0.8312651251355532,73.98532747,-0.20622104999999635
2013-11-19 16:00:00,73.74309124,73.25892802999999,0.825403753496368,73.77910642,-0.03601518000000681
2013-11-19 17:00:00,75.62033656,73.35312530041666,0.9560530538241102,73.74309124,1.87724532
2013-11-19 18:00:00,75.92989871,73.48181173916667,1.0835396812414595,75.62033656,0.309562150000005
2013-11-19 19:00:00,76.14345589,73.55303046875001,1.1988926592649418,75.92989871,0.21355717999999513
2013-11-19 20:00:00,75.62712477,73.59514166333334,1.2543374420535627,76.14345589,-0.5163311200000038
2013-11-19 21:00:00,76.09385992,73.67299878375,1.3495306962060416,75.62712477,0.4667351500000052
2013-11-19 22:00:00,76.71081637,73.76826520958333,1.4793395016556508,76.09385992,0.6169564500000035
2013-11-19 23:00:00,76.04933698,73.88916466208333,1.5435939498919262,76.71081637,-0.6614793899999967
2013-11-20 00:00:00,75.72755913,73.97401835875,1.587578711230929,76.04933698,-0.3217778500000037
2013-11-20 01:00:00,75.51638547,74.03590528041667,1.618548196226383,75.72755913,-0.21117366000000004
2013-11-20 02:00:00,74.52746945,74.08032650791667,1.6167228690470297,75.51638547,-0.9889160200000049
2013-11-20 03:00:00,74.48053719,74.16309379375001,1.582471236656028,74.52746945,-0.04693225999999129
2013-11-20 04:00:00,75.44810401,74.2610738975,1.5863596602677525,74.48053719,0.9675668199999876
2013-11-20 05:00:00,73.87105555,74.27797765916667,1.5796594948083222,75.44810401,-1.5770484600000003
2013-11-20 06:00:00,75.52376743,74.39121550375,1.5669154885176368,73.87105555,1.6527118800000125
2013-11-20 07:00:00,73.59258353,74.47426784166667,1.461800331112096,75.52376743,-1.9311839000000077
2013-11-20 08:00:00,73.54086694,74.50789744958333,1.4289323920299843,73.59258353,-0.051716589999998064
2013-11-20 09:00:00,74.60328237,74.56341773791667,1.4044524823713669,73.54086694,1.0624154300000015
2013-11-20 10:00:00,73.53405054,74.61377880958334,1.3409459934010461,74.60328237,-1.0692318300000068
2013-11-20 11:00:00,73.18585771,74.66462381333334,1.2566531740473228,73.53405054,-0.3481928300000021
2013-11-20 12:00:00,74.73396876,74.75734686874999,1.1697485907678775,73.18585771,1.5481110500000028
2013-11-20 13:00:00,74.00301199,74.83211893333333,1.0510719406690465,74.73396876,-0.7309567699999917
2013-11-20 14:00:00,74.25992091,74.84356032666666,1.0429163588664712,74.00301199,0.25690892000000076
2013-11-20 15:00:00,75.3819048,74.9103435925,1.0229162651960713,74.25992091,1.1219838899999957
2013-11-20 16:00:00,74.89925956,74.9585172725,0.9923221489439153,75.3819048,-0.48264523999999653
2013-11-20 17:00:00,74.95695549,74.93087639458334,0.9822741121507808,74.89925956,0.05769592999999418
2013-11-20 18:00:00,74.99328121,74.89185066541667,0.9591919723445645,74.95695549,0.03632572000000778
2013-11-20 19:00:00,76.8861063,74.9227944325,1.0118577837042797,74.99328121,1.892825089999988
2013-11-20 20:00:00,75.74120031,74.92754758,1.0155713052765032,76.8861063,-1.144905989999998
2013-11-20 21:00:00,77.29515004,74.977601335,1.1015203841318761,75.74120031,1.5539497299999994
2013-11-20 22:00:00,77.42615583,75.00740714583334,1.1586545437056293,77.29515004,0.13100579000000323
2013-11-20 23:00:00,77.57042544,75.07078583166667,1.2556669542036474,77.42615583,0.14426960999999494
2013-11-21 00:00:00,76.97148499,75.12261607583334,1.308515947324443,77.57042544,-0.5989404500000006
2013-11-21 01:00:00,76.55304852,75.16581036958333,1.3388383406406374,76.97148499,-0.41843646999998896
2013-11-21 02:00:00,76.83218408,75.26184014583335,1.3732732610273193,76.55304852,0.2791355600000003
2013-11-21 03:00:00,76.76691174,75.35710575208333,1.3958357427122932,76.83218408,-0.06527234000000703
2013-11-21 04:00:00,75.03003109,75.33968604708333,1.3972587311257043,76.76691174,-1.7368806500000034
2013-11-21 05:00:00,76.13262453,75.43391808791667,1.369900008402985,75.03003109,1.1025934400000068
2013-11-21 06:00:00,74.88298612,75.40721886666667,1.3743100012061173,76.13262453,-1.2496384100000029
2013-11-21 07:00:00,74.75528879999997,75.45566491958333,1.327248321385205,74.88298612,-0.1276973200000242
2013-11-21 08:00:00,74.96824419,75.51513897166667,1.2683910076114144,74.75528879999997,0.21295539000001895
2013-11-21 09:00:00,74.38032373,75.50584902833333,1.2761527458314617,74.96824419,-0.5879204599999923
2013-11-21 10:00:00,74.51502775,75.54672307874999,1.224933984397037,74.38032373,0.13470402000000092
2013-11-21 11:00:00,75.03807231,75.62389868708333,1.1239052576440072,74.51502775,0.5230445600000024
2013-11-21 12:00:00,75.47315484,75.65469810708333,1.1084797967889883,75.03807231,0.4350825300000025
2013-11-21 13:00:00,74.28147702,75.66630081666666,1.0917709935303468,75.47315484,-1.1916778200000095
2013-11-21 14:00:00,74.9158214,75.69363000374999,1.0628624075333157,74.28147702,0.6343443800000017
2013-11-21 15:00:00,74.73332116,75.66660568541667,1.0792520030693404,74.9158214,-0.18250023999999598
2013-11-21 16:00:00,74.57659907,75.65316149833333,1.0911702696295627,74.73332116,-0.15672209000000237
2013-11-21 17:00:00,75.13741621,75.660680695,1.086777091963719,74.57659907,0.5608171399999975
2013-11-21 18:00:00,76.09123393,75.70642872500001,1.0805527397307453,75.13741621,0.9538177200000035
2013-11-21 19:00:00,75.48996689,75.64825624958333,1.0514724002736957,76.09123393,-0.6012670399999962
2013-11-21 20:00:00,75.37277558,75.63290521916667,1.0527451092897329,75.48996689,-0.11719131000000971
2013-11-21 21:00:00,74.86375645,75.53159715291666,1.001574289065605,75.37277558,-0.5090191299999987
2013-11-21 22:00:00,74.72416427,75.41901417125,0.9285536043887713,74.86375645,-0.13959217999999396
2013-11-21 23:00:00,75.88303251,75.3487061325,0.8155813236720411,74.72416427,1.1588682400000039
2013-11-22 00:00:00,76.26881945,75.31942840166667,0.7658925296719136,75.88303251,0.3857869399999885
2013-11-22 01:00:00,74.40797403,75.23005029791666,0.7404114375047774,76.26881945,-1.8608454199999898
2013-11-22 02:00:00,75.07100534,75.15666785041667,0.6573342827247651,74.40797403,0.6630313099999938
2013-11-22 03:00:00,75.22936273,75.09260330833334,0.5615169303639224,75.07100534,0.15835739000000615
2013-11-22 04:00:00,75.3850351,75.10739514208333,0.5644650780947623,75.22936273,0.15567236999999068
2013-11-22 05:00:00,74.12951939,75.02393242791666,0.5542813623083486,75.3850351,-1.2555157099999974
2013-11-22 06:00:00,74.33830078,75.00123720541667,0.5711964254310951,74.12951939,0.20878138999999862
2013-11-22 07:00:00,73.13110340000001,74.93356281375,0.6862341237861749,74.33830078,-1.2071973799999824
2013-11-22 08:00:00,73.72892540000002,74.88192453083333,0.7288182655732328,73.13110340000001,0.5978220000000078
2013-11-22 09:00:00,73.47971521,74.84439917583335,0.7773377487343316,73.72892540000002,-0.24921019000002786
2013-11-22 10:00:00,73.55503441,74.80439945333333,0.8186260476364561,73.47971521,0.0753192000000098
2013-11-22 11:00:00,73.21770574,74.72855084625,0.8781982444869117,73.55503441,-0.3373286700000051
2013-11-22 12:00:00,74.8002409,74.70051276541666,0.8640193421524618,73.21770574,1.5825351600000062
2013-11-22 13:00:00,75.10424352,74.73479470291666,0.86299222324174,74.8002409,0.30400261999999145
2013-11-22 14:00:00,74.02504086,74.69767884708334,0.873953934961998,75.10424352,-1.0792026599999929
2013-11-22 15:00:00,75.99705923,74.7503346,0.9133757733168895,74.02504086,1.9720183700000007
2013-11-22 16:00:00,76.14728499,74.81577984666667,0.9556778701815188,75.99705923,0.15022575999999788
2013-11-22 17:00:00,75.97342391,74.85061350083333,0.9827630310553189,76.14728499,-0.17386108000000888
2013-11-22 18:00:00,74.55135899,74.78645204499999,0.9478934682585154,75.97342391,-1.4220649199999968
2013-11-22 19:00:00,75.52513628,74.78791743625,0.949054823858073,74.55135899,0.973777290000001
2013-11-22 20:00:00,74.83841776,74.76565252708333,0.9409710561526959,75.52513628,-0.6867185199999994
2013-11-22 21:00:00,75.86804316,74.80749780666666,0.9674805070631017,74.83841776,1.0296254000000005
2013-11-22 22:00:00,74.78322701,74.80995875416667,0.9673344250751957,75.86804316,-1.0848161499999946
2013-11-22 23:00:00,74.93730171,74.77055330416667,0.9406146802399573,74.78322701,0.15407469999999535
2013-11-23 00:00:00,75.99533878,74.75915827625,0.9231696146829703,74.93730171,1.0580370699999975
2013-11-23 01:00:00,74.9811996,74.783042675,0.921101655827098,75.99533878,-1.0141391800000008
2013-11-23 02:00:00,74.90004537,74.77591934291667,0.9194374300297837,74.9811996,-0.08115422999999566
2013-11-23 03:00:00,74.45881512,74.7438131925,0.9163634219126331,74.90004537,-0.4412302500000038
2013-11-23 04:00:00,74.98859321,74.72729478041667,0.9078356323947958,74.45881512,0.5297780900000078
2013-11-23 05:00:00,74.80551896,74.75546142916667,0.8989256940247325,74.98859321,-0.1830742500000042
2013-11-23 06:00:00,74.37725744,74.75708462333334,0.8981745326101024,74.80551896,-0.4282615200000066
2013-11-23 07:00:00,73.23877045,74.76157075041667,0.8899311716404521,74.37725744,-1.1384869899999899
2013-11-23 08:00:00,74.57228705,74.79671081916666,0.863645418108693,73.23877045,1.3335165999999958
2013-11-23 09:00:00,73.61937989,74.80253018083333,0.8548108438608015,74.57228705,-0.9529071599999952
2013-11-23 10:00:00,73.62510552,74.80544981041668,0.8504733941086065,73.61937989,0.005725630000000592
2013-11-23 11:00:00,73.89538449,74.83368642500001,0.8055289152125004,73.62510552,0.27027896999999257
2013-11-23 12:00:00,73.97705688,74.79938709083333,0.8243212774640873,73.89538449,0.08167239000000848
2013-11-23 13:00:00,73.49598319,74.73237624375001,0.8629268061635674,73.97705688,-0.48107369000000233
2013-11-23 14:00:00,74.480482,74.75135295791667,0.8516292840885785,73.49598319,0.984498809999991
2013-11-23 15:00:00,74.05324671,74.67036076958333,0.8198462382418509,74.480482,-0.4272352899999987
2013-11-23 16:00:00,72.99508362,74.53901904583334,0.8254283068381792,74.05324671,-1.0581630899999936
2013-11-23 17:00:00,74.06252472,74.45939824625,0.7714474162969811,72.99508362,1.0674410999999964
2013-11-23 18:00:00,74.31310832,74.449471135,0.7717454664247433,74.06252472,0.2505835999999988
2013-11-23 19:00:00,73.86600895,74.38034082958333,0.7450494915540384,74.31310832,-0.44709937000000366
2013-11-23 20:00:00,74.72618679,74.37566453916666,0.7423968603944261,73.86600895,0.8601778400000057
2013-11-23 21:00:00,74.87409105,74.33424986791667,0.6806835471197067,74.72618679,0.14790426000000423
2013-11-23 22:00:00,75.16150552,74.3500114725,0.6957448702756177,74.87409105,0.28741447000000164
2013-11-23 23:00:00,75.24524494,74.36284244041667,0.7097453061978188,75.16150552,0.08373942000000056
2013-11-24 00:00:00,76.06110472,74.36558268791667,0.7164178234666576,75.24524494,0.8158597799999967
2013-11-24 01:00:00,76.04876445,74.41006455666667,0.7860601490201201,76.06110472,-0.012340270000009923
2013-11-24 02:00:00,75.92643826,74.45283092708333,0.8399507165506941,76.04876445,-0.12232618999999545
2013-11-24 03:00:00,75.30896496,74.48825383708333,0.857947769613933,75.92643826,-0.6174733000000003
2013-11-24 04:00:00,73.85862031,74.44117163291666,0.8602984292477953,75.30896496,-1.450344649999991
2013-11-24 05:00:00,74.35243191,74.42229300583334,0.8569201680548489,73.85862031,0.4938116000000008
2013-11-24 06:00:00,73.22576335,74.37431408541666,0.891105507427,74.35243191,-1.126668560000013
2013-11-24 07:00:00,73.89709736,74.40174437333333,0.864362191139207,73.22576335,0.6713340100000096
2013-11-24 08:00:00,73.45107827,74.35502734083333,0.884801811025944,73.89709736,-0.44601909000000717
2013-11-24 09:00:00,74.28662864,74.38282937208334,0.8710577769994776,73.45107827,0.8355503700000071
2013-11-24 10:00:00,73.11935916,74.36175660708334,0.8959476895796424,74.28662864,-1.1672694800000016
2013-11-24 11:00:00,73.61847392,74.35021866666666,0.9039618898353713,73.11935916,0.49911475999999766
2013-11-24 12:00:00,73.95085216,74.34912680333333,0.9044479107736504,73.61847392,0.33237823999999705
2013-11-24 13:00:00,73.81302278,74.36233678625,0.8936968639664513,73.95085216,-0.13782937999999945
2013-11-24 14:00:00,74.47090026,74.36193754708334,0.8936439291427407,73.81302278,0.6578774799999962
2013-11-24 15:00:00,73.99949512,74.3596978975,0.8945181348801893,74.47090026,-0.47140513999998745
2013-11-24 16:00:00,74.01073568,74.40201673333333,0.8500732255817973,73.99949512,0.011240559999990296
2013-11-24 17:00:00,74.48269327,74.41952375625,0.8470989167534408,74.01073568,0.47195759000000237
2013-11-24 18:00:00,74.99975789,74.448134155,0.8549081645693497,74.48269327,0.5170646199999993
2013-11-24 19:00:00,75.51838405,74.5169831175,0.8723472602981781,74.99975789,0.5186261599999966
2013-11-24 20:00:00,74.91884001,74.525010335,0.8752376172964389,75.51838405,-0.5995440399999978
2013-11-24 21:00:00,76.19947972,74.58023486291667,0.9377989217801813,74.91884001,1.2806397100000027
2013-11-24 22:00:00,76.37182291,74.63066475416666,1.000839056388442,76.19947972,0.17234319000000653
2013-11-24 23:00:00,75.88886956,74.65748244666666,1.0263214766230218,76.37182291,-0.4829533500000025
2013-11-25 00:00:00,75.8200126,74.64743694166667,1.0130801454797456,75.88886956,-0.06885696000000507
2013-11-25 01:00:00,75.09124497,74.60754029666667,0.9735784895543732,75.8200126,-0.728767629999993
2013-11-25 02:00:00,76.15627384,74.61711677916666,0.9881372344968667,75.09124497,1.065028869999992
2013-11-25 03:00:00,74.91899343,74.60086796541667,0.9794339203317324,76.15627384,-1.2372804099999968
2013-11-25 04:00:00,74.96455081,74.64694840291666,0.9689541732557728,74.91899343,0.04555738000000531
2013-11-25 05:00:00,73.92706103,74.62922461625,0.9784197340911853,74.96455081,-1.0374897800000014
2013-11-25 06:00:00,74.79903613,74.69477764875,0.9318989185719411,73.92706103,0.8719751000000002
2013-11-25 07:00:00,73.3751018,74.67302783375,0.9570769781377748,74.79903613,-1.4239343300000087
2013-11-25 08:00:00,73.59611961,74.67907122291668,0.9494531586916427,73.3751018,0.22101781000000642
2013-11-25 09:00:00,73.62927662,74.65168155541666,0.9705144934698925,73.59611961,0.03315700999999649
2013-11-25 10:00:00,74.00708949,74.68867031916666,0.9254449868943271,73.62927662,0.37781286999999963
2013-11-25 11:00:00,73.65766251,74.69030317708332,0.923507174403861,74.00708949,-0.34942698000000405
2013-11-25 12:00:00,75.03306974,74.73539557625,0.9121834257266612,73.65766251,1.3754072300000075
2013-11-25 13:00:00,75.04645886,74.78678874625,0.8924905662882626,75.03306974,0.013389119999999366
2013-11-25 14:00:00,75.24681613,74.81911857416667,0.8946012199398539,75.04645886,0.2003572699999978
2013-11-25 15:00:00,75.70692895,74.89026165041666,0.894478556968754,75.24681613,0.4601128200000062
2013-11-25 16:00:00,74.67360854,74.91788135291667,0.8761868405717668,75.70692895,-1.0333204100000017
2013-11-25 17:00:00,74.61358909,74.92333534541667,0.8737641941257673,74.67360854,-0.06001944999999864
2013-11-25 18:00:00,74.491203,74.90214555833334,0.8779865981033518,74.61358909,-0.12238609000000622
2013-11-25 19:00:00,76.12426881,74.92739075666667,0.9047779071959807,74.491203,1.633065810000005
2013-11-25 20:00:00,76.37678862,74.98813861541667,0.9518961444490495,76.12426881,0.25251980999999546
2013-11-25 21:00:00,76.92387133,75.01832159916667,1.0021345430857755,76.37678862,0.547082709999998
2013-11-25 22:00:00,75.33838879,74.97526184416667,0.9628822575646983,76.92387133,-1.585482540000001
2013-11-25 23:00:00,75.99550579,74.97970502041666,0.9675162376228986,75.33838879,0.6571169999999995
2013-11-26 00:00:00,76.69138228,75.01601209041667,1.0155765495557334,75.99550579,0.6958764900000034
2013-11-26 01:00:00,75.88567453,75.04911332208333,1.0309653121123785,76.69138228,-0.8057077499999963
2013-11-26 02:00:00,75.76685516,75.03288754375,1.015734650221601,75.88567453,-0.1188193699999971
2013-11-26 03:00:00,75.37412724,75.0518514525,1.017762460056509,75.76685516,-0.3927279199999987
2013-11-26 04:00:00,76.68765753,75.12364756583334,1.070734358583069,75.37412724,1.3135302899999886
2013-11-26 05:00:00,74.51443263,75.14812138250001,1.0486804505291816,76.68765753,-2.173224899999994
2013-11-26 06:00:00,74.81803517,75.14891300916666,1.0484126129831772,74.51443263,0.30360254
2013-11-26 07:00:00,75.98462212,75.2576430225,0.9901505703549688,74.81803517,1.1665869499999957
2013-11-26 08:00:00,75.47773677,75.33604373749999,0.9252360115388395,75.98462212,-0.5068853499999904
2013-11-26 09:00:00,73.83422894,75.3445834175,0.9096120060938911,75.47773677,-1.6435078300000043
2013-11-26 10:00:00,74.80800635,75.37795495333334,0.8723371694344284,73.83422894,0.9737774099999967
2013-11-26 11:00:00,74.2813275,75.40394099458334,0.826972957123862,74.80800635,-0.5266788499999961
2013-11-26 12:00:00,75.90857214,75.44042026125,0.8292088338121291,74.2813275,1.6272446400000007
2013-11-26 13:00:00,75.58094376,75.46269046541667,0.8253364492300592,75.90857214,-0.32762838000000727
2013-11-26 14:00:00,75.38129562,75.4682937775,0.8242629306512793,75.58094376,-0.19964813999999365
2013-11-26 15:00:00,75.16651189,75.4457764,0.8248418162073033,75.38129562,-0.21478373000000772
2013-11-26 16:00:00,75.93238329,75.49822534791666,0.8135508361939358,75.16651189,0.7658714000000089
2013-11-26 17:00:00,74.27644123,75.48417752041667,0.8321876115199114,75.93238329,-1.655942060000001
2013-11-26 18:00:00,74.14545793,75.46977147583333,0.8528602516219154,74.27644123,-0.13098329999999692
2013-11-26 19:00:00,74.83272443,75.41595712666667,0.8505109093762903,74.14545793,0.6872664999999927
2013-11-26 20:00:00,75.96087554,75.398627415,0.8341622672170467,74.83272443,1.1281511100000046
2013-11-26 21:00:00,76.77265319,75.39232665916667,0.822632013105069,75.96087554,0.8117776499999962
2013-11-26 22:00:00,77.00068715,75.46158909083333,0.8854725639536272,76.77265319,0.22803396000000475
2013-11-26 23:00:00,77.15745947,75.5100038275,0.9456553245302564,77.00068715,0.15677232000000174
2013-11-27 00:00:00,77.15974376,75.52951888916667,0.9754579421409573,77.15745947,0.002284289999991529
2013-11-27 01:00:00,76.69033706,75.56304649458333,1.001707067000584,77.15974376,-0.4694066999999933
2013-11-27 02:00:00,76.17756923,75.58015958083334,1.0088233296606763,76.69033706,-0.5127678300000014
2013-11-27 03:00:00,77.24837065,75.65825305625,1.0632553868214913,76.17756923,1.0708014199999951
2013-11-27 04:00:00,77.35430618,75.68603008333334,1.0994105439479942,77.24837065,0.10593552999999645
2013-11-27 05:00:00,77.55637201,75.8127775575,1.1332938087968885,77.35430618,0.20206583000000933
2013-11-27 06:00:00,77.11772453,75.9085979475,1.1427118539097116,77.55637201,-0.4386474800000002
2013-11-27 07:00:00,76.16169102,75.91597581833334,1.143795147392777,77.11772453,-0.9560335099999975
2013-11-27 08:00:00,76.13252582,75.94325869541667,1.1406924806059902,76.16169102,-0.02916520000000844
2013-11-27 09:00:00,76.22151059999999,76.04272876458334,1.0492042378680166,76.13252582,0.08898477999998988
2013-11-27 10:00:00,74.98788383,76.05022365958332,1.0406078801563614,76.22151059999999,-1.2336267699999865
2013-11-27 11:00:00,75.70819313,76.10967639416667,0.9737656552694237,74.98788383,0.7203092999999967
2013-11-27 12:00:00,75.28208686,76.08357284083333,0.9876885115806227,75.70819313,-0.4261062699999911
2013-11-27 13:00:00,75.58863441,76.08389328458334,0.9875195826101841,75.28208686,0.30654754999999057
2013-11-27 14:00:00,76.04015957,76.11134594916668,0.9762319950435757,75.58863441,0.45152516000000276
2013-11-27 15:00:00,76.30194796,76.15865578541667,0.9557506796959608,76.04015957,0.26178839000000664
2013-11-27 16:00:00,76.25516001,76.17210481541667,0.9546986346576106,76.30194796,-0.04678795000000946
2013-11-27 17:00:00,74.8667481,76.19670093500001,0.9103089436496546,76.25516001,-1.388411910000002
2013-11-27 18:00:00,75.62370485,76.25829455666667,0.8099627109715305,74.8667481,0.7569567500000005
2013-11-27 19:00:00,74.98800103,76.264764415,0.7986211346146226,75.62370485,-0.6357038199999892
2013-11-27 20:00:00,76.56855175,76.29008425708334,0.7982005173024855,74.98800103,1.5805507199999909
2013-11-27 21:00:00,76.20402117,76.26639125625,0.7916662393723012,76.56855175,-0.36453057999999317
2013-11-27 22:00:00,76.04503464,76.22657240166667,0.7770252723374486,76.20402117,-0.15898653000000706
2013-11-27 23:00:00,78.00863821,76.2620381825,0.8383651376124998,76.04503464,1.9636035700000036
2013-11-28 00:00:00,77.16791565,76.26237867791667,0.8387471581220851,78.00863821,-0.8407225600000032
2013-11-28 01:00:00,77.47286351,76.29498394666668,0.8707077820004985,77.16791565,0.3049478599999986
2013-11-28 02:00:00,78.34299712,76.38521010875,0.96509135526817,77.47286351,0.8701336100000105
2013-11-28 03:00:00,77.23397943,76.38461047458334,0.9645360466941361,78.34299712,-1.1090176900000017
2013-11-28 04:00:00,78.33064076,76.42529108208333,1.025852589003128,77.23397943,1.0966613299999892
2013-11-28 05:00:00,77.74235688,76.43304045166667,1.0354261520374772,78.33064076,-0.5882838799999917
2013-11-28 06:00:00,76.90841346,76.42431915708333,1.0302770843397646,77.74235688,-0.8339434199999971
2013-11-28 07:00:00,78.19122395,76.50888302916667,1.0893792382266274,76.90841346,1.2828104899999886
2013-11-28 08:00:00,77.11531177,76.54983244375,1.0930820094760754,78.19122395,-1.075912179999989
2013-11-28 09:00:00,76.19078959,76.54855240166667,1.0935011111241797,77.11531177,-0.924522180000011
2013-11-28 10:00:00,75.89108336,76.58618571541668,1.0522174597436624,76.19078959,-0.2997062299999982
2013-11-28 11:00:00,74.91135143,76.55298397791667,1.0929111259894377,75.89108336,-0.9797319299999998
2013-11-28 12:00:00,76.05428041,76.58515870916666,1.0648767925985436,74.91135143,1.1429289800000078
2013-11-28 13:00:00,74.98413324,76.55997116041667,1.0961619879884086,76.05428041,-1.0701471699999985
2013-11-28 14:00:00,76.71790748,76.58821065666667,1.0909058047627238,74.98413324,1.7337742399999883
2013-11-28 15:00:00,76.87780803,76.61220482625,1.0906687008408291,76.71790748,0.15990055000000325
2013-11-28 16:00:00,75.59376618,76.58464675,1.108295763354987,76.87780803,-1.2840418499999942
2013-11-28 17:00:00,75.42355277,76.60784694458333,1.0761322441898225,75.59376618,-0.17021341000000234
2013-11-28 18:00:00,76.12701487,76.62881819541667,1.0609163951323928,75.42355277,0.7034620999999959
2013-11-28 19:00:00,76.85731503,76.70670627874999,1.002211365584963,76.12701487,0.7303001599999988
2013-11-28 20:00:00,76.36303141,76.69814293125,1.0043189578576648,76.85731503,-0.49428361999999026
2013-11-28 21:00:00,75.84007067,76.68297832708333,1.014797337122267,76.36303141,-0.522960740000002
2013-11-28 22:00:00,76.46922703,76.70065301,1.0068662883039108,75.84007067,0.6291563599999961
2013-11-28 23:00:00,76.80884417,76.65066159166668,0.9681410752378555,76.46922703,0.3396171400000014
2013-11-29 00:00:00,79.02591263,76.7280781325,1.0792159048025673,76.80884417,2.217068459999993
2013-11-29 01:00:00,78.20757005,76.758690905,1.11120694199086,79.02591263,-0.8183425799999924
2013-11-29 02:00:00,78.47792298,76.76431281583334,1.1198783739477893,78.20757005,0.2703529300000014
2013-11-29 03:00:00,79.23633448,76.84774427625,1.2259544487526737,78.47792298,0.758411499999994
2013-11-29 04:00:00,78.88770756,76.87095539291666,1.2600503305100093,79.23633448,-0.34862692000000095
2013-11-29 05:00:00,78.8953397,76.91899634375,1.3154783903291707,78.88770756,0.007632139999998344
2013-11-29 06:00:00,78.876609,77.00100449125,1.374801888321715,78.8953397,-0.018730699999991884
2013-11-29 07:00:00,77.56230513,76.97479954041667,1.3570075870374518,78.876609,-1.3143038700000034
2013-11-29 08:00:00,76.59404839,76.95308023291666,1.3588311292785598,77.56230513,-0.9682567400000011
2013-11-29 09:00:00,76.94499489,76.98450545375,1.3491218424365141,76.59404839,0.35094650000000627
2013-11-29 10:00:00,78.49555784,77.09302522374999,1.3620326022298956,76.94499489,1.5505629499999998
2013-11-29 11:00:00,76.94027286,77.17756361666666,1.2813064936364476,78.49555784,-1.5552849800000104
2013-11-29 12:00:00,77.88769599,77.25395593249999,1.2659869765083056,76.94027286,0.9474231300000042
2013-11-29 13:00:00,77.17967275,77.34543674541666,1.1705666179896086,77.88769599,-0.7080232400000028
2013-11-29 14:00:00,77.53951629,77.37967044583333,1.163408596684338,77.17967275,0.35984353999999996
2013-11-29 15:00:00,76.83583058,77.37792138541667,1.1642271636890775,77.53951629,-0.7036857099999878
2013-11-29 16:00:00,77.38018752,77.45235560791666,1.10056501090586,76.83583058,0.5443569400000001
2013-11-29 17:00:00,78.10468211,77.56406933041667,1.0187069140614304,77.38018752,0.724494589999992
2013-11-29 18:00:00,77.14646568,77.60654644750001,0.9765629795719816,78.10468211,-0.9582164299999931
2013-11-29 19:00:00,76.97117206,77.61129049041666,0.9730352237537535,77.14646568,-0.17529362000000503
2013-11-29 20:00:00,77.84318487,77.67296355124999,0.9367075143326123,76.97117206,0.8720128100000011
2013-11-29 21:00:00,76.66135240000001,77.70718362333334,0.8801294059388469,77.84318487,-1.1818324699999891
2013-11-29 22:00:00,78.15703794,77.77750907791666,0.843583841541025,76.66135240000001,1.4956855399999824
2013-11-29 23:00:00,77.46965922,77.80504303833332,0.8210767062368715,78.15703794,-0.6873787199999981
2013-11-30 00:00:00,77.88460537,77.75748856916665,0.779279861737715,77.46965922,0.4149461500000058
2013-11-30 01:00:00,77.65864458,77.73461667458334,0.7735298874597487,77.88460537,-0.22596079000000202
2013-11-30 02:00:00,78.70593097,77.74411700750001,0.7843800166303095,77.65864458,1.0472863899999965
2013-11-30 03:00:00,78.50094859,77.71347592875,0.7364528463701606,78.70593097,-0.20498238000000413
2013-11-30 04:00:00,77.02001536,77.63565542041667,0.7049843403590327,78.50094859,-1.4809332299999909
2013-11-30 05:00:00,78.09143757,77.60215949833334,0.6602065751824127,77.02001536,1.0714222099999944
2013-11-30 06:00:00,76.72362831,77.51245196958332,0.6248314396509402,78.09143757,-1.3678092600000014
2013-11-30 07:00:00,76.45580209,77.46634767625,0.660781442297313,76.72362831,-0.26782621999998923
2013-11-30 08:00:00,77.02544955,77.48432272458334,0.6416103818883914,76.45580209,0.5696474599999988
2013-11-30 09:00:00,78.11045131,77.53288340875001,0.6431186387466836,77.02544955,1.0850017599999973
2013-11-30 10:00:00,76.35997079,77.443900615,0.6518131190300779,78.11045131,-1.7504805199999964
2013-11-30 11:00:00,76.89472925,77.44200296458334,0.6534074471532545,76.35997079,0.5347584599999919
2013-11-30 12:00:00,77.04274751,77.40679677791665,0.6511082507704697,76.89472925,0.14801826000000062
2013-11-30 13:00:00,77.94149348,77.43853930833335,0.6580867548385073,77.04274751,0.8987459700000073
2013-11-30 14:00:00,77.75067472,77.44733757625,0.6609009793788074,77.94149348,-0.1908187599999991
2013-11-30 15:00:00,77.55710197,77.47739055083333,0.6481613952736185,77.75067472,-0.1935727500000013
2013-11-30 16:00:00,76.86340194,77.45585781833334,0.6600068922171752,77.55710197,-0.6937000300000022
2013-11-30 17:00:00,78.53850778,77.47393388791666,0.6840520372987154,76.86340194,1.6751058400000005
2013-11-30 18:00:00,78.37908378,77.52529297541666,0.7043677437167413,78.53850778,-0.15942400000000134
2013-11-30 19:00:00,78.81008775,77.6019144625,0.7405587576736276,78.37908378,0.4310039699999919
2013-11-30 20:00:00,77.73485863,77.59740086916666,0.7393534512045506,78.81008775,-1.0752291199999888
2013-11-30 21:00:00,77.83555944,77.6463261625,0.7131036097032539,77.73485863,0.1007008099999922
2013-11-30 22:00:00,78.56664962,77.66339331583333,0.7305466470048133,77.83555944,0.7310901800000096
2013-11-30 23:00:00,78.4432628,77.70396013166668,0.7461853946885803,78.56664962,-0.12338682000000745
2013-12-01 00:00:00,78.58726082,77.73323744208334,0.7670736696331448,78.4432628,0.14399801999999795
2013-12-01 01:00:00,77.53521019,77.7280943425,0.768008780490927,78.58726082,-1.0520506299999965
2013-12-01 02:00:00,77.63065448,77.68329115541667,0.7393127373191185,77.53521019,0.0954442900000032
2013-12-01 03:00:00,78.12865125,77.66777876625,0.7251813312732563,77.63065448,0.4979967700000003
2013-12-01 04:00:00,77.86603288,77.70302949625001,0.7127810714010666,78.12865125,-0.26261836999999844
2013-12-01 05:00:00,77.44856207,77.67624301708334,0.7096226845020246,77.86603288,-0.41747081000001174
2013-12-01 06:00:00,76.98370721,77.68707963791667,0.6963036830538981,77.44856207,-0.46485485999998843
2013-12-01 07:00:00,75.4790699,77.64638246333334,0.7931994979077523,76.98370721,-1.5046373100000068
2013-12-01 08:00:00,75.33305301,77.57586594083334,0.916453437185578,75.4790699,-0.1460168899999985
2013-12-01 09:00:00,75.89776898,77.48367084375,0.9700656228133006,75.33305301,0.5647159699999946
2013-12-01 10:00:00,76.60147615,77.49373356708334,0.9590929513423943,75.89776898,0.7037071700000013
2013-12-01 11:00:00,74.71098020000002,77.40274402333334,1.1100915640777766,76.60147615,-1.8904959499999734
2013-12-01 12:00:00,75.3552543,77.33243180625,1.1848122350467427,74.71098020000002,0.6442740999999756
2013-12-01 13:00:00,74.87224431,77.20454642416667,1.2781779666986335,75.3552543,-0.48300998999999933
2013-12-01 14:00:00,75.9791723,77.13073382333333,1.2962910546499111,74.87224431,1.1069279900000026
2013-12-01 15:00:00,75.47730656,77.04407568125,1.335474548044255,75.9791723,-0.5018657399999995
2013-12-01 16:00:00,75.2003445,76.97478162125,1.3873932993176996,75.47730656,-0.27696206000000245
2013-12-01 17:00:00,76.27953207,76.88065763333334,1.3528921110834267,75.2003445,1.079187570000002
2013-12-01 18:00:00,76.45168292,76.80034926416667,1.3168018642875898,76.27953207,0.1721508499999942
2013-12-01 19:00:00,76.07015052,76.68618521291667,1.2521734762333876,76.45168292,-0.38153239999999755
2013-12-01 20:00:00,75.73563349999998,76.60288416583333,1.2458606002686952,76.07015052,-0.33451702000002115
2013-12-01 21:00:00,77.0986277,76.57217867666667,1.2230312321816448,75.73563349999998,1.362994200000017
2013-12-01 22:00:00,76.35243379,76.47991968375,1.1472010595045061,77.0986277,-0.7461939099999881
2013-12-01 23:00:00,76.91635076,76.41629834875,1.0735602682729461,76.35243379,0.563916969999994
2013-12-02 00:00:00,75.41786731,76.28424028583333,0.9862857523390565,76.91635076,-1.4984834499999948
2013-12-02 01:00:00,76.54536726,76.24299683041667,0.9517925311449325,75.41786731,1.1274999500000007
2013-12-02 02:00:00,75.59756303,76.15828468666666,0.9125852197728221,76.54536726,-0.9478042300000027
2013-12-02 03:00:00,74.89586951,76.0235854475,0.8452055438357732,75.59756303,-0.7016935200000063
2013-12-02 04:00:00,75.43229909,75.92217987291666,0.7558116369402543,74.89586951,0.5364295800000036
2013-12-02 05:00:00,74.50186087,75.79940065625,0.7361606658189241,75.43229909,-0.9304382199999992
2013-12-02 06:00:00,74.80732462,75.70871804833334,0.717747711974823,74.50186087,0.30546375000000126
2013-12-02 07:00:00,73.08595318,75.60900485166667,0.8953078863045683,74.80732462,-1.7213714399999986
2013-12-02 08:00:00,73.80861958,75.54548679208334,0.9669463703823378,73.08595318,0.7226663999999943
2013-12-02 09:00:00,73.38120847,75.44063010416666,1.0591379026891705,73.80861958,-0.4274111099999942
2013-12-02 10:00:00,74.42042248,75.34975286791668,1.0487224765240213,73.38120847,1.039214009999995
2013-12-02 11:00:00,75.53513849,75.38409279666666,1.0403567307142034,74.42042248,1.114716009999995
2013-12-02 12:00:00,75.09092686,75.37307915333334,1.0420730243054672,75.53513849,-0.4442116299999981
2013-12-02 13:00:00,75.56936508,75.40212585208333,1.0372102191721928,75.09092686,0.478438220000001
2013-12-02 14:00:00,74.90652388,75.35743216791666,1.0343705078629852,75.56936508,-0.6628412000000026
2013-12-02 15:00:00,74.082068,75.29929722791667,1.0660631715987694,74.90652388,-0.8244558799999879
2013-12-02 16:00:00,75.77601988,75.32328370208333,1.0702082324059663,74.082068,1.6939518800000002
2013-12-02 17:00:00,74.20052806,75.23665853499999,1.0735764166979966,75.77601988,-1.5754918200000105
2013-12-02 18:00:00,75.23398924,75.18592129833333,1.0419664910291404,74.20052806,1.0334611800000033
2013-12-02 19:00:00,74.67382574,75.12774109916667,1.0293541234666304,75.23398924,-0.5601635000000016
2013-12-02 20:00:00,74.65542741,75.08273251208334,1.0252260930826371,74.67382574,-0.018398329999996577
2013-12-02 21:00:00,74.67489567,74.98174367749999,0.9332683120556512,74.65542741,0.019468259999996462
2013-12-02 22:00:00,74.8350368,74.91851880291667,0.8866046214931838,74.67489567,0.16014112999999952
2013-12-02 23:00:00,76.08893067,74.88404296583333,0.8190546982654044,74.8350368,1.2538938699999989
2013-12-03 00:00:00,75.15278013,74.87299766666666,0.8133101188577032,76.08893067,-0.9361505399999999
2013-12-03 01:00:00,75.02923911,74.80982566041666,0.7326456380512574,75.15278013,-0.12354101999999045
2013-12-03 02:00:00,75.85895688,74.82071707083334,0.7466738044776756,75.02923911,0.8297177699999878
2013-12-03 03:00:00,74.36103377,74.79843224833333,0.7522933876447605,75.85895688,-1.497923109999988
2013-12-03 04:00:00,75.5156958,74.80190711125,0.7555341583683847,74.36103377,1.1546620299999972
2013-12-03 05:00:00,74.70868339,74.81052471625,0.7531387505155163,75.5156958,-0.8070124099999987
2013-12-03 06:00:00,73.83262026,74.76991203458333,0.7791498993521776,74.70868339,-0.8760631300000057
2013-12-03 07:00:00,73.70124329,74.79554912249999,0.7298980341314796,73.83262026,-0.13137697000000514
2013-12-03 08:00:00,73.63678504,74.78838935,0.7407619522017954,73.70124329,-0.06445824999998706
2013-12-03 09:00:00,73.41637369,74.7898545675,0.7378867482220005,73.63678504,-0.22041135000000622
2013-12-03 10:00:00,73.80197277,74.76408582958332,0.7617617262322393,73.41637369,0.38559908000000576
2013-12-03 11:00:00,73.97767514,74.69919152333334,0.7595568043459974,73.80197277,0.17570236999999622
2013-12-03 12:00:00,74.83469243,74.68851508875001,0.755601650550459,73.97767514,0.8570172900000017
2013-12-03 13:00:00,74.97139121,74.66359951083334,0.7348676892911205,74.83469243,0.13669877999998903
2013-12-03 14:00:00,73.77486044,74.6164468675,0.7546431907200984,74.97139121,-1.1965307699999954
2013-12-03 15:00:00,75.13503163,74.66032035208333,0.7528311243214606,73.77486044,1.3601711900000026
2013-12-03 16:00:00,73.87999867,74.58131946833333,0.7297911339054519,75.13503163,-1.255032959999994
2013-12-03 17:00:00,75.77548486,74.64694266833334,0.7640669917372931,73.87999867,1.8954861899999997
2013-12-03 18:00:00,75.01213492,74.63769873833333,0.7579736532763297,75.77548486,-0.7633499400000119
2013-12-03 19:00:00,75.50478063,74.67232185875001,0.7783988290853682,75.01213492,0.492645710000005
2013-12-03 20:00:00,76.25258396,74.73887004833334,0.8425237440379663,75.50478063,0.7478033299999964
2013-12-03 21:00:00,75.71050611,74.78202048333334,0.865316248733965,76.25258396,-0.5420778499999983
2013-12-03 22:00:00,77.20657998,74.8808347825,0.9970193945869329,75.71050611,1.4960738700000036
2013-12-03 23:00:00,77.30399661,74.93146252999999,1.0877539283841733,77.20657998,0.0974166299999979
2013-12-04 00:00:00,75.91202374,74.96309768041667,1.1053682845083823,77.30399661,-1.3919728700000036
2013-12-04 01:00:00,76.66853953,75.03140186458334,1.1589816398917405,75.91202374,0.7565157900000088
2013-12-04 02:00:00,75.74567822,75.02668192041666,1.155690888722582,76.66853953,-0.9228613100000018
2013-12-04 03:00:00,75.19938463,75.06161320625,1.14733617734794,75.74567822,-0.5462935900000048
2013-12-04 04:00:00,76.19384417,75.08986938833334,1.1671842941192117,75.19938463,0.9944595400000082
2013-12-04 05:00:00,76.09302338,75.14755022125,1.1816441445511219,76.19384417,-0.10082079000000022
2013-12-04 06:00:00,76.04003915,75.23952600833333,1.160565322051439,76.09302338,-0.05298423000000696
2013-12-04 07:00:00,75.29326815,75.3058603775,1.1133564893891599,76.04003915,-0.7467709999999954
2013-12-04 08:00:00,74.21052551,75.32976623041667,1.0816688334540845,75.29326815,-1.0827426400000064
2013-12-04 09:00:00,75.1991017,75.40404656416666,1.0029034431683235,74.21052551,0.9885761900000034
2013-12-04 10:00:00,74.06782191,75.41512361166667,0.9857608700286061,75.1991017,-1.1312797899999936
2013-12-04 11:00:00,75.64687089,75.48467343458333,0.9376432008828346,74.06782191,1.579048979999996
2013-12-04 12:00:00,74.70819726,75.4794028025,0.9418019960276115,75.64687089,-0.9386736299999967
2013-12-04 13:00:00,75.45305517,75.49947213416667,0.9356175533107932,74.70819726,0.7448579099999932
2013-12-04 14:00:00,74.00072839,75.50888329875,0.9184951391323883,75.45305517,-1.4523267799999928
2013-12-04 15:00:00,74.0555797,75.463906135,0.9629515760032227,74.00072839,0.05485130999998944
2013-12-04 16:00:00,74.61075053,75.49435412916667,0.9213459829772784,74.0555797,0.5551708300000087
2013-12-04 17:00:00,75.33297088,75.47591604666667,0.919902041666599,74.61075053,0.7222203500000006
2013-12-04 18:00:00,75.94712761,75.51487407541667,0.9192051518166231,75.33297088,0.6141567299999906
2013-12-04 19:00:00,75.58518275,75.51822416374999,0.9193132747441846,75.94712761,-0.36194485999999415
2013-12-04 20:00:00,76.02023976,75.50854315541666,0.9124414133943721,75.58518275,0.4350570099999942
2013-12-04 21:00:00,76.59701799,75.54548115041668,0.9385436710156142,76.02023976,0.5767782300000022
2013-12-04 22:00:00,76.96921944,75.53559112791667,0.9213721103021617,76.59701799,0.3722014500000057
2013-12-04 23:00:00,77.22393149,75.53225508125,0.9148123860395537,76.96921944,0.25471204999999486
2013-12-05 00:00:00,75.97207085,75.53475704416667,0.9159775623465052,77.22393149,-1.2518606400000039
2013-12-05 01:00:00,77.39107002,75.56486248124999,0.9654020478416744,75.97207085,1.4189991700000064
2013-12-05 02:00:00,76.84450656,75.61064699541667,0.9997936947336116,77.39107002,-0.5465634600000016
2013-12-05 03:00:00,77.41677019,75.70303806041666,1.0607337203060214,76.84450656,0.5722636299999948
2013-12-05 04:00:00,75.98938319,75.69451885291666,1.057436392055259,77.41677019,-1.427386999999996
2013-12-05 05:00:00,76.6635247,75.71828974124999,1.073080790041482,75.98938319,0.6741415099999983
2013-12-05 06:00:00,75.44756559999998,75.69360334333332,1.0721716610166085,76.6635247,-1.2159591000000205
2013-12-05 07:00:00,76.21819272,75.73214186708334,1.0737779331870136,75.44756559999998,0.7706271200000288
2013-12-05 08:00:00,76.32008979,75.82004037875,1.0292233671206743,76.21819272,0.1018970699999926
2013-12-05 09:00:00,74.9409507,75.80928408708333,1.037312038078792,76.32008979,-1.3791390899999953
2013-12-05 10:00:00,75.4784256,75.86805924083333,0.9722730528843377,74.9409507,0.5374748999999923
2013-12-05 11:00:00,75.17090954,75.84822751791667,0.9817884466317686,75.4784256,-0.30751605999999754
2013-12-05 12:00:00,74.29941509,75.8311949275,1.0056813625650027,75.17090954,-0.8714944500000001
2013-12-05 13:00:00,74.3062439,75.78341112458332,1.0506679454271632,74.29941509,0.006828810000001795
2013-12-05 14:00:00,75.90126283,75.86260005958333,0.9796894365864796,74.3062439,1.5950189299999948
2013-12-05 15:00:00,75.04716769,75.90391622583333,0.9192114005524554,75.90126283,-0.8540951399999983
2013-12-05 16:00:00,75.58599677,75.94455148583333,0.8802916180305009,75.04716769,0.5388290799999993
2013-12-05 17:00:00,74.87807236,75.92559738083332,0.8987365853848952,75.58599677,-0.7079244099999897
2013-12-05 18:00:00,75.27313151,75.89751421,0.908511720441524,74.87807236,0.3950591499999945
2013-12-05 19:00:00,76.48370315,75.93495256,0.9135806043157908,75.27313151,1.2105716399999977
2013-12-05 20:00:00,75.50998007,75.91369173958333,0.9174387349412619,76.48370315,-0.9737230799999992
2013-12-05 21:00:00,76.75086745,75.92010213374999,0.9229419010978003,75.50998007,1.2408873800000038
2013-12-05 22:00:00,76.68483447,75.90825276,0.9106304303226541,76.75086745,-0.0660329800000028
2013-12-05 23:00:00,77.38495142,75.91496192375,0.9212762191956577,76.68483447,0.7001169499999946
2013-12-06 00:00:00,75.87360168,75.91085904166665,0.921230091878282,77.38495142,-1.51134974
2013-12-06 01:00:00,77.6556306,75.92188239916668,0.9410812281793126,75.87360168,1.782028920000002
2013-12-06 02:00:00,76.42670507,75.90447400375,0.9270316473190477,77.6556306,-1.228925529999998
2013-12-06 03:00:00,75.71056203,75.83338199708332,0.8696621249144636,76.42670507,-0.7161430399999915
2013-12-06 04:00:00,75.06068153,75.79468609458333,0.8829784958605529,75.71056203,-0.649880500000009
2013-12-06 05:00:00,76.10503754,75.77141579625,0.8662868008390074,75.06068153,1.0443560100000013
2013-12-06 06:00:00,75.62420413,75.778775735,0.8641635102523552,76.10503754,-0.48083341000000246
2013-12-06 07:00:00,76.08456044,75.77320772333333,0.8616359591270922,75.62420413,0.46035631000000876
2013-12-06 08:00:00,75.29375586,75.73044380958333,0.8587778003385981,76.08456044,-0.7908045799999996
2013-12-06 09:00:00,74.80440567,75.72475443333333,0.8646676805215008,75.29375586,-0.48935019000001034
2013-12-06 10:00:00,75.19512835,75.71295038125,0.8700933579721203,74.80440567,0.3907226800000103
2013-12-06 11:00:00,76.00205619,75.74758149166666,0.8641011099796819,75.19512835,0.8069278400000002
2013-12-06 12:00:00,74.52998721,75.75718866333332,0.8484400394396314,76.00205619,-1.472068980000003
2013-12-06 13:00:00,74.90420227,75.78210359541667,0.8119758108639904,74.52998721,0.3742150599999974
2013-12-06 14:00:00,74.16669948,75.7098301225,0.8756110193675221,74.90420227,-0.7375027899999935
2013-12-06 15:00:00,73.80445232,75.65805031541667,0.9500794617835085,74.16669948,-0.36224716000000967
2013-12-06 16:00:00,74.47552074,75.61178048083333,0.9803010976287024,73.80445232,0.6710684199999974
2013-12-06 17:00:00,75.30827578,75.62970562333332,0.970182672300079,74.47552074,0.8327550400000092
2013-12-06 18:00:00,75.03218705,75.61966627083332,0.9752662072777534,75.30827578,-0.2760887299999979
2013-12-06 19:00:00,76.23218309999999,75.60918626875001,0.966893214578143,75.03218705,1.1999960499999816
2013-12-06 20:00:00,75.6839157,75.61643358666667,0.9667691438914436,76.23218309999999,-0.5482673999999861
2013-12-06 21:00:00,74.92143663,75.54020730250001,0.945318192354214,75.6839157,-0.7624790699999977
2013-12-06 22:00:00,76.87342138,75.54806509041667,0.9559701582168557,74.92143663,1.951984749999994
2013-12-06 23:00:00,76.59855258,75.51529847208333,0.9022392588669955,76.87342138,-0.27486879999999303
2013-12-07 00:00:00,75.33861432,75.49300733208334,0.8996069496366328,76.59855258,-1.2599382599999984
2013-12-07 01:00:00,75.45218311,75.40119702,0.7728028964257558,75.33861432,0.1135687900000022
2013-12-07 02:00:00,76.06290495,75.38603868166668,0.7551802348463176,75.45218311,0.6107218399999965
2013-12-07 03:00:00,74.9575668,75.35466388041667,0.7567517247632827,76.06290495,-1.1053381500000086
2013-12-07 04:00:00,76.00917564,75.39418446833334,0.7654483753828628,74.9575668,1.05160884
2013-12-07 05:00:00,75.8543825,75.38374050833333,0.7569909040087178,76.00917564,-0.15479313999999533
2013-12-07 06:00:00,75.27205469,75.36906761499999,0.7555387993603964,75.8543825,-0.5823278099999953
2013-12-07 07:00:00,75.31174871,75.33686712625,0.7400283407505475,75.27205469,0.039694019999998886
2013-12-07 08:00:00,74.68013979999998,75.31129979041667,0.7520843040600255,75.31174871,-0.6316089100000255
2013-12-07 09:00:00,74.82785613,75.31227689291666,0.7514120510163687,74.68013979999998,0.14771633000002282
2013-12-07 10:00:00,74.52306854,75.28427440083334,0.7683004482845476,74.82785613,-0.30478759000000366
2013-12-07 11:00:00,74.15590675,75.20735150750001,0.7855366488925071,74.52306854,-0.36716178999999727
2013-12-07 12:00:00,75.10514663,75.23131648333334,0.7726408631716791,74.15590675,0.9492398799999933
2013-12-07 13:00:00,74.7545796,75.22508220541667,0.7759914089965928,75.10514663,-0.35056702999999345
2013-12-07 14:00:00,74.52277912,75.23991885708334,0.7580728982377934,74.7545796,-0.23180048000000397
2013-12-07 15:00:00,75.82423762,75.32407657791667,0.7018112482579005,74.52277912,1.3014585000000096
2013-12-07 16:00:00,74.22414092,75.31360241875,0.7167431198747263,75.82423762,-1.6000967000000088
2013-12-07 17:00:00,75.46409745,75.32009498833334,0.7173982217082557,74.22414092,1.2399565300000006
2013-12-07 18:00:00,76.33578873,75.374411725,0.7435262693078125,75.46409745,0.8716912800000074
2013-12-07 19:00:00,76.79710999,75.39795034541666,0.7799141877073474,76.33578873,0.4613212599999912
2013-12-07 20:00:00,75.93536531,75.40842741249999,0.7855910383689768,76.79710999,-0.861744680000001
2013-12-07 21:00:00,75.56283028,75.43515214791667,0.7791875528441766,75.93536531,-0.37253502999999455
2013-12-07 22:00:00,77.20560211,75.44899301166667,0.8082547379795432,75.56283028,1.642771830000001
2013-12-07 23:00:00,76.87039405,75.46031973958333,0.8267578434696602,77.20560211,-0.33520805999999936
2013-12-08 00:00:00,75.44604893,75.46479618166666,0.8263609789187206,76.87039405,-1.4243451199999981
2013-12-08 01:00:00,76.57429989,75.51155104749999,0.8567999543741796,75.44604893,1.1282509600000026
2013-12-08 02:00:00,76.06483199,75.51163134083333,0.8568539585007152,76.57429989,-0.5094679000000042
2013-12-08 03:00:00,76.00964555,75.55546795541666,0.8541835997786745,76.06483199,-0.05518643999999995
2013-12-08 04:00:00,74.80675596,75.50536713541666,0.8616454957026839,76.00964555,-1.202889589999998
2013-12-08 05:00:00,75.1980522,75.47802003958334,0.8605013731462479,74.80675596,0.3912962400000026
2013-12-08 06:00:00,76.07994366,75.51168208,0.8678643259954492,75.1980522,0.8818914599999914
2013-12-08 07:00:00,74.76370837,75.48884706583333,0.8804720088186208,76.07994366,-1.3162352899999945
2013-12-08 08:00:00,74.52201927,75.48225871041667,0.8873511836514443,74.76370837,-0.2416891000000021
2013-12-08 09:00:00,74.64224735,75.47452501125,0.8940858760875153,74.52201927,0.12022808000000396
2013-12-08 10:00:00,75.14042076,75.50024802041666,0.8741812521003689,74.64224735,0.4981734099999926
2013-12-08 11:00:00,74.36953798,75.50914932166667,0.8608839229754687,75.14042076,-0.7708827799999938
2013-12-08 12:00:00,75.37965099,75.52058700333333,0.8570981860656143,74.36953798,1.0101130099999978
2013-12-08 13:00:00,74.93759126,75.52821248916666,0.850777625234008,75.37965099,-0.4420597299999969
2013-12-08 14:00:00,74.37191177,75.52192634958332,0.8590466347330903,74.93759126,-0.565679490000008
2013-12-08 15:00:00,74.73159262,75.47639947458333,0.8711959885928354,74.37191177,0.3596808500000037
2013-12-08 16:00:00,75.61318422,75.53427627875,0.8295300281386118,74.73159262,0.881591599999993
2013-12-08 17:00:00,74.40147509,75.49000034708334,0.8611929649103273,75.61318422,-1.2117091299999885
2013-12-08 18:00:00,76.13732359999999,75.48173096666666,0.8536381130728782,74.40147509,1.7358485099999825
2013-12-08 19:00:00,74.9962055,75.40669327958334,0.811076363269519,76.13732359999999,-1.1411180999999857
2013-12-08 20:00:00,75.54659614,75.39049456416667,0.8039092820254653,74.9962055,0.5503906400000034
2013-12-08 21:00:00,75.26882561,75.37824436958333,0.8034089109038806,75.54659614,-0.2777705300000122
2013-12-08 22:00:00,74.39856404,75.26128445,0.7264548068331393,75.26882561,-0.8702615699999967
2013-12-08 23:00:00,74.28786598,75.15367911375,0.6665406311406148,74.39856404,-0.11069805999999005
2013-12-09 00:00:00,75.1690554,75.14213771666668,0.6636498856461097,74.28786598,0.8811894199999983
2013-12-09 01:00:00,75.28609538,75.08846252875001,0.5908876015193123,75.1690554,0.11703998000000126
2013-12-09 02:00:00,75.1906637,75.05203885,0.5538684098563998,75.28609538,-0.09543168000000435
2013-12-09 03:00:00,73.93566312,74.96562291541666,0.5597271852428936,75.1906637,-1.2550005800000008
2013-12-09 04:00:00,74.13405397,74.93759366583335,0.5843311625523037,73.93566312,0.19839084999999557
2013-12-09 05:00:00,74.18672976,74.89545523083333,0.6009604372909357,74.13405397,0.052675790000009215
2013-12-09 06:00:00,74.17864554,74.81623447583333,0.5620888954466424,74.18672976,-0.008084220000000641
2013-12-09 07:00:00,72.37641122,74.71676376125001,0.7512083796275324,74.17864554,-1.8022343200000108
2013-12-09 08:00:00,73.10689581,74.65780028375,0.8195845046123885,72.37641122,0.7304845900000032
2013-12-09 09:00:00,73.18092841,74.59691199458334,0.873311113251554,73.10689581,0.07403260000000955
2013-12-09 10:00:00,72.4431114,74.48452410458333,0.9686784638979997,73.18092841,-0.7378170100000006
2013-12-09 11:00:00,73.61399348,74.45304308375,0.9847222003979433,72.4431114,1.1708820799999984
2013-12-09 12:00:00,73.50101128,74.37476642916667,0.9825277601291601,73.61399348,-0.1129822000000047
2013-12-09 13:00:00,72.3008609,74.26490266416667,1.0611300296469932,73.50101128,-1.2001503799999966
2013-12-09 14:00:00,72.34904296,74.18061646375001,1.13034233266262,72.3008609,0.048182060000002025
2013-12-09 15:00:00,72.21993949,74.07596425,1.191716455874037,72.34904296,-0.129103470000004
2013-12-09 16:00:00,73.2791445,73.978712595,1.1555012804508276,72.21993949,1.0592050099999994
2013-12-09 17:00:00,73.29098671,73.93244224583333,1.1600612781879258,73.2791445,0.011842209999997522
2013-12-09 18:00:00,73.02860249,73.80291219958333,1.0734912895211774,73.29098671,-0.2623842200000013
2013-12-09 19:00:00,73.73807814,73.75049022625001,1.0429707289889392,73.02860249,0.7094756500000017
2013-12-09 20:00:00,73.96940648,73.68477399041667,0.9721648536225448,73.73807814,0.23132834000000457
2013-12-09 21:00:00,73.87529271,73.62671011958334,0.913273317224215,73.96940648,-0.09411377000000698
2013-12-09 22:00:00,74.12690095,73.61539082416667,0.9049363382013343,73.87529271,0.25160824000001014
2013-12-09 23:00:00,74.54068596,73.62592499,0.9145255329148861,74.12690095,0.413785009999998
2013-12-10 00:00:00,74.58730262,73.60168529083333,0.8788605229140674,74.54068596,0.04661665999999798
2013-12-10 01:00:00,73.27195908,73.517762945,0.8039996434524059,74.58730262,-1.3153435400000006
2013-12-10 02:00:00,73.90958789,73.46438478625,0.7269382844725877,73.27195908,0.6376288099999954
2013-12-10 03:00:00,74.12705890000002,73.47235961041667,0.7333547265052689,73.90958789,0.21747101000002544
2013-12-10 04:00:00,73.64989009,73.45218611541667,0.7209149057449187,74.12705890000002,-0.4771688100000233
2013-12-10 05:00:00,73.12019765,73.40774727750001,0.7063927795892139,73.64989009,-0.5296924400000051
2013-12-10 06:00:00,72.94981371,73.35654595125,0.6924841439078414,73.12019765,-0.17038393999999357
2013-12-10 07:00:00,72.63017091,73.36711927166667,0.6786675624244382,72.94981371,-0.3196427999999969
2013-12-10 08:00:00,72.71613838,73.35083771208333,0.689778159597842,72.63017091,0.08596746999999993
2013-12-10 09:00:00,72.71722481,73.33151672875,0.7011449284768719,72.71613838,0.0010864300000008598
2013-12-10 10:00:00,73.73304064,73.38526378041668,0.6791786720293042,72.71722481,1.015815829999994
2013-12-10 11:00:00,72.67712283,73.34622750333334,0.6922583949687874,73.73304064,-1.0559178099999968
2013-12-10 12:00:00,73.64547544,73.35224684333333,0.6942878896517442,72.67712283,0.9683526099999966
2013-12-10 13:00:00,72.30699831,73.35250256875001,0.6938848112837795,73.64547544,-1.3384771300000011
2013-12-10 14:00:00,72.64327782,73.36476235458333,0.6777973379961039,72.30699831,0.3362795099999971
2013-12-10 15:00:00,72.70649962,73.38503569333334,0.6487190910859686,72.64327782,0.06322180000000799
2013-12-10 16:00:00,74.00551,73.41530092250001,0.6604027217406881,72.70649962,1.2990103799999986
2013-12-10 17:00:00,73.59150747,73.42782262083334,0.6607920825385749,74.00551,-0.41400253000000475
2013-12-10 18:00:00,74.36327747,73.48343407833333,0.6815690942992622,73.59150747,0.7717700000000036
2013-12-10 19:00:00,73.43398151,73.47076338541666,0.6794526806426511,74.36327747,-0.9292959600000046
2013-12-10 20:00:00,73.34037954,73.44455392958334,0.671466768834094,73.43398151,-0.0936019699999946
2013-12-10 21:00:00,72.49370372,73.38698772166667,0.6918470138433818,73.34037954,-0.8466758200000015
2013-12-10 22:00:00,73.36328308,73.35517031041667,0.6736595922641537,72.49370372,0.869579360000003
2013-12-10 23:00:00,73.75270216,73.32233765208333,0.6312344454179157,73.36328308,0.38941907999999614
2013-12-11 00:00:00,74.07760056,73.30110006625,0.5943198569961146,73.75270216,0.32489839999999504
2013-12-11 01:00:00,74.13267133,73.33696307666666,0.6179828322817577,74.07760056,0.05507077000000038
2013-12-11 02:00:00,73.55944399,73.32237374750001,0.6079278482011318,74.13267133,-0.5732273399999883
2013-12-11 03:00:00,72.82256754,73.26801994083333,0.5909328718386099,73.55944399,-0.7368764500000111
2013-12-11 04:00:00,72.55823579,73.222534345,0.6021682684489783,72.82256754,-0.26433174999999665
2013-12-11 05:00:00,72.94645319,73.2152949925,0.6044919731451522,72.55823579,0.38821740000000204
2013-12-11 06:00:00,73.85665686,73.25308012375,0.6154193372429311,72.94645319,0.9102036700000014
2013-12-11 07:00:00,72.43060965,73.24476507125,0.6254676345941452,73.85665686,-1.4260472100000072
2013-12-11 08:00:00,73.64939159,73.28365062166667,0.6201616514543254,72.43060965,1.2187819399999995
2013-12-11 09:00:00,72.18117166,73.26131507375,0.650366435857598,73.64939159,-1.4682199299999894
2013-12-11 10:00:00,72.68621701,73.2176974225,0.6524539732403771,72.18117166,0.505045349999989
2013-12-11 11:00:00,73.38138872,73.24704183458333,0.6428509864475865,72.68621701,0.695171710000011
2013-12-11 12:00:00,72.59355339,73.20321174916667,0.6503213909070166,73.38138872,-0.7878353300000072
2013-12-11 13:00:00,73.08965494,73.23582244208333,0.6224525687948194,72.59355339,0.4961015500000059
2013-12-11 14:00:00,72.15235240000001,73.21536721625,0.6502187532161806,73.08965494,-0.9373025399999904
2013-12-11 15:00:00,74.58666641,73.29370749916666,0.6977686259034217,72.15235240000001,2.4343140099999943
2013-12-11 16:00:00,75.02738785,73.33628574291667,0.7704809132382134,74.58666641,0.44072143999999014
2013-12-11 17:00:00,74.62411392,73.37931101166667,0.813010358241163,75.02738785,-0.40327392999999745
2013-12-11 18:00:00,75.34149751,73.42007018,0.8857516780239006,74.62411392,0.7173835899999972
2013-12-11 19:00:00,75.31820223,73.49857937666665,0.9668319378004824,75.34149751,-0.023295279999999252
2013-12-11 20:00:00,74.99496694,73.56752051833332,1.012952020708205,75.31820223,-0.3232352899999995
2013-12-11 21:00:00,75.14356488,73.67793139999999,1.0349944574624708,74.99496694,0.14859794000000193
2013-12-11 22:00:00,75.35414616,73.76088402833334,1.0871473671498442,75.14356488,0.21058127999999954
2013-12-11 23:00:00,75.60743795,73.83816468625001,1.1506107148183242,75.35414616,0.2532917900000058
2013-12-12 00:00:00,75.11999997,73.881597995,1.1793570963042082,75.60743795,-0.48743798000000993
2013-12-12 01:00:00,74.84177433,73.91114395333334,1.1947032074759212,75.11999997,-0.27822563999998806
2013-12-12 02:00:00,75.34780841,73.9856591375,1.2271443332006957,74.84177433,0.5060340799999921
2013-12-12 03:00:00,74.96166134,74.07478804583333,1.216632148928444,75.34780841,-0.3861470699999927
2013-12-12 04:00:00,76.02028875,74.2190402525,1.2341180716486522,74.96166134,1.0586274099999997
2013-12-12 05:00:00,74.99070572,74.30421744125,1.2128291864783047,76.02028875,-1.029583030000012
2013-12-12 06:00:00,74.54696679,74.332980355,1.2099356444554052,74.99070572,-0.443738929999995
2013-12-12 07:00:00,75.24551555,74.45026810083333,1.1525825497319495,74.54696679,0.6985487599999942
2013-12-12 08:00:00,74.58234736,74.48914125791667,1.1400618802745806,75.24551555,-0.6631681899999933
2013-12-12 09:00:00,73.27790479,74.53483847166666,1.062897957344116,74.58234736,-1.3044425700000062
2013-12-12 10:00:00,73.75848662,74.57951637208335,1.0026424151667077,73.27790479,0.48058183000000554
2013-12-12 11:00:00,73.72426779,74.593803,0.9871512234416893,73.75848662,-0.034218830000000366
2013-12-12 12:00:00,73.40027014,74.62741619791667,0.9280451457461675,73.72426779,-0.3239976499999955
2013-12-12 13:00:00,74.42141665,74.68290626916666,0.8701070849565272,73.40027014,1.0211465099999941
2013-12-12 14:00:00,74.09206973,74.76372782458334,0.697872536115724,74.42141665,-0.3293469199999919
2013-12-12 15:00:00,76.13283725,74.82815160958334,0.7502202418578879,74.09206973,2.0407675199999886
2013-12-12 16:00:00,76.27032048,74.87994046916667,0.8054403431772585,76.13283725,0.13748323000000084
2013-12-12 17:00:00,76.22574288,74.94667500916667,0.8485214327300501,76.27032048,-0.044577599999996664
2013-12-12 18:00:00,76.19386187,74.98219019083334,0.8829066789287539,76.22574288,-0.031881009999992216
2013-12-12 19:00:00,75.38155998,74.98483009708333,0.8840490239343876,76.19386187,-0.8123018900000005
2013-12-12 20:00:00,75.54108786,75.00758513541668,0.8913198446392075,75.38155998,0.15952787999999885
2013-12-12 21:00:00,75.44093455,75.01997553833333,0.8953500942539392,75.54108786,-0.10015331000001026
2013-12-12 22:00:00,75.98674438,75.0463337975,0.9147175615516622,75.44093455,0.5458098300000103
2013-12-12 23:00:00,76.37852170000002,75.07846228708333,0.948211175842681,75.98674438,0.39177732000001697
2013-12-13 00:00:00,76.24170509,75.12520000041667,0.9775387124310218,76.37852170000002,-0.1368166100000252
2013-12-13 01:00:00,76.07005174,75.17637822583333,0.9940680173104415,76.24170509,-0.1716533499999997
2013-12-13 02:00:00,76.18773069,75.21137498750001,1.01493176186959,76.07005174,0.1176789499999984
2013-12-13 03:00:00,74.54095745,75.19384565874999,1.0230329413888606,76.18773069,-1.6467732400000017
2013-12-13 04:00:00,75.9857027,75.19240457333333,1.0218418309087804,74.54095745,1.444745250000011
2013-12-13 05:00:00,75.70301054,75.22208394083333,1.026064494949762,75.9857027,-0.2826921600000105
2013-12-13 06:00:00,75.97637738,75.28164271541667,1.0266584352460484,75.70301054,0.27336684000000844
2013-12-13 07:00:00,73.99051999,75.22935123375,1.0599979619322535,75.97637738,-1.9858573900000067
2013-12-13 08:00:00,74.25959878,75.21590337625,1.0705578829244127,73.99051999,0.2690787900000089
2013-12-13 09:00:00,74.06537538,75.24871465083332,1.019424483673524,74.25959878,-0.1942233999999985
2013-12-13 10:00:00,73.497738,75.237850125,1.0372310783956178,74.06537538,-0.5676373800000079
2013-12-13 11:00:00,74.40930673,75.26639341416667,1.002616371599455,73.497738,0.911568729999999
2013-12-13 12:00:00,73.53465219,75.27199266625,0.9920613079736108,74.40930673,-0.8746545399999945
2013-12-13 13:00:00,74.01325297,75.25498584625,1.0106019340442358,73.53465219,0.4786007799999936
2013-12-13 14:00:00,74.65517361,75.27844850791666,0.9887291601423265,74.01325297,0.6419206400000093
2013-12-13 15:00:00,73.80252519999998,75.1813521725,1.0152439806676563,74.65517361,-0.8526484100000289
2013-12-13 16:00:00,73.47288405,75.06479232125,1.044936245260969,73.80252519999998,-0.32964114999997207
2013-12-13 17:00:00,74.39571525,74.98854117,1.023077765266172,73.47288405,0.9228311999999903
2013-12-13 18:00:00,75.54122752,74.96134807208334,0.9980141952208048,74.39571525,1.1455122700000118
2013-12-13 19:00:00,75.61996717,74.971281705,1.003549710601381,75.54122752,0.07873964999998861
2013-12-13 20:00:00,74.29673142,74.91943352,1.0049745380230704,75.61996717,-1.323235749999995
2013-12-13 21:00:00,75.83949955,74.936040395,1.0171857417458043,74.29673142,1.542768129999999
2013-12-13 22:00:00,76.92758894,74.97524225166667,1.0758766102934862,75.83949955,1.0880893900000075
2013-12-13 23:00:00,75.89869489,74.95524946791666,1.052878446775527,76.92758894,-1.0288940500000052
2013-12-14 00:00:00,75.17568757,74.91083207125,1.0181610599286004,75.89869489,-0.7230073200000078
2013-12-14 01:00:00,75.81093193,74.9000354125,1.0066428622364032,75.17568757,0.6352443600000015
2013-12-14 02:00:00,75.69196428,74.87937847875,0.9838994687887003,75.81093193,-0.11896765000000187
2013-12-14 03:00:00,74.5128894,74.87820897666667,0.9843358037430655,75.69196428,-1.1790748799999875
2013-12-14 04:00:00,74.98113099,74.83635182208333,0.956149262825775,74.5128894,0.468241589999991
2013-12-14 05:00:00,76.17734177,74.85611562333334,0.9794602465104321,74.98113099,1.1962107800000013
2013-12-14 06:00:00,74.42758116,74.7915824475,0.9531089006027452,76.17734177,-1.7497606099999956
2013-12-14 07:00:00,74.07682949,74.79517867666667,0.950113073318479,74.42758116,-0.3507516700000082
2013-12-14 08:00:00,75.69932551,74.85516729041667,0.9602243863191811,74.07682949,1.6224960199999998
2013-12-14 09:00:00,74.84695927,74.88773328583333,0.9454134846571676,75.69932551,-0.852366239999995
2013-12-14 10:00:00,74.35760136,74.92356092583334,0.9059153237996216,74.84695927,-0.4893579099999954
2013-12-14 11:00:00,74.39803827,74.92309140666667,0.9061963169752425,74.35760136,0.04043690999999683
2013-12-14 12:00:00,75.02743496,74.98529068875,0.8566284947608109,74.39803827,0.629396689999993
2013-12-14 13:00:00,74.02252097,74.98567685541666,0.8561732179603293,75.02743496,-1.0049139899999915
2013-12-14 14:00:00,74.56358368,74.98186060833333,0.8579127867960484,74.02252097,0.5410627099999914
2013-12-14 15:00:00,74.69963645,75.01924024374999,0.8231333249013506,74.56358368,0.13605277000000626
2013-12-14 16:00:00,75.09767236,75.08693975666667,0.7543656005770968,74.69963645,0.3980359100000044
2013-12-14 17:00:00,76.44727912,75.17242158458333,0.7881158599388586,75.09767236,1.3496067600000003
2013-12-14 18:00:00,76.95586845,75.23136495666667,0.86595494402496,76.44727912,0.5085893299999924
2013-12-14 19:00:00,76.87810004,75.28378715958333,0.9264697807018304,76.95586845,-0.07776840999999024
2013-12-14 20:00:00,78.17639551,75.44543983,1.0735497766982134,76.87810004,1.2982954699999993
2013-12-14 21:00:00,78.63037082,75.56172613291666,1.254065945085836,78.17639551,0.4539753099999899
2013-12-14 22:00:00,77.38397999,75.58074242666666,1.2788925426858577,78.63037082,-1.2463908299999957
2013-12-14 23:00:00,78.19047845,75.67623340833333,1.3848372185393905,77.38397999,0.8064984600000003
2013-12-15 00:00:00,78.61378004,75.81948726125,1.503545359222739,78.19047845,0.4233015899999941
2013-12-15 01:00:00,77.03252890000002,75.870387135,1.5237844275616705,78.61378004,-1.5812511399999778
2013-12-15 02:00:00,78.6107109,75.9920015775,1.6222195538088369,77.03252890000002,1.578181999999984
2013-12-15 03:00:00,76.68094652,76.08233729083334,1.5964326232212729,78.6107109,-1.9297643799999946
2013-12-15 04:00:00,77.05003701,76.16854170833334,1.5902306691076362,76.68094652,0.3690904899999907
2013-12-15 05:00:00,76.33040884,76.17491950291667,1.5905744062147003,77.05003701,-0.7196281699999929
2013-12-15 06:00:00,77.55881425,76.30538754833334,1.5692945962327463,76.33040884,1.2284054099999935
2013-12-15 07:00:00,77.29425879,76.43944710250001,1.5068226773191296,77.55881425,-0.26455545999999686
2013-12-15 08:00:00,75.96598011,76.45055771083334,1.502103795504603,77.29425879,-1.3282786799999968
2013-12-15 09:00:00,76.44504229,76.51714450333333,1.4628345759958747,75.96598011,0.47906217999999967
2013-12-15 10:00:00,77.37936193,76.64305119375,1.3974617884656402,76.44504229,0.9343196399999982
2013-12-15 11:00:00,76.39378285,76.72620721791667,1.3150100156663118,77.37936193,-0.9855790800000079
2013-12-15 12:00:00,76.18731941,76.77453573666666,1.2704209887282043,76.39378285,-0.20646343999999317
2013-12-15 13:00:00,75.55839334,76.83853041875001,1.159618146047976,76.18731941,-0.6289260700000057
2013-12-15 14:00:00,77.31227539,76.95305924,1.0562994231074694,75.55839334,1.7538820500000014
2013-12-15 15:00:00,77.63696989,77.07544813333334,0.9485228185133987,77.31227539,0.32469450000000677
2013-12-15 16:00:00,76.61057145,77.13848559541667,0.857248920235529,77.63696989,-1.0263984400000083
2013-12-15 17:00:00,78.01573292,77.20383783708333,0.8620359082524994,76.61057145,1.4051614700000101
2013-12-15 18:00:00,78.11484883,77.25212868625,0.8798201379741344,78.01573292,0.09911590999999476
2013-12-15 19:00:00,77.7134697,77.28693575541668,0.8809032237836976,78.11484883,-0.40137912999999514
2013-12-15 20:00:00,78.35903267,77.29454563708335,0.8896663897099135,77.7134697,0.6455629700000003
2013-12-15 21:00:00,77.54037213,77.249129025,0.8452203790871794,78.35903267,-0.8186605400000104
2013-12-15 22:00:00,77.50429946,77.25414233625001,0.8464109964083496,77.54037213,-0.03607266999999581
2013-12-15 23:00:00,78.54151818,77.26876899166668,0.8660992745922645,77.50429946,1.0372187199999985
2013-12-16 00:00:00,78.51850373,77.26479914541666,0.8598621449948699,78.54151818,-0.023014449999990916
2013-12-16 01:00:00,79.21046638,77.35554654041667,0.9449954281263048,78.51850373,0.6919626499999936
2013-12-16 02:00:00,79.13826897,77.37752812666666,0.9809144223029592,79.21046638,-0.07219741000000113
2013-12-16 03:00:00,78.40306640000001,77.44928312166667,0.9906820992592188,79.13826897,-0.7352025699999842
2013-12-16 04:00:00,78.62008697,77.51470187,1.014718787165621,78.40306640000001,0.2170205699999883
2013-12-16 05:00:00,77.13148416,77.54808000833333,0.9868618338851908,78.62008697,-1.4886028100000033
2013-12-16 06:00:00,78.02477786,77.56749515874999,0.9916541579249227,77.13148416,0.893293700000001
2013-12-16 07:00:00,77.86136184,77.5911244525,0.991616873639062,78.02477786,-0.16341601999999966
2013-12-16 08:00:00,77.78773632,77.66703096125,0.9295925122415639,77.86136184,-0.07362552000000733
2013-12-16 09:00:00,76.85925072,77.68428964583335,0.9095477950872018,77.78773632,-0.9284855999999877
2013-12-16 10:00:00,76.69516519,77.65578144833333,0.9300130075540869,76.85925072,-0.16408553000000836
2013-12-16 11:00:00,77.00482738,77.68124163708333,0.9019013706529697,76.69516519,0.3096621899999974
2013-12-16 12:00:00,76.44663657,77.69204651875,0.8846135008342073,77.00482738,-0.5581908099999993
2013-12-16 13:00:00,76.83346215,77.74517438583332,0.7833982162334809,76.44663657,0.3868255800000071
2013-12-16 14:00:00,76.46349867,77.70980868916666,0.8219982841274702,76.83346215,-0.36996347999999557
2013-12-16 15:00:00,75.94666293,77.63937923249999,0.8974601164955933,76.46349867,-0.5168357400000048
2013-12-16 16:00:00,75.43675043,77.59047002333334,0.9837973175534928,75.94666293,-0.5099124999999987
2013-12-16 17:00:00,76.31010809,77.51940232208334,1.0129161096593358,75.43675043,0.8733576599999964
2013-12-16 18:00:00,75.95438461,77.42938297958334,1.052909392991336,76.31010809,-0.35572347999999465
2013-12-16 19:00:00,76.15312638,77.36436867458333,1.08236655715889,75.95438461,0.19874176999999804
2013-12-16 20:00:00,76.12036689,77.27109093374999,1.089360914823099,76.15312638,-0.032759490000003666
2013-12-16 21:00:00,75.94597297,77.20465763541667,1.1203991859126874,76.12036689,-0.17439391999999998
2013-12-16 22:00:00,76.55225442,77.16498909208333,1.1261679582776676,75.94597297,0.6062814499999973
2013-12-16 23:00:00,76.79808015,77.09234584083333,1.0891358571148892,76.55225442,0.24582573000000707
2013-12-17 00:00:00,76.48918773,77.0077910075,1.0517330202740358,76.79808015,-0.3088924200000065
2013-12-17 01:00:00,76.33896896,76.88814528166667,0.9485287394068938,76.48918773,-0.15021876999999506
2013-12-17 02:00:00,77.05310437,76.80126342333334,0.8202928324081812,76.33896896,0.7141354099999973
2013-12-17 03:00:00,76.54734976,76.72394189666667,0.74692005681911,77.05310437,-0.5057546099999968
2013-12-17 04:00:00,75.9568436,76.61297342291667,0.6436647029193708,76.54734976,-0.5905061600000039
2013-12-17 05:00:00,76.51240415,76.5871784225,0.6343188530983089,75.9568436,0.5555605499999956
2013-12-17 06:00:00,76.18995103,76.51072730458334,0.5597014835731706,76.51240415,-0.3224531199999916
2013-12-17 07:00:00,76.90449174,76.47085771708333,0.488911792194755,76.18995103,0.7145407099999943
2013-12-17 08:00:00,76.17663538,76.40372851125001,0.4033578966831283,76.90449174,-0.7278563600000041
2013-12-17 09:00:00,75.63774692,76.35283251958333,0.420098451350681,76.17663538,-0.5388884599999955
2013-12-17 10:00:00,74.76111351,76.27224703291667,0.5241814967534455,75.63774692,-0.8766334099999966
2013-12-17 11:00:00,75.90421071,76.226388005,0.505101243180964,74.76111351,1.1430971999999997
2013-12-17 12:00:00,76.50791927,76.22894145083333,0.5064162686952025,75.90421071,0.6037085600000012
2013-12-17 13:00:00,75.03569534,76.15403450041667,0.5446277879984346,76.50791927,-1.4722239299999984
2013-12-17 14:00:00,76.44788554,76.15338395333335,0.5442512621348502,75.03569534,1.4121901999999977
2013-12-17 15:00:00,75.69349585,76.14283532500001,0.5508455933096856,76.44788554,-0.7543896899999964
2013-12-17 16:00:00,74.67369137,76.1110411975,0.6119987653050338,75.69349585,-1.0198044800000048
2013-12-17 17:00:00,75.53230267,76.07863263833333,0.6215191886733626,74.67369137,0.8586113000000068
2013-12-17 18:00:00,75.69028376,76.06762843624999,0.6261355389830879,75.53230267,0.15798108999999272
2013-12-17 19:00:00,75.61612508,76.04525338208333,0.6325098848593553,75.69028376,-0.07415867999999648
2013-12-17 20:00:00,75.38417556,76.01457874333333,0.6464074901669536,75.61612508,-0.23194952000000058
2013-12-17 21:00:00,76.53118614,76.03896262541666,0.6546916791143395,75.38417556,1.14701058
2013-12-17 22:00:00,76.0893708,76.01967580791667,0.645668929968432,76.53118614,-0.4418153400000051
2013-12-17 23:00:00,76.67098365,76.01438012041667,0.6394987155696402,76.0893708,0.5816128499999991
2013-12-18 00:00:00,77.51409604,76.05708463333333,0.7035928086589197,76.67098365,0.8431123900000017
2013-12-18 01:00:00,77.71518301,76.11442688541668,0.7795456193034348,77.51409604,0.20108697000000575
2013-12-18 02:00:00,77.49253948,76.13273668166667,0.807221065168356,77.71518301,-0.22264352999999915
2013-12-18 03:00:00,76.1495223,76.1161605375,0.8024071885139206,77.49253948,-1.343017180000004
2013-12-18 04:00:00,77.69271299,76.18848842875,0.8633428909353451,76.1495223,1.543190690000003
2013-12-18 05:00:00,77.3078518,76.22163208083333,0.8911397370251014,77.69271299,-0.3848611900000094
2013-12-18 06:00:00,76.58823094,76.23822707708332,0.8942271934777294,77.3078518,-0.719620859999992
2013-12-18 07:00:00,77.01356606,76.24277184041667,0.8980296913890443,76.58823094,0.42533511999999973
2013-12-18 08:00:00,76.29867262,76.24785672541667,0.8979844298206038,77.01356606,-0.7148934399999973
2013-12-18 09:00:00,76.6226516,76.28889442041667,0.8913708991867716,76.29867262,0.3239789799999926
2013-12-18 10:00:00,76.44608657,76.35910163125,0.8300540956933176,76.6226516,-0.1765650299999919
2013-12-18 11:00:00,75.00817082,76.32176663583333,0.8705670341604566,76.44608657,-1.437915750000002
2013-12-18 12:00:00,74.40000215,76.23393675583334,0.9533644754543772,75.00817082,-0.6081686699999977
2013-12-18 13:00:00,75.95158419,76.27209879125,0.9210999149982749,74.40000215,1.5515820399999996
2013-12-18 14:00:00,74.806774,76.20371914375,0.9672424578605935,75.95158419,-1.1448101900000012
2013-12-18 15:00:00,76.18399877,76.22415676541668,0.9611557746701076,74.806774,1.377224769999998
2013-12-18 16:00:00,75.65218318,76.26492725749999,0.9120256237012371,76.18399877,-0.5318155900000079
2013-12-18 17:00:00,75.92126892,76.28113418458334,0.9018397934388864,75.65218318,0.2690857400000084
2013-12-18 18:00:00,74.56981993,76.23444819166667,0.9608290710533081,75.92126892,-1.3514489900000086
2013-12-18 19:00:00,74.55990289,76.19043893375,1.0131466808500655,74.56981993,-0.009917039999990607
2013-12-18 20:00:00,74.70972542,76.16233684458334,1.0453254320208671,74.55990289,0.14982252999999446
2013-12-18 21:00:00,75.87615507,76.13504388333334,1.04382643528186,74.70972542,1.1664296499999978
2013-12-18 22:00:00,75.79608847,76.12282378625,1.0460986366326075,75.87615507,-0.08006659999999499
2013-12-18 23:00:00,74.99922907,76.05316734541667,1.0635247304038817,75.79608847,-0.7968594000000024
2013-12-19 00:00:00,75.24370674,75.95856779125,1.0283183318166706,74.99922907,0.24447766999999487
2013-12-19 01:00:00,76.28685920000002,75.89905429916666,0.9613885178132214,75.24370674,1.0431524600000301
2013-12-19 02:00:00,76.86505572,75.8729091425,0.9239734457062635,76.28685920000002,0.5781965199999775
2013-12-19 03:00:00,75.77297344,75.85721960666667,0.9222676161038015,76.86505572,-1.0920822799999996
2013-12-19 04:00:00,75.97494123,75.78564578333334,0.8362743129442808,75.77297344,0.20196778999999765
2013-12-19 05:00:00,74.90139316,75.68537667333334,0.7887429952253212,75.97494123,-1.073548070000001
2013-12-19 06:00:00,74.02325849,75.57850282125001,0.8335888708835638,74.90139316,-0.8781346699999943
2013-12-19 07:00:00,75.06232298,75.49720102625,0.7810365157253645,74.02325849,1.0390644900000012
2013-12-19 08:00:00,74.98321538,75.44239030791667,0.7684014538190822,75.06232298,-0.07910760000000039
2013-12-19 09:00:00,75.28863521,75.38680629166667,0.7264150266343791,74.98321538,0.30541982999999107
2013-12-19 10:00:00,74.94672097,75.324332725,0.6951553425604121,75.28863521,-0.34191423999999415
2013-12-19 11:00:00,73.86675878,75.27677389,0.7542580888231624,74.94672097,-1.0799621900000034
2013-12-19 12:00:00,73.71014444,75.24802981875,0.8008308434300688,73.86675878,-0.1566143400000044
2013-12-19 13:00:00,74.90952525,75.20461069625,0.7891917224531387,73.71014444,1.199380810000008
2013-12-19 14:00:00,74.84580286,75.20623689874999,0.7883760903930328,74.90952525,-0.06372238999999524
2013-12-19 15:00:00,75.602222,75.1819962,0.7656208343531379,74.84580286,0.7564191399999913
2013-12-19 16:00:00,74.74889536,75.1443592075,0.7637019259882937,75.602222,-0.8533266399999917
2013-12-19 17:00:00,75.01816634,75.10672993333333,0.7457965503635792,74.74889536,0.2692709799999875
2013-12-19 18:00:00,75.72022589,75.154663515,0.7467567333773169,75.01816634,0.7020595500000013
2013-12-19 19:00:00,76.30473901,75.22736502000001,0.7708812141243728,75.72022589,0.5845131200000111
2013-12-19 20:00:00,76.01042931,75.28156101541667,0.7785906009492829,76.30473901,-0.29430969999999945
2013-12-19 21:00:00,77.21635808,75.3374028075,0.8662195399734433,76.01042931,1.2059287699999999
2013-12-19 22:00:00,76.50729669,75.36703648333334,0.8943036676270587,77.21635808,-0.7090613900000022
2013-12-19 23:00:00,76.88382451,75.44556129333333,0.9420674367558309,76.50729669,0.37652781999999263
2013-12-20 00:00:00,76.77573772,75.5093959175,0.978977321708271,76.88382451,-0.10808679000000154
2013-12-20 01:00:00,76.28321772,75.50924418916667,0.9788518605224991,76.77573772,-0.49251999999999896
2013-12-20 02:00:00,76.24950337,75.48359617458333,0.9494035483106149,76.28321772,-0.033714349999996784
2013-12-20 03:00:00,76.06611132,75.49581025291667,0.9551564298789889,76.24950337,-0.1833920499999948
2013-12-20 04:00:00,75.81287763,75.48905760291667,0.9521901161336974,76.06611132,-0.25323369000000184
2013-12-20 05:00:00,75.70166172,75.52240212625,0.9446988210306131,75.81287763,-0.11121590999999853
2013-12-20 06:00:00,77.39653919999998,75.66295548916666,0.962725230965067,75.70166172,1.694877479999974
2013-12-20 07:00:00,76.21575455,75.71101513791668,0.9602244052082638,77.39653919999998,-1.1807846499999783
2013-12-20 08:00:00,76.42174243,75.770953765,0.9577130447948053,76.21575455,0.20598787999999502
2013-12-20 09:00:00,76.12429859999997,75.80577307291667,0.9546010437998338,76.42174243,-0.29744383000002017
2013-12-20 10:00:00,75.95841843,75.84792713374999,0.9371959900864674,76.12429859999997,-0.1658801699999799
2013-12-20 11:00:00,74.24349947,75.86362466249999,0.9051778982651806,75.95841843,-1.7149189599999914
2013-12-20 12:00:00,76.0751302,75.96216573583332,0.780724048592479,74.24349947,1.8316307300000005
2013-12-20 13:00:00,75.84588787,76.00118084500001,0.7485675358278251,76.0751302,-0.22924233000000527
2013-12-20 14:00:00,74.92850291,76.00462668041666,0.7431888365054313,75.84588787,-0.9173849599999926
2013-12-20 15:00:00,76.3109073,76.03415523458334,0.7405794943998596,74.92850291,1.3824043899999907
2013-12-20 16:00:00,75.13722516,76.05033564291666,0.7150810532299291,76.3109073,-1.1736821399999968
2013-12-20 17:00:00,75.66403255,76.077246735,0.6861143470581068,75.13722516,0.5268073900000019
2013-12-20 18:00:00,77.34278041,76.14485317333333,0.7280627392695549,75.66403255,1.6787478600000014
2013-12-20 19:00:00,76.93423637,76.17108223,0.7452103388999549,77.34278041,-0.40854404000000955
2013-12-20 20:00:00,76.61857052,76.19642144708334,0.7498350809554263,76.93423637,-0.3156658499999878
2013-12-20 21:00:00,77.03286984,76.18877610375,0.7398526077295797,76.61857052,0.4142993199999978
2013-12-20 22:00:00,77.55962287,76.23262302791666,0.7890943486113301,77.03286984,0.5267530299999947
2013-12-20 23:00:00,79.09188313,76.32462547041666,0.9751157270920605,77.55962287,1.532260260000001
2013-12-21 00:00:00,78.52068112,76.39733144541667,1.0705921971799188,79.09188313,-0.5712020099999933
2013-12-21 01:00:00,78.98608769,76.5099510275,1.1932071666098865,78.52068112,0.46540656999999896
2013-12-21 02:00:00,79.4198418,76.64204846208334,1.3306901548436603,78.98608769,0.4337541099999953
2013-12-21 03:00:00,79.04463822,76.76615374958332,1.4111052967291728,79.4198418,-0.3752035800000044
2013-12-21 04:00:00,78.08950603,76.86101326625,1.4207252231469385,79.04463822,-0.9551321900000005
2013-12-21 05:00:00,77.60666850000001,76.94038854875,1.4062790702892922,78.08950603,-0.4828375299999834
2013-12-21 06:00:00,77.94600233,76.96328284583333,1.4184480960840844,77.60666850000001,0.33933382999998685
2013-12-21 07:00:00,77.89349375,77.03318864583333,1.4213449708506567,77.94600233,-0.052508579999994254
2013-12-21 08:00:00,78.60456446,77.12413956375,1.4500662789792087,77.89349375,0.7110707100000013
2013-12-21 09:00:00,77.06658421,77.16340146416667,1.4344906026806428,78.60456446,-1.537980250000004
2013-12-21 10:00:00,78.3217143,77.26187212541667,1.4292829588277882,77.06658421,1.2551300899999944
2013-12-21 11:00:00,77.70983715,77.40630286208334,1.2781610147041866,78.3217143,-0.611877149999998
2013-12-21 12:00:00,78.84426107,77.521683315,1.2777561498697996,77.70983715,1.1344239200000032
2013-12-21 13:00:00,77.1455334,77.57583521208333,1.2303060421713816,78.84426107,-1.6987276699999967
2013-12-21 14:00:00,78.76918765,77.73586374291666,1.115408301287602,77.1455334,1.6236542500000013
2013-12-21 15:00:00,77.91774797,77.8028154375,1.073598599377036,78.76918765,-0.8514396800000128
2013-12-21 16:00:00,78.34500813,77.93647306125,0.9153278730326597,77.91774797,0.427260160000003
2013-12-21 17:00:00,79.86106375,78.11134936124999,0.8616485665955911,78.34500813,1.516055620000003
2013-12-21 18:00:00,80.52026302,78.24374447,0.9750710883796203,79.86106375,0.659199270000002
2013-12-21 19:00:00,79.89687488,78.36718774124999,0.9895074384972753,80.52026302,-0.623388140000003
2013-12-21 20:00:00,82.28923988,78.60346563124999,1.2069518078831545,79.89687488,2.392364999999998
2013-12-21 21:00:00,82.98986906,78.85167393208333,1.4566196509981437,82.28923988,0.7006291800000071
2013-12-21 22:00:00,83.24788623,79.08868490541666,1.6825077603321739,82.98986906,0.25801717000000224
2013-12-21 23:00:00,82.51965884,79.23150889333333,1.8224582976902042,83.24788623,-0.7282273900000007
2013-12-22 00:00:00,82.73680192,79.40718059333334,1.9497190170801473,82.51965884,0.2171430799999996
2013-12-22 01:00:00,83.78099481,79.60696839,2.1409797156799866,82.73680192,1.0441928899999908
2013-12-22 02:00:00,83.00863385,79.75650139208334,2.2498979105332646,83.78099481,-0.7723609600000003
2013-12-22 03:00:00,82.8156272,79.91362593291667,2.3283313730319146,83.00863385,-0.19300665000000095
2013-12-22 04:00:00,81.77474405,80.06717751708334,2.3243175126432662,82.8156272,-1.040883149999999
2013-12-22 05:00:00,82.45427776,80.26916123625,2.311797705245729,81.77474405,0.6795337100000012
2013-12-22 06:00:00,82.09190101,80.44190701458332,2.2854028754750364,82.45427776,-0.3623767499999957
2013-12-22 07:00:00,80.96998612,80.57009419666667,2.221638794469778,82.09190101,-1.1219148899999993
2013-12-22 08:00:00,81.84802474,80.70523837500001,2.1953714156845248,80.96998612,0.8780386199999981
2013-12-22 09:00:00,82.11075802,80.91541228375,2.0697364632542206,81.84802474,0.2627332800000062
2013-12-22 10:00:00,80.90724311,81.02314265083334,1.9947961121174975,82.11075802,-1.2035149100000098
2013-12-22 11:00:00,81.79664979,81.19342651083333,1.8702042074758891,80.90724311,0.8894066800000076
2013-12-22 12:00:00,80.13996622,81.24741422541668,1.8173979852038158,81.79664979,-1.6566835699999984
2013-12-22 13:00:00,80.56010402,81.38968800125001,1.6033752469728166,80.13996622,0.420137799999992
2013-12-22 14:00:00,81.53097122,81.50476231666667,1.5030954828542897,80.56010402,0.9708672000000007
2013-12-22 15:00:00,81.83006626,81.66777557875001,1.294892973063706,81.53097122,0.2990950399999974
2013-12-22 16:00:00,83.51163000000003,81.88305149,1.1384956902785766,81.83006626,1.6815637400000298
2013-12-22 17:00:00,84.39093203,82.07179600166667,1.163914098350227,83.51163000000003,0.8793020299999768
2013-12-22 18:00:00,85.22768546,82.26793860333333,1.2817628188532728,84.39093203,0.8367534300000017
2013-12-22 19:00:00,86.09488844,82.52618916833335,1.402017608519726,85.22768546,0.8672029800000018
2013-12-22 20:00:00,86.20418922,82.6893120575,1.5885863168966874,86.09488844,0.1093007799999981
2013-12-22 21:00:00,86.22321261,82.82403470541668,1.7446248280117969,86.20418922,0.019023390000000973
2013-12-22 22:00:00,85.64943737,82.92409933625001,1.8364474560806943,86.22321261,-0.5737752400000034
2013-12-22 23:00:00,86.07470988,83.07222646291667,1.9427074131716047,85.64943737,0.4252725099999992
2013-12-23 00:00:00,85.32616543,83.18011660916666,1.994480891152549,86.07470988,-0.7485444499999971
2013-12-23 01:00:00,85.70599036,83.26032475708334,2.0574099995537876,85.32616543,0.37982492999999806
2013-12-23 02:00:00,84.08697057,83.30525545375001,2.063440251147745,85.70599036,-1.6190197899999959
2013-12-23 03:00:00,85.22227695,83.40553252666666,2.0968192703634423,84.08697057,1.1353063799999887
2013-12-23 04:00:00,83.65396808,83.48383352791667,2.0681653101708197,85.22227695,-1.5683088699999956
2013-12-23 05:00:00,84.32899995,83.56194695250001,2.0629860005618337,83.65396808,0.675031869999998
2013-12-23 06:00:00,83.11824067,83.604711105,2.0417161167503473,84.32899995,-1.2107592799999907
2013-12-23 07:00:00,82.62728762,83.67376533416667,1.9756897021043136,83.11824067,-0.49095305000000167
2013-12-23 08:00:00,82.6222981,83.70602672416666,1.9507447949941779,82.62728762,-0.004989520000009406
2013-12-23 09:00:00,82.37343675,83.71697167125001,1.942122994196371,82.6222981,-0.24886134999999854
2013-12-23 10:00:00,81.32311924,83.73429984333333,1.91766511297549,82.37343675,-1.0503175099999993
2013-12-23 11:00:00,80.15369446,83.66584337125,2.0166145158066335,81.32311924,-1.16942478
2013-12-23 12:00:00,80.29698997,83.6723860275,2.004898572999058,80.15369446,0.1432955100000015
2013-12-23 13:00:00,81.14245049,83.69665046375,1.968793106859638,80.29698997,0.8454605200000032
2013-12-23 14:00:00,79.87450895,83.6276312025,2.074227317710844,81.14245049,-1.2679415399999954
2013-12-23 15:00:00,78.72789303,83.49837398458332,2.27778355618213,79.87450895,-1.1466159200000021
2013-12-23 16:00:00,80.46954892,83.37162060625,2.3601663892944065,78.72789303,1.7416558899999899
2013-12-23 17:00:00,79.03221423,83.14834069791667,2.508367057244947,80.46954892,-1.4373346900000001
2013-12-23 18:00:00,79.87953093,82.92550092583333,2.5527775400083987,79.03221423,0.8473167000000075
2013-12-23 19:00:00,78.55827641,82.61147542458333,2.6088847131362884,79.87953093,-1.3212545199999965
2013-12-23 20:00:00,79.53990963,82.33379710833333,2.564140887968889,78.55827641,0.981633219999992
2013-12-23 21:00:00,78.25863964,82.00193990125,2.5542554420350587,79.53990963,-1.2812699899999984
2013-12-23 22:00:00,79.65429515,81.75214230875,2.473922302504705,78.25863964,1.3956555099999974
2013-12-23 23:00:00,80.24362459999998,81.50918042208333,2.311982112554369,79.65429515,0.5893294499999797
2013-12-24 00:00:00,80.69153985,81.31607102291666,2.168401348971385,80.24362459999998,0.4479152500000225
2013-12-24 01:00:00,80.39914328,81.09495239458333,1.962043116438984,80.69153985,-0.29239656999999397
2013-12-24 02:00:00,81.39129706,80.982632665,1.8576981252710454,80.39914328,0.9921537799999953
2013-12-24 03:00:00,81.17088406,80.81382462791667,1.6252213322149414,81.39129706,-0.22041299999999353
2013-12-24 04:00:00,79.61617311,80.64558317083333,1.5242895783679924,81.17088406,-1.5547109500000005
2013-12-24 05:00:00,81.12807513,80.51221130333333,1.3134401648249272,79.61617311,1.5119020199999937
2013-12-24 06:00:00,80.430862,80.40023719208334,1.1903997929503023,81.12807513,-0.6972131299999944
2013-12-24 07:00:00,80.02182976,80.29167644791666,1.093315191323009,80.430862,-0.40903224000000193
2013-12-24 08:00:00,79.86815899999998,80.17692065208333,0.9763350456985271,80.02182976,-0.15367076000002555
2013-12-24 09:00:00,80.57302099,80.10190332875,0.8627923053931299,79.86815899999998,0.7048619900000261
2013-12-24 10:00:00,78.64657966,79.99038084625,0.8710200734498952,80.57302099,-1.926441330000003
2013-12-24 11:00:00,77.52978652,79.88105134875,1.004133410447779,78.64657966,-1.1167931399999986
2013-12-24 12:00:00,77.83306033,79.77838761375,1.0826464333951764,77.52978652,0.3032738099999932
2013-12-24 13:00:00,77.05832672,79.60821579,1.1758788912623859,77.83306033,-0.7747336099999984
2013-12-24 14:00:00,77.19065966,79.49638873625,1.2730558148033524,77.05832672,0.13233293999999773
2013-12-24 15:00:00,78.12445799999998,79.47124561,1.2946691960615686,77.19065966,0.9337983399999814
2013-12-24 16:00:00,78.72794247,79.39867867458334,1.2850541951472016,78.12445799999998,0.6034844700000264
2013-12-24 17:00:00,78.00471004,79.355866,1.3145711931908097,78.72794247,-0.7232324299999959
2013-12-24 18:00:00,77.76657966,79.26782636374999,1.3482972088110652,78.00471004,-0.2381303800000012
2013-12-24 19:00:00,77.67753604,79.23112884833334,1.3800608768749127,77.76657966,-0.08904361999999821
2013-12-24 20:00:00,78.95358338,79.20669858791666,1.379546654617825,77.67753604,1.276047339999991
2013-12-24 21:00:00,78.36725003,79.21122402083334,1.3764761714922304,78.95358338,-0.5863333500000039
2013-12-24 22:00:00,78.6347335,79.16874228541667,1.3779396956677465,78.36725003,0.26748347000000194
2013-12-24 23:00:00,79.85459920000002,79.15253289375,1.3669902096375044,78.6347335,1.2198657000000281
2013-12-25 00:00:00,78.54898156,79.06325963166667,1.3316170293875547,79.85459920000002,-1.3056176400000226
2013-12-25 01:00:00,79.24333333,79.01510088375,1.30176918165223,78.54898156,0.6943517699999973
2013-12-25 02:00:00,80.04303671,78.95892336916667,1.2213761115034156,79.24333333,0.7997033799999969
2013-12-25 03:00:00,78.27609712,78.83830724666667,1.1331908497472412,80.04303671,-1.7669395899999927
2013-12-25 04:00:00,79.68598902,78.84121624291667,1.1353620479475481,78.27609712,1.409891899999991
2013-12-25 05:00:00,77.91620784,78.70738843916668,1.0393175095230818,79.68598902,-1.7697811799999954
2013-12-25 06:00:00,79.18453247,78.65545804208334,0.978835672416972,77.91620784,1.268324629999995
2013-12-25 07:00:00,77.94191184,78.56879479541666,0.9440584765405438,79.18453247,-1.2426206299999905
2013-12-25 08:00:00,77.08242193,78.4527224175,0.948597985974316,77.94191184,-0.8594899100000077
2013-12-25 09:00:00,77.14715291,78.30997791416667,0.8701848644591508,77.08242193,0.06473098000000732
2013-12-25 10:00:00,77.62220228,78.26729552333333,0.8780440410277162,77.14715291,0.4750493699999936
2013-12-25 11:00:00,78.39516049,78.30335277208333,0.8640988693643041,77.62220228,0.7729582099999988
2013-12-25 12:00:00,76.84592783,78.26222225125,0.9097455185430978,78.39516049,-1.5492326600000013
2013-12-25 13:00:00,78.29719758,78.31384187041667,0.8728652886049028,76.84592783,1.4512697500000087
2013-12-25 14:00:00,77.61888521,78.33168460166667,0.8530595434092907,78.29719758,-0.6783123700000004
2013-12-25 15:00:00,77.00744034,78.28514219916667,0.8943308103153889,77.61888521,-0.6114448699999997
2013-12-25 16:00:00,77.76062769,78.24483741666667,0.8953039498231394,77.00744034,0.7531873500000046
2013-12-25 17:00:00,77.05181008,78.20513325166667,0.9269845857461905,77.76062769,-0.7088176100000112
2013-12-25 18:00:00,77.0723302,78.17620619083334,0.9517658785827822,77.05181008,0.020520120000000475
2013-12-25 19:00:00,78.46417804,78.20898294083334,0.9473811251343575,77.0723302,1.391847839999997
2013-12-25 20:00:00,77.42081363,78.14511753458333,0.946666990706826,78.46417804,-1.0433644099999952
2013-12-25 21:00:00,77.808112,78.12182011666665,0.9478420894950491,77.42081363,0.38729836999999634
2013-12-25 22:00:00,77.61400932,78.0792899425,0.9467263160257094,77.808112,-0.1941026800000003
2013-12-25 23:00:00,78.09598691,78.00601443041667,0.868140920095841,77.61400932,0.4819775899999996
2013-12-26 00:00:00,77.77116624,77.97360545875,0.8614828290296621,78.09598691,-0.32482066999999404
2013-12-26 01:00:00,77.12786457,77.88546092708333,0.833695624500692,77.77116624,-0.6433016699999996
2013-12-26 02:00:00,77.0909157,77.762455885,0.7101486727056603,77.12786457,-0.03694887000000335
2013-12-26 03:00:00,78.23972837,77.76094052041667,0.7090429174990844,77.0909157,1.148812669999998
2013-12-26 04:00:00,77.93250468,77.68787867291667,0.5808005151565964,78.23972837,-0.3072236900000007
2013-12-26 05:00:00,77.65365613,77.67693901833333,0.5787819756300407,77.93250468,-0.2788485499999922
2013-12-26 06:00:00,76.34552706,77.55864712625,0.5464798694700427,77.65365613,-1.3081290700000068
2013-12-26 07:00:00,77.17220436,77.52657598124999,0.5455944691048822,76.34552706,0.8266773000000001
2013-12-26 08:00:00,76.85489779,77.51709580875,0.5555337532020049,77.17220436,-0.3173065699999995
2013-12-26 09:00:00,77.10917493,77.51551339291667,0.5566862307948784,76.85489779,0.25427713999999924
2013-12-26 10:00:00,76.08132018,77.45130997208334,0.6281196099480696,77.10917493,-1.0278547499999888
2013-12-26 11:00:00,75.97126016,77.350314125,0.6636256605959554,76.08132018,-0.11006002000000592
2013-12-26 12:00:00,75.31930024,77.28670464208334,0.7774730884509421,75.97126016,-0.6519599199999959
2013-12-26 13:00:00,76.16500538,77.19786330041666,0.7788053202165478,75.31930024,0.8457051399999926
2013-12-26 14:00:00,76.33505989,77.14437057875,0.7925978936249639,76.16500538,0.17005450999999994
2013-12-26 15:00:00,74.71455759,77.0488337975,0.93518306310225,76.33505989,-1.6205022999999983
2013-12-26 16:00:00,75.16889103,76.94084477,0.9970108467647648,74.71455759,0.4543334399999992
2013-12-26 17:00:00,76.88840520000002,76.93403623333333,0.9967780381198003,75.16889103,1.719514170000025
2013-12-26 18:00:00,75.877899,76.88426826666667,1.019140403768791,76.88840520000002,-1.0105062000000231
2013-12-26 19:00:00,76.41369568,76.79883150166667,0.9654695146963078,75.877899,0.5357966800000042
2013-12-26 20:00:00,76.51985988,76.76129176208333,0.9577183859515063,76.41369568,0.10616419999999493
2013-12-26 21:00:00,76.32626701,76.69954822083334,0.934788588591649,76.51985988,-0.19359287000000336
2013-12-26 22:00:00,76.75690732,76.6638356375,0.9144854780760296,76.32626701,0.43064031000000114
2013-12-26 23:00:00,77.20223204,76.62659585125,0.8707831317807014,76.75690732,0.4453247200000021
2013-12-27 00:00:00,76.54350997,76.57544350666667,0.8359872953050715,77.20223204,-0.658722069999996
2013-12-27 01:00:00,77.01021977,76.57054164,0.8329466844669821,76.54350997,0.46670980000000384
2013-12-27 02:00:00,77.28761998,76.57873765166666,0.8392337113878743,77.01021977,0.27740020999999615
2013-12-27 03:00:00,77.13929934,76.53288644208332,0.7719001780343705,77.28761998,-0.14832064000000855
2013-12-27 04:00:00,75.83918057,76.44566460416667,0.7236321549433389,77.13929934,-1.3001187699999974
2013-12-27 05:00:00,77.4130038,76.43563742375001,0.7076565406584069,75.83918057,1.5738232300000021
2013-12-27 06:00:00,75.63631529,76.40608693333333,0.726149085470356,77.4130038,-1.7766885099999996
2013-12-27 07:00:00,76.80939855,76.39097002458334,0.7131670703689694,75.63631529,1.1730832599999985
2013-12-27 08:00:00,77.20317007,76.40548136958334,0.7264372039346947,76.80939855,0.3937715200000014
2013-12-27 09:00:00,75.9880975,76.35876981,0.7151774073441922,77.20317007,-1.2150725700000038
2013-12-27 10:00:00,75.60517409,76.33893038958333,0.7296661655076828,75.9880975,-0.3829234099999894
2013-12-27 11:00:00,76.4823878,76.36022737458335,0.7259178763646704,75.60517409,0.8772137099999924
2013-12-27 12:00:00,76.08486147,76.39212575916666,0.6943211407571087,76.4823878,-0.39752632999999093
2013-12-27 13:00:00,75.05631746,76.34593042916667,0.7451135428711531,76.08486147,-1.0285440100000045
2013-12-27 14:00:00,75.71939344,76.32027766041666,0.7560222935467625,75.05631746,0.6630759800000021
2013-12-27 15:00:00,75.49636047,76.35285278041667,0.6984809157178217,75.71939344,-0.22303297000000555
2013-12-27 16:00:00,75.55847428,76.36908541583333,0.6738625319080462,75.49636047,0.0621138099999996
2013-12-27 17:00:00,75.78702171,76.32319443708333,0.6744610707496401,75.55847428,0.2285474300000061
2013-12-27 18:00:00,75.42590876,76.30436151041667,0.6934779764526853,75.78702171,-0.3611129500000061
2013-12-27 19:00:00,76.5985245,76.31206271125,0.6957674426538398,75.42590876,1.1726157399999977
2013-12-27 20:00:00,75.35253788,76.26342429458333,0.7209551403923365,76.5985245,-1.2459866199999965
2013-12-27 21:00:00,75.52461588,76.23002216416667,0.7363236246061534,75.35253788,0.17207799999999907
2013-12-27 22:00:00,75.27324876,76.1682030575,0.752273538832317,75.52461588,-0.2513671199999976
2013-12-27 23:00:00,76.24473974,76.128307545,0.7197372182691771,75.27324876,0.9714909799999987
2013-12-28 00:00:00,76.39365772,76.12206370125,0.7166219142899818,76.24473974,0.14891797999999312
2013-12-28 01:00:00,76.14188495,76.08588308374999,0.6913042196487184,76.39365772,-0.2517727699999881
2013-12-28 02:00:00,76.01404616,76.03281750791668,0.6421817805113078,76.14188495,-0.12783878999999843
2013-12-28 03:00:00,76.24766604,75.99566612041667,0.5997779855495495,76.01404616,0.233619879999992
2013-12-28 04:00:00,74.60550738,75.94426307083334,0.6632762086714284,76.24766604,-1.6421586599999927
2013-12-28 05:00:00,75.27305911,75.85509870874999,0.5978592676886317,74.60550738,0.6675517299999996
2013-12-28 06:00:00,75.76095709,75.86029211708333,0.5964157557553957,75.27305911,0.4878979799999996
2013-12-28 07:00:00,75.18391571,75.79256366541667,0.5758910269236324,75.76095709,-0.5770413800000114
2013-12-28 08:00:00,74.39944531,75.67574180041667,0.5614961725307565,75.18391571,-0.7844703999999894
2013-12-28 09:00:00,74.93700505,75.63194628166667,0.5768552548040407,74.39944531,0.5375597399999918
2013-12-28 10:00:00,74.62630625,75.59116012166666,0.6123439115253048,74.93700505,-0.3106987999999973
2013-12-28 11:00:00,74.52466577,75.50958837041667,0.6188216407590668,74.62630625,-0.10164048000000037
2013-12-28 12:00:00,75.20171861,75.47279075125,0.6093108090397958,74.52466577,0.6770528400000018
2013-12-28 13:00:00,75.59031954,75.49504083791666,0.6031602875720907,75.20171861,0.3886009299999955
2013-12-28 14:00:00,74.99300208,75.46477453125,0.609603480829965,75.59031954,-0.5973174599999993
2013-12-28 15:00:00,75.12205049,75.44917828208334,0.613535780946253,74.99300208,0.12904841000001
2013-12-28 16:00:00,74.8451182,75.41945511208334,0.6251796721604215,75.12205049,-0.27693229000000485
2013-12-28 17:00:00,75.5004353,75.40751401166666,0.6205737789207378,74.8451182,0.6553171000000049
2013-12-28 18:00:00,75.78745907,75.42257860791666,0.6254092579393138,75.5004353,0.28702376999999046
2013-12-28 19:00:00,76.80171084,75.43104470541667,0.6431438339083995,75.78745907,1.0142517700000013
2013-12-28 20:00:00,76.89224059,75.495198985,0.7084500340923353,76.80171084,0.09052975000000174
2013-12-28 21:00:00,76.57189936,75.53883579666666,0.7418089406063353,76.89224059,-0.3203412299999968
2013-12-28 22:00:00,76.05772001,75.57152209875001,0.7468634264566891,76.57189936,-0.5141793500000063
2013-12-28 23:00:00,76.30518585,75.57404068666666,0.7493302156353326,76.05772001,0.24746584000000382
2013-12-29 00:00:00,75.67921558,75.54427226416666,0.7292767298124406,76.30518585,-0.6259702699999963
2013-12-29 01:00:00,75.65697105,75.52406751833334,0.7186396312482751,75.67921558,-0.022244530000008922
2013-12-29 02:00:00,76.36312409,75.53861243208333,0.7323887867376703,75.65697105,0.7061530400000038
2013-12-29 03:00:00,76.36912771,75.54367333500001,0.7379003881705635,76.36312409,0.00600362000000132
2013-12-29 04:00:00,75.98000468,75.60094405583332,0.714901690966828,76.36912771,-0.3891230300000075
2013-12-29 05:00:00,74.95772326,75.58780506208333,0.7240292780806079,75.98000468,-1.0222814199999988
2013-12-29 06:00:00,75.4259806,75.57384770833333,0.7237749242776077,74.95772326,0.46825734000000807
2013-12-29 07:00:00,75.84298448,75.60130890708334,0.7208341201979711,75.4259806,0.4170038799999958
2013-12-29 08:00:00,74.33460196,75.59860710083333,0.7256402645994537,75.84298448,-1.5083825199999978
2013-12-29 09:00:00,75.25125208,75.61170072708333,0.7159536315036017,74.33460196,0.9166501199999999
2013-12-29 10:00:00,75.28419137,75.63911260708333,0.6886592863705516,75.25125208,0.03293929000000162
2013-12-29 11:00:00,73.97549299,75.61623040791667,0.7348723429197287,75.28419137,-1.3086983799999956
2013-12-29 12:00:00,73.77993441,75.55698939958333,0.821895855050825,73.97549299,-0.1955585800000108
2013-12-29 13:00:00,74.11605842,75.49556185291667,0.8728116801354182,73.77993441,0.336124010000006
2013-12-29 14:00:00,75.41199782,75.51302000875,0.8664898452923511,74.11605842,1.2959393999999946
2013-12-29 15:00:00,75.88781183,75.54492673125,0.8655655554001097,75.41199782,0.47581401000000767
2013-12-29 16:00:00,75.34116597,75.56559538833334,0.853973312691332,75.88781183,-0.5466458599999982
2013-12-29 17:00:00,74.87521094,75.53954437333333,0.8655060533371641,75.34116597,-0.4659550300000035
2013-12-29 18:00:00,76.97509822,75.58902933791667,0.9129479155803116,74.87521094,2.0998872800000044
2013-12-29 19:00:00,76.83889695,75.59057875916666,0.9151244777820927,76.97509822,-0.13620127000000082
2013-12-29 20:00:00,76.92440774,75.59191905708333,0.9171351363354782,76.83889695,0.08551079000000072
2013-12-29 21:00:00,77.32019076,75.62309786541667,0.9634489357598254,76.92440774,0.3957830199999961
2013-12-29 22:00:00,77.67837913,75.69062532875,1.048295184541747,77.32019076,0.3581883699999935
2013-12-29 23:00:00,76.02861347,75.67910147958334,1.042751136082362,77.67837913,-1.64976566
2013-12-30 00:00:00,75.57417604,75.67472483208333,1.042971049771986,76.02861347,-0.4544374299999987
2013-12-30 01:00:00,75.79405442,75.68043663916667,1.04324492528897,75.57417604,0.21987837999999726
2013-12-30 02:00:00,76.64253253,75.6920786575,1.0527106393517283,75.79405442,0.8484781100000021
2013-12-30 03:00:00,76.35495023,75.69148792916666,1.0523180995720167,76.64253253,-0.28758229999999685
2013-12-30 04:00:00,76.05391238,75.69456741666667,1.0533067964440437,76.35495023,-0.30103785000000016
2013-12-30 05:00:00,75.76492651,75.72820088541667,1.0415776457004617,76.05391238,-0.28898587000000475
2013-12-30 06:00:00,75.53227413,75.7326297825,1.0404620889400193,75.76492651,-0.23265237999999044
2013-12-30 07:00:00,75.96286731,75.73762490041666,1.0413023529702106,75.53227413,0.43059317999998825
2013-12-30 08:00:00,76.43916795,75.82531515,1.00603143997646,75.96286731,0.47630064000000516
2013-12-30 09:00:00,75.79904062,75.84813967250001,0.9986277948268723,76.43916795,-0.6401273299999986
2013-12-30 10:00:00,75.53723344,75.85868309208333,0.9937386354530151,75.79904062,-0.26180718000000525
2013-12-30 11:00:00,74.76067835,75.89139914875,0.9405456377281581,75.53723344,-0.776555089999988
2013-12-30 12:00:00,74.8480328,75.93590324833333,0.8579347157828388,74.76067835,0.08735444999999231
2013-12-30 13:00:00,76.23999342,76.02440054,0.7667511528367903,74.8480328,1.391960620000006
2013-12-30 14:00:00,75.11179225,76.01189197458332,0.7795185319258207,76.23999342,-1.1282011700000112
2013-12-30 15:00:00,74.94556814,75.97263182083334,0.8092021906454566,75.11179225,-0.1662241099999875
2013-12-30 16:00:00,75.55307362,75.98146130625,0.8031459120926701,74.94556814,0.6075054800000004
2013-12-30 17:00:00,76.83833799,76.06325826666667,0.7853514068979452,75.55307362,1.285264369999993
2013-12-30 18:00:00,75.59523206,76.00576384333333,0.7659642676353806,76.83833799,-1.2431059299999987
2013-12-30 19:00:00,76.31503423,75.98393623,0.7484543984110547,75.59523206,0.7198021699999941
2013-12-30 20:00:00,77.53459374,76.00936064666666,0.7909479760446309,76.31503423,1.2195595100000105
2013-12-30 21:00:00,76.0050383,75.95456262750001,0.7401070858345632,77.53459374,-1.52955544000001
2013-12-30 22:00:00,77.68454433,75.95481951083333,0.7407322240604227,76.0050383,1.6795060299999989
2013-12-30 23:00:00,77.72108111,76.02533899583334,0.8239517656957939,77.68454433,0.03653678000000582
2013-12-31 00:00:00,77.51558001,76.10623082791666,0.8716512646317558,77.72108111,-0.20550110000000643
2013-12-31 01:00:00,78.44437589,76.21666088916666,0.9902050596479695,77.51558001,0.9287958800000098
2013-12-31 02:00:00,77.97499028,76.27217996208334,1.0506316559001405,78.44437589,-0.46938561000000334
2013-12-31 03:00:00,76.46430922,76.27673658666667,1.051243209839255,77.97499028,-1.510681059999996
2013-12-31 04:00:00,77.99078395,76.35743956875,1.1062977625832513,76.46430922,1.5264747299999897
2013-12-31 05:00:00,76.65166801,76.39438713125,1.1004409140506577,77.99078395,-1.3391159399999992
2013-12-31 06:00:00,76.38382148,76.42986827083334,1.0850560726436105,76.65166801,-0.2678465299999999
2013-12-31 07:00:00,77.98764166,76.51423386875,1.1251419310247137,76.38382148,1.6038201799999996
2013-12-31 08:00:00,76.02353562,76.496915855,1.1295376573704663,77.98764166,-1.9641060399999901
2013-12-31 09:00:00,76.85941302,76.54109803833333,1.1217648581363349,76.02353562,0.8358774000000011
2013-12-31 10:00:00,77.02694156,76.60316920999999,1.1048908857626272,76.85941302,0.16752853999999218
2013-12-31 11:00:00,77.4351667,76.71460622458333,1.0441855418598742,77.02694156,0.408225139999999
2013-12-31 12:00:00,75.742419,76.75187231624999,0.989184130796235,77.4351667,-1.6927476999999982
2013-12-31 13:00:00,76.75512501,76.77333613249999,0.9831646885803013,75.742419,1.0127060100000023
2013-12-31 14:00:00,76.1618611,76.81708900125001,0.9278147451278455,76.75512501,-0.5932639100000046
2013-12-31 15:00:00,76.68101761,76.88939939583334,0.8389890055462141,76.1618611,0.519156510000002
2013-12-31 16:00:00,76.57323145,76.93190597208333,0.7929195051272591,76.68101761,-0.1077861600000034
2013-12-31 17:00:00,77.42705796,76.95643597083333,0.798982235227158,76.57323145,0.8538265100000046
2013-12-31 18:00:00,78.04219444,77.05839273666666,0.7734474231566533,77.42705796,0.6151364800000039
2013-12-31 19:00:00,77.03500259,77.08839141833333,0.7571527961584281,78.04219444,-1.0071918499999981
2013-12-31 20:00:00,77.59435294,77.090881385,0.7587804848379949,77.03500259,0.5593503499999883
2013-12-31 21:00:00,76.86767814,77.12682471166666,0.7247775758871646,77.59435294,-0.7266747999999978
2013-12-31 22:00:00,77.59032761,77.122899015,0.7218747389694236,76.86767814,0.7226494700000075
2013-12-31 23:00:00,77.68816859,77.12152766,0.7207192944016058,77.59032761,0.09784098000000085
2014-01-01 00:00:00,77.17536982,77.10735223541667,0.7159619260640004,77.68816859,-0.5127987700000034
2014-01-01 01:00:00,76.88160145,77.04223663375001,0.6577763660029143,77.17536982,-0.2937683699999951
2014-01-01 02:00:00,77.64735761,77.0285852725,0.6407561292799366,76.88160145,0.7657561599999951
2014-01-01 03:00:00,76.6094964,77.03463473833334,0.6358637846531582,77.64735761,-1.0378612100000026
2014-01-01 04:00:00,76.88619653,76.98861026249999,0.602761681951742,76.6094964,0.2767001300000089
2014-01-01 05:00:00,76.25204932,76.97195948375,0.6178059290881488,76.88619653,-0.634147210000009
2014-01-01 06:00:00,75.93757409,76.95336584249999,0.6424980218493871,76.25204932,-0.31447522999999933
2014-01-01 07:00:00,77.0866129,76.9158229775,0.6046445738727979,75.93757409,1.1490388100000075
2014-01-01 08:00:00,76.89226412,76.95201999833334,0.574139026649898,77.0866129,-0.19434878000001277
2014-01-01 09:00:00,77.15228638,76.964223055,0.5751965987230488,76.89226412,0.2600222600000137
2014-01-01 10:00:00,76.16837159999999,76.92844930666668,0.597396801605658,77.15228638,-0.9839147800000205
2014-01-01 11:00:00,76.0309472,76.86994016083334,0.6141411613095296,76.16837159999999,-0.13742439999998624
2014-01-01 12:00:00,76.36542467,76.89589873041668,0.5764190427210982,76.0309472,0.33447746999999595
2014-01-01 13:00:00,76.21666009999998,76.8734626925,0.5923946192184875,76.36542467,-0.14876457000001153
2014-01-01 14:00:00,77.344746,76.92274956333333,0.5796870327438023,76.21666009999998,1.1280859000000163
2014-01-01 15:00:00,77.17413937,76.94329630333333,0.5794856317182928,77.344746,-0.17060662999999465
2014-01-01 16:00:00,77.7444573,76.99209738041667,0.596046270577046,77.17413937,0.5703179299999874
2014-01-01 17:00:00,77.80851622,77.00799147458333,0.6129941728112503,77.7444573,0.0640589200000079
2014-01-01 18:00:00,76.95110006,76.96252920875,0.5720512261318628,77.80851622,-0.8574161599999996
2014-01-01 19:00:00,77.37914862,76.97686862666667,0.5782268402260063,76.95110006,0.42804855999999347
2014-01-01 20:00:00,77.64861189,76.97912941624999,0.5808462296691641,77.37914862,0.2694632700000028
2014-01-01 21:00:00,77.57337175,77.00853331666667,0.5927000230188394,77.64861189,-0.07524013999999113
2014-01-01 22:00:00,77.64969323,77.01100688416666,0.5953515909484799,77.57337175,0.07632147999999006
2014-01-01 23:00:00,77.28681311,76.99428373916666,0.5809665881250055,77.64969323,-0.3628801199999998
2014-01-02 00:00:00,77.62789588,77.01313899166666,0.5942898481498301,77.28681311,0.34108276999999987
2014-01-02 01:00:00,76.37452465,76.99201079166667,0.6080246804054554,77.62789588,-1.253371229999999
2014-01-02 02:00:00,76.89324349,76.96058937,0.5919585203380621,76.37452465,0.5187188400000053
2014-01-02 03:00:00,75.84159632,76.92859353333334,0.6312118101146118,76.89324349,-1.0516471700000096
2014-01-02 04:00:00,76.54495496,76.91437513458332,0.6360332631646467,75.84159632,0.7033586400000047
2014-01-02 05:00:00,75.54568718,76.88494337875001,0.6826490258358463,76.54495496,-0.9992677799999967
2014-01-02 06:00:00,75.61285500000002,76.87141341666667,0.7050911061707485,75.54568718,0.06716782000002297
2014-01-02 07:00:00,75.77509947,76.81676702374999,0.7377537511239772,75.61285500000002,0.1622444699999761
2014-01-02 08:00:00,76.86025712,76.81543339875,0.7376402631375257,75.77509947,1.0851576499999993
2014-01-02 09:00:00,76.75063266,76.79869782708333,0.7342138632159712,76.86025712,-0.10962446000000625
2014-01-02 10:00:00,76.65430247,76.81894494666666,0.7226855138918529,76.75063266,-0.0963301899999891
2014-01-02 11:00:00,76.07822982,76.82091505583334,0.720505118527153,76.65430247,-0.5760726500000004
2014-01-02 12:00:00,75.64525857,76.790908135,0.7544944206407294,76.07822982,-0.43297125000000847
2014-01-02 13:00:00,75.6153839,76.76585496,0.783804951652451,75.64525857,-0.029874669999998105
2014-01-02 14:00:00,75.63346999,76.69455179291667,0.8063664108403447,75.6153839,0.018086089999997057
2014-01-02 15:00:00,75.45555433,76.62294408291666,0.837627671413161,75.63346999,-0.17791565999999648
2014-01-02 16:00:00,75.36337466,76.52373230625,0.8400247010353965,75.45555433,-0.09217966999999305
2014-01-02 17:00:00,76.62929369,76.47459803416666,0.7948827565205,75.36337466,1.265919029999992
2014-01-02 18:00:00,76.02807317,76.43613858041667,0.7931532799343217,76.62929369,-0.6012205199999983
2014-01-02 19:00:00,76.95841456,76.41860799458334,0.7758655036786493,76.02807317,0.9303413899999953
2014-01-02 20:00:00,77.16409297,76.39841970625001,0.7482822094213059,76.95841456,0.20567841000000442
2014-01-02 21:00:00,77.50435808,76.39554413666666,0.7436891888577047,77.16409297,0.34026511000000426
2014-01-02 22:00:00,76.45265121,76.34566738583332,0.6944300047456897,77.50435808,-1.0517068700000038
2014-01-02 23:00:00,76.48343837,76.31219343833334,0.6658663258716824,76.45265121,0.0307871600000027
2014-01-03 00:00:00,75.53864608,76.22514136333334,0.6214681859246833,76.48343837,-0.9447922899999952
2014-01-03 01:00:00,75.63032548,76.19413306458334,0.6321645513360947,75.53864608,0.09167939999998964
2014-01-03 02:00:00,75.41759869,76.13264786458333,0.6329728475371387,75.63032548,-0.21272678999999073
2014-01-03 03:00:00,75.98132744,76.13846999458333,0.6308182997569372,75.41759869,0.5637287499999957
2014-01-03 04:00:00,73.93952186,76.02991028208334,0.7672573269173637,75.98132744,-2.041805580000002
2014-01-03 05:00:00,74.72379503,75.99566477583333,0.8071163500433106,73.93952186,0.7842731700000058
2014-01-03 06:00:00,74.41912965,75.94592621958334,0.8663414318573547,74.72379503,-0.304665380000003
2014-01-03 07:00:00,73.57769606,75.85436774416667,0.9921591160302125,74.41912965,-0.8414335900000083
2014-01-03 08:00:00,73.39289962,75.70989451499999,1.0872143286994485,73.57769606,-0.1847964399999995
2014-01-03 09:00:00,73.40029958,75.57029730333333,1.1604009921869125,73.39289962,0.00739996000000076
2014-01-03 10:00:00,73.15702733,75.42457750583333,1.2355140310114474,73.40029958,-0.24327224999998975
2014-01-03 11:00:00,73.14839463,75.30250103958333,1.3105834477144713,73.15702733,-0.008632700000006821
2014-01-03 12:00:00,73.56870109,75.21597781125,1.3547721687533745,73.14839463,0.42030646000000615
2014-01-03 13:00:00,74.24132001,75.15872514916667,1.366145629491205,73.56870109,0.6726189199999908
2014-01-03 14:00:00,73.74719451,75.0801303375,1.391666562353868,74.24132001,-0.49412549999999555
2014-01-03 15:00:00,75.18506859,75.06886009833333,1.3895877446443108,73.74719451,1.4378740800000003
2014-01-03 16:00:00,75.62687166,75.07983914,1.3930524730728093,75.18506859,0.44180307000000596
2014-01-03 17:00:00,75.05191762,75.01411513708334,1.3534173843215314,75.62687166,-0.5749540400000086
2014-01-03 18:00:00,75.03447509,74.97271521708333,1.3361390992148932,75.05191762,-0.017442529999996736
2014-01-03 19:00:00,76.67924387,74.961083105,1.319208388199026,75.03447509,1.6447687799999926
2014-01-03 20:00:00,75.85058042,74.90635341541666,1.249229547228085,76.67924387,-0.8286634499999934
2014-01-03 21:00:00,76.26521877,74.85472261083333,1.159574915994435,75.85058042,0.41463835000000415
2014-01-03 22:00:00,76.40487485,74.85273192916667,1.156749995959731,76.26521877,0.13965607999999463
2014-01-03 23:00:00,76.20869095,74.84128412,1.1411645241382002,76.40487485,-0.19618389999999408
2014-01-04 00:00:00,75.78848542,74.8516940925,1.148915833283404,76.20869095,-0.42020553000000405
2014-01-04 01:00:00,75.78491462,74.85813530666665,1.1538934580627924,75.78848542,-0.0035708000000056472
2014-01-04 02:00:00,74.35316083,74.81378372916667,1.1519096249920524,75.78491462,-1.431753790000002
2014-01-04 03:00:00,73.2440553,74.69973072333333,1.1666991330935945,74.35316083,-1.1091055299999937
2014-01-04 04:00:00,74.52607513,74.72417044291667,1.156178139886398,73.2440553,1.2820198299999959
2014-01-04 05:00:00,72.70071992,74.63987564666667,1.2277412747919347,74.52607513,-1.825355209999998
2014-01-04 06:00:00,72.55197957,74.56207772666666,1.2994035338904597,72.70071992,-0.14874034999999708
2014-01-04 07:00:00,72.76263888,74.52811701083334,1.3363745973365369,72.55197957,0.21065930999999694
2014-01-04 08:00:00,74.03023695,74.55467273291666,1.319055550777726,72.76263888,1.2675980700000054
2014-01-04 09:00:00,72.1040175,74.50066097958333,1.3928543228136394,74.03023695,-1.926219450000005
2014-01-04 10:00:00,72.46775852,74.47194144583334,1.428415636935924,72.1040175,0.3637410200000062
2014-01-04 11:00:00,72.42871912,74.44195496625001,1.464506729488366,72.46775852,-0.03903940000000716
2014-01-04 12:00:00,72.52468151,74.39845415041667,1.5064771541387179,72.42871912,0.09596238999999684
2014-01-04 13:00:00,73.11919307,74.35169886125,1.5288137056424747,72.52468151,0.5945115600000008
2014-01-04 14:00:00,72.88771617,74.31588726375,1.5534573151258397,73.11919307,-0.23147689999998988
2014-01-04 15:00:00,73.79287601,74.25787923958333,1.545562902113177,72.88771617,0.905159839999996
2014-01-04 16:00:00,72.8959554,74.14409106208333,1.5409135920033021,73.79287601,-0.8969206099999951
2014-01-04 17:00:00,73.45337227,74.07748500583334,1.5345018826889976,72.8959554,0.5574168699999973
2014-01-04 18:00:00,74.06806234,74.03721780791666,1.5209172386284358,73.45337227,0.6146900699999946
2014-01-04 19:00:00,75.77846693,73.99968543541667,1.4628915852158255,74.06806234,1.710404589999996
2014-01-04 20:00:00,75.23072963,73.97385831916667,1.433979561112631,75.77846693,-0.5477372999999943
2014-01-04 21:00:00,75.61607375,73.94681061,1.3944582974848154,75.23072963,0.3853441199999992
2014-01-04 22:00:00,74.98886104,73.88781003458332,1.3135425773848655,75.61607375,-0.6272127099999949
2014-01-04 23:00:00,75.7975775,73.8706803075,1.2843158497998917,74.98886104,0.8087164599999994
2014-01-05 00:00:00,74.59213146,73.82083222583333,1.228654708155969,75.7975775,-1.2054460399999982
2014-01-05 01:00:00,74.133984,73.75204345,1.1581000914044095,74.59213146,-0.4581474600000064
2014-01-05 02:00:00,75.68401665,73.80749577583333,1.2184252700454616,74.133984,1.5500326500000057
2014-01-05 03:00:00,74.63891988,73.86561513333334,1.2236370488399526,75.68401665,-1.0450967700000007
2014-01-05 04:00:00,74.84522321,73.87891297,1.2328263043738432,74.63891988,0.20630332999999723
2014-01-05 05:00:00,74.99541401,73.97452522375,1.2264446824766502,74.84522321,0.1501908000000043
2014-01-05 06:00:00,73.95833504,74.03312336833334,1.188533020245347,74.99541401,-1.0370789700000103
2014-01-05 07:00:00,73.91074857,74.08096127208333,1.1578835381144499,73.95833504,-0.047586469999998826
2014-01-05 08:00:00,73.56416169,74.06154146958333,1.1626698357833178,73.91074857,-0.3465868799999896
2014-01-05 09:00:00,73.94257293,74.13814794583334,1.0861346411645163,73.56416169,0.37841123999999127
2014-01-05 10:00:00,73.32290889,74.17377921125001,1.0420877528220607,73.94257293,-0.6196640400000035
2014-01-05 11:00:00,73.93627585,74.236594075,0.9756437005409654,73.32290889,0.6133669600000076
2014-01-05 12:00:00,74.19905101,74.30635947083333,0.9052313252257024,73.93627585,0.2627751600000039
2014-01-05 13:00:00,72.79990441,74.29305577666666,0.9255550947420103,74.19905101,-1.3991466000000088
2014-01-05 14:00:00,74.06666139,74.34217849416666,0.8777779104951606,72.79990441,1.2667569799999967
2014-01-05 15:00:00,74.44944008,74.36953533041667,0.8701117793373747,74.06666139,0.3827786900000092
2014-01-05 16:00:00,74.62982839,74.44178003833333,0.8125168951894636,74.44944008,0.1803883099999979
2014-01-05 17:00:00,73.89403209,74.46014086416666,0.7939776646312695,74.62982839,-0.7357963000000041
2014-01-05 18:00:00,75.44283941,74.51742324208334,0.8138056759197574,73.89403209,1.5488073200000088
2014-01-05 19:00:00,74.9532114,74.483037595,0.7747015073983023,75.44283941,-0.4896280100000041
2014-01-05 20:00:00,75.48287312,74.49354357375,0.7868957853683632,74.9532114,0.5296617199999929
2014-01-05 21:00:00,74.85663000000002,74.46190008416666,0.754391225271834,75.48287312,-0.6262431199999696
2014-01-05 22:00:00,75.91564308,74.5005160025,0.8045882848587976,74.85663000000002,1.0590130799999713
2014-01-05 23:00:00,74.31605939,74.43878608125,0.7561209589331497,75.91564308,-1.5995836899999887
2014-01-06 00:00:00,75.58963791,74.48034885,0.791504368441321,74.31605939,1.2735785199999867
2014-01-06 01:00:00,73.80836459,74.46678137458333,0.8004400204032024,75.58963791,-1.7812733199999968
2014-01-06 02:00:00,74.64795190000002,74.42361201,0.7587928625723525,73.80836459,0.8395873100000273
2014-01-06 03:00:00,75.13418494,74.44424805416666,0.7715306099763114,74.64795190000002,0.48623303999997347
2014-01-06 04:00:00,73.66916292,74.39524554208334,0.7822296468662289,75.13418494,-1.4650220199999922
2014-01-06 05:00:00,73.35199946,74.32676993583333,0.7991555450791694,73.66916292,-0.3171634600000033
2014-01-06 06:00:00,73.97781018,74.3275814,0.7987749668317736,73.35199946,0.625810720000004
2014-01-06 07:00:00,74.35526471,74.34610290583333,0.7938277368947759,73.97781018,0.3774545299999943
2014-01-06 08:00:00,73.95431726,74.36235938791667,0.7810098901307989,74.35526471,-0.40094745000000387
2014-01-06 09:00:00,73.80845391,74.35677109541666,0.7846156474459354,73.95431726,-0.14586334999999906
2014-01-06 10:00:00,73.97871909,74.38409652041666,0.7580131751053959,73.80845391,0.17026518000000124
2014-01-06 11:00:00,72.86942158,74.33964425916666,0.8145872289244135,73.97871909,-1.1092975100000046
2014-01-06 12:00:00,74.94885797,74.37088621583334,0.8232927942987827,72.86942158,2.079436390000012
2014-01-06 13:00:00,75.39944679999998,74.47920048208334,0.7773432763279527,74.94885797,0.4505888299999725
2014-01-06 14:00:00,74.74238142,74.50735548333334,0.7739815158476743,75.39944679999998,-0.6570653799999775
2014-01-06 15:00:00,74.66350681,74.51627493041666,0.7745183519903036,74.74238142,-0.07887460999999973
2014-01-06 16:00:00,74.41156835,74.50718076208334,0.7744084353868141,74.66350681,-0.2519384600000052
2014-01-06 17:00:00,75.13358423,74.55882876791667,0.773071327626061,74.41156835,0.7220158800000007
2014-01-06 18:00:00,75.11834143,74.54530801874999,0.7596594068816017,75.13358423,-0.015242799999995782
2014-01-06 19:00:00,75.43622284,74.56543349541667,0.7771329343920844,75.11834143,0.31788140999999825
2014-01-06 20:00:00,76.21395639,74.59589529833333,0.8273630427109733,75.43622284,0.7777335500000078
2014-01-06 21:00:00,74.73751944,74.59093235833333,0.8260872829054898,76.21395639,-1.4764369500000072
2014-01-06 22:00:00,74.54551289,74.53384360041666,0.776408957057278,74.73751944,-0.1920065500000021
2014-01-06 23:00:00,75.71630602,74.59218721,0.8111650758521424,74.54551289,1.170793130000007
2014-01-07 00:00:00,73.71800848,74.51420265041666,0.8010065489267868,75.71630602,-1.99829754000001
2014-01-07 01:00:00,73.64882122,74.50755500999999,0.80775268945404,73.71800848,-0.06918725999999253
2014-01-07 02:00:00,74.84681716,74.5158410625,0.8102715883949461,73.64882122,1.1979959399999984
2014-01-07 03:00:00,73.4509252,74.44570524,0.8270970953226737,74.84681716,-1.3958919600000002
2014-01-07 04:00:00,74.87858197,74.49609770041666,0.8144744799193637,73.4509252,1.4276567699999987
2014-01-07 05:00:00,74.74808979,74.55426813083334,0.7782591403172732,74.87858197,-0.1304921800000045
2014-01-07 06:00:00,74.36531581,74.57041419875,0.769752929770018,74.74808979,-0.3827739799999961
2014-01-07 07:00:00,74.17844994,74.56304691666666,0.7727419899518755,74.36531581,-0.18686587000000543
2014-01-07 08:00:00,74.32707278,74.57857839666667,0.7636678302248158,74.17844994,0.1486228400000016
2014-01-07 09:00:00,73.04205499,74.54664510833334,0.8117794619055025,74.32707278,-1.2850177899999977
2014-01-07 10:00:00,73.88036889,74.54254718333333,0.8150128455861446,73.04205499,0.8383139000000028
2014-01-07 11:00:00,74.06747359999999,74.5924660175,0.7414497212354284,73.88036889,0.18710470999998563
2014-01-07 12:00:00,73.85181753,74.54675599916666,0.7522602483694076,74.06747359999999,-0.2156560699999801
2014-01-07 13:00:00,73.52105745,74.46848977625,0.757385593074068,73.85181753,-0.33076008000000456
2014-01-07 14:00:00,75.89900009,74.51668222083333,0.8105060251306997,73.52105745,2.3779426400000006
2014-01-07 15:00:00,75.83602568,74.56553717375,0.8539164691573392,75.89900009,-0.06297440999999537
2014-01-07 16:00:00,75.7488075,74.62125547166666,0.8864413541946593,75.83602568,-0.0872181800000078
2014-01-07 17:00:00,77.03472136,74.70046951875,1.0104807375746072,75.7488075,1.285913860000008
2014-01-07 18:00:00,75.75358374,74.72693794833333,1.030032906727428,77.03472136,-1.2811376200000097
2014-01-07 19:00:00,76.37330245,74.76598293208333,1.074873135129017,75.75358374,0.6197187100000008
2014-01-07 20:00:00,76.41021209,74.77416025291667,1.0870454461400094,76.37330245,0.03690964000000463
2014-01-07 21:00:00,76.86214074,74.86268614041667,1.1674683763426208,76.41021209,0.45192864999999927
2014-01-07 22:00:00,76.37969889,74.93911055708334,1.2052267988079595,76.86214074,-0.4824418500000007
2014-01-07 23:00:00,75.8606675,74.94512561875,1.2096264912063353,76.37969889,-0.519031389999995
2014-01-08 00:00:00,75.98763517,75.0396933975,1.1981850377317265,75.8606675,0.1269676699999991
2014-01-08 01:00:00,75.23598479,75.10582521291667,1.1613135878634597,75.98763517,-0.751650380000001
2014-01-08 02:00:00,75.71067527,75.14181930083333,1.1663133550621236,75.23598479,0.4746904799999925
2014-01-08 03:00:00,75.16753331,75.21334463875,1.1093545860663947,75.71067527,-0.5431419599999998
2014-01-08 04:00:00,74.70772724,75.20622569166666,1.1121409308012289,75.16753331,-0.45980606999999907
2014-01-08 05:00:00,76.07797055,75.26163739,1.1214137232762136,74.70772724,1.3702433100000064
2014-01-08 06:00:00,74.98527003,75.28746881583334,1.106916069100304,76.07797055,-1.0927005200000082
2014-01-08 07:00:00,74.9606503,75.3200604975,1.0841235186114935,74.98527003,-0.02461972999999773
2014-01-08 08:00:00,75.33628459999998,75.36211099,1.0633059243878176,74.9606503,0.3756342999999873
2014-01-08 09:00:00,73.55344265,75.38341880916666,1.0189929600063672,75.33628459999998,-1.782841949999991
2014-01-08 10:00:00,73.99107759,75.38803167166667,1.0121204030358055,73.55344265,0.43763494000000946
2014-01-08 11:00:00,74.84672677,75.42050055375,0.9799013533356061,73.99107759,0.8556491800000003
2014-01-08 12:00:00,75.07497205,75.47146532541667,0.9250391051490385,74.84672677,0.2282452799999959
2014-01-08 13:00:00,74.36771562,75.50674274916666,0.8613776521653909,75.07497205,-0.707256430000001
2014-01-08 14:00:00,75.74259037,75.5002256775,0.8588688850031209,74.36771562,1.3748747500000036
2014-01-08 15:00:00,74.87882442,75.46034229166666,0.8648016603818157,75.74259037,-0.8637659500000012
2014-01-08 16:00:00,76.24095087,75.48084826541667,0.8776780054434824,74.87882442,1.3621264500000052
2014-01-08 17:00:00,75.95860682,75.43601015958333,0.820466738145638,76.24095087,-0.28234405000000606
2014-01-08 18:00:00,76.37186909,75.46177204916667,0.8403379530574283,75.95860682,0.41326227000000415
2014-01-08 19:00:00,75.9443031,75.44389707625,0.8245193942569267,76.37186909,-0.42756599000000506
2014-01-08 20:00:00,75.11146533,75.38978262791666,0.8006140719393374,75.9443031,-0.8328377699999976
2014-01-08 21:00:00,75.15274793,75.31855792750001,0.7374810997525032,75.11146533,0.04128260000000239
2014-01-08 22:00:00,75.06549983,75.26379963333333,0.7032612702388633,75.15274793,-0.08724810000001071
2014-01-08 23:00:00,74.69714713,75.21531961791668,0.700425145763597,75.06549983,-0.36835269999998843
2014-01-09 00:00:00,76.19664042,75.22402817,0.7116543164962875,74.69714713,1.4994932899999895
2014-01-09 01:00:00,74.10948331,75.17709060833333,0.7470982990391329,76.19664042,-2.0871571099999926
2014-01-09 02:00:00,74.63482711,75.13226360166666,0.74596581783335,74.10948331,0.5253438000000017
2014-01-09 03:00:00,73.51138733,75.06325751916667,0.8158859367540837,74.63482711,-1.1234397799999982
2014-01-09 04:00:00,73.12606794,74.99735504833333,0.9048774418955279,73.51138733,-0.3853193900000065
2014-01-09 05:00:00,74.01271456,74.91130271541667,0.8958003510195539,73.12606794,0.8866466200000076
2014-01-09 06:00:00,73.86542453,74.86464248624999,0.9206018341478739,74.01271456,-0.14729003000000773
2014-01-09 07:00:00,73.89712719,74.82032902333333,0.9411468006389747,73.86542453,0.031702660000007654
2014-01-09 08:00:00,74.03537465,74.76612444208332,0.9475792003185631,73.89712719,0.1382474599999881
2014-01-09 09:00:00,73.72201999,74.77314849791667,0.9387831791512333,74.03537465,-0.31335465999998746
2014-01-09 10:00:00,72.66948077,74.71808196375001,1.0217467134774028,73.72201999,-1.0525392199999999
2014-01-09 11:00:00,72.50391252,74.62046470333333,1.1164486339213964,72.66948077,-0.16556825000000686
2014-01-09 12:00:00,73.95811461,74.57392897666666,1.1199510984212666,72.50391252,1.4542020899999955
2014-01-09 13:00:00,74.01521745,74.55924155291667,1.1250727121861093,73.95811461,0.05710283999999888
2014-01-09 14:00:00,74.01596603,74.48729887208334,1.1010618168550157,74.01521745,0.0007485800000068821
2014-01-09 15:00:00,75.4479466,74.51101229625,1.115889386585244,74.01596603,1.4319805699999932
2014-01-09 16:00:00,76.13073887,74.50642012958333,1.108664108462614,75.4479466,0.6827922700000073
2014-01-09 17:00:00,75.25463596,74.47708801041667,1.0774458971981724,76.13073887,-0.8761029100000002
2014-01-09 18:00:00,75.93286118,74.45879601416667,1.0471807298572273,75.25463596,0.6782252200000016
2014-01-09 19:00:00,75.59193841,74.44411415208334,1.0277374702848268,75.93286118,-0.3409227700000059
2014-01-09 20:00:00,76.30709504,74.49393205666667,1.0886648285918614,75.59193841,0.7151566299999956
2014-01-09 21:00:00,77.18425747,74.5785782875,1.2138914849521776,76.30709504,0.8771624300000127
2014-01-09 22:00:00,75.64246944,74.60261868791666,1.2295660169675082,77.18425747,-1.5417880300000064
2014-01-09 23:00:00,76.37537373,74.67254479625,1.2817875176571865,75.64246944,0.7329042900000076
2014-01-10 00:00:00,74.68720578,74.60965168625,1.2401075858825614,76.37537373,-1.6881679500000075
2014-01-10 01:00:00,75.18990319,74.65466918125001,1.2407715441789646,74.68720578,0.5026974099999961
2014-01-10 02:00:00,75.849666,74.70528746833334,1.264480529132247,75.18990319,0.6597628100000037
2014-01-10 03:00:00,75.14636897,74.77341170333334,1.2411902890597177,75.849666,-0.7032970300000017
2014-01-10 04:00:00,73.90081676,74.80569290416666,1.206060733065464,75.14636897,-1.2455522099999996
2014-01-10 05:00:00,74.73933733,74.83596885291666,1.1943524082392019,73.90081676,0.83852057
2014-01-10 06:00:00,73.74171083,74.83081411541667,1.1989813276433243,74.73933733,-0.9976264999999955
2014-01-10 07:00:00,74.46143239,74.85432683208333,1.185330560919716,73.74171083,0.7197215599999964
2014-01-10 08:00:00,73.4840964,74.83135690499999,1.2070334156287033,74.46143239,-0.9773359900000003
2014-01-10 09:00:00,73.03863545,74.80288254916667,1.241898007747597,73.4840964,-0.4454609499999975
2014-01-10 10:00:00,74.07519737,74.86145407416667,1.1678470124184674,73.03863545,1.036561919999997
2014-01-10 11:00:00,72.93006063,74.87921024541667,1.1331687874441803,74.07519737,-1.145136739999998
2014-01-10 12:00:00,73.18888994,74.84715921749999,1.1706140277132013,72.93006063,0.25882930999999587
2014-01-10 13:00:00,73.95558633,74.8446745875,1.1725183337986214,73.18888994,0.766696390000007
2014-01-10 14:00:00,75.22775409,74.89516575666666,1.1613184042134117,73.95558633,1.272167760000002
2014-01-10 15:00:00,75.05332699,74.87872327291666,1.1559327085807745,75.22775409,-0.1744271000000026
2014-01-10 16:00:00,75.36510048,74.84682167333334,1.1301547500525353,75.05332699,0.3117734899999931
2014-01-10 17:00:00,76.11231412,74.88255826333334,1.1568557951156317,75.36510048,0.7472136399999982
2014-01-10 18:00:00,75.58706498,74.86815008833334,1.1453016274599648,76.11231412,-0.5252491399999997
2014-01-10 19:00:00,76.06972961,74.888058055,1.1624538470849666,75.58706498,0.48266463000000215
2014-01-10 20:00:00,75.32744105,74.84723913875,1.1271217443055346,76.06972961,-0.7422885599999915
2014-01-10 21:00:00,76.06533695,74.80061745041667,1.046510151649097,75.32744105,0.737895899999998
2014-01-10 22:00:00,75.66969997,74.80175205583333,1.0474768691060155,76.06533695,-0.39563698000000613
2014-01-10 23:00:00,76.2727697,74.79747688791666,1.0409641911471463,75.66969997,0.6030697300000014
2014-01-11 00:00:00,75.50606319,74.83159594666667,1.0505680548893945,76.2727697,-0.7667065099999917
2014-01-11 01:00:00,75.37971925,74.83950494916665,1.0540913724168326,75.50606319,-0.12634394000001237
2014-01-11 02:00:00,74.86435121,74.79845016624999,1.031993393885398,75.37971925,-0.5153680399999985
2014-01-11 03:00:00,75.92346681,74.83082924291666,1.0553114446477565,74.86435121,1.0591155999999984
2014-01-11 04:00:00,75.81348126,74.91052359708333,1.0542449357743886,75.92346681,-0.10998554999999044
2014-01-11 05:00:00,75.53701836,74.94376030666666,1.0611647313647703,75.81348126,-0.2764628999999985
2014-01-11 06:00:00,74.23671001,74.9643852725,1.0414123215429418,75.53701836,-1.3003083500000088
2014-01-11 07:00:00,75.16424971,74.9936693275,1.0365245899875126,74.23671001,0.9275397000000112
2014-01-11 08:00:00,74.30239478,75.02776509333334,0.9974306940411889,75.16424971,-0.8618549300000069
2014-01-11 09:00:00,74.59790374,75.09273460541667,0.9091037847111288,74.30239478,0.2955089600000065
2014-01-11 10:00:00,73.58871356,75.07246444666667,0.9377502930160555,74.59790374,-1.0091901800000045
2014-01-11 11:00:00,73.01315859,75.07592686166667,0.9296141755822473,73.58871356,-0.5755549699999989
2014-01-11 12:00:00,72.58458265,75.05074739125,0.9892216825218266,73.01315859,-0.42857594000000176
2014-01-11 13:00:00,73.95143473,75.05057440791667,0.9894218604797302,72.58458265,1.366852080000001
2014-01-11 14:00:00,73.97461465,74.99836026458334,1.0124624388623857,73.95143473,0.023179920000004017
2014-01-11 15:00:00,74.56884896,74.97817368000001,1.0161419584922637,73.97461465,0.5942343099999903
2014-01-11 16:00:00,75.03613111,74.96446662291667,1.01290929566867,74.56884896,0.4672821500000026
2014-01-11 17:00:00,75.56055848,74.94147680458333,0.991764948756565,75.03613111,0.524427369999998
2014-01-11 18:00:00,75.62240148,74.94294915875,0.9927907460657918,75.56055848,0.061842999999996096
2014-01-11 19:00:00,77.67158003,75.00969292625,1.1178093564630607,75.62240148,2.0491785500000077
2014-01-11 20:00:00,77.56623639,75.10297606541666,1.2329631535583,77.67158003,-0.10534364000000096
2014-01-11 21:00:00,77.61657097,75.16761081625,1.3229794178712253,77.56623639,0.050334579999997686
2014-01-11 22:00:00,77.69091215,75.25182799041667,1.4173007067470516,77.61657097,0.07434118000000467
2014-01-11 23:00:00,77.65642064,75.30948011291666,1.4870604673171746,77.69091215,-0.034491510000009384
2014-01-12 00:00:00,76.58082694,75.35426193583334,1.5092550874684167,77.65642064,-1.0755936999999989
2014-01-12 01:00:00,76.82821008,75.41461572041668,1.5389864577116568,76.58082694,0.24738314000001083
2014-01-12 02:00:00,77.44683206,75.52221908916667,1.5883304451901197,76.82821008,0.6186219800000003
2014-01-12 03:00:00,77.63174648,75.59339740875,1.6443812960267983,77.44683206,0.18491441999999836
2014-01-12 04:00:00,76.76049719,75.63285640583332,1.661168828600446,77.63174648,-0.8712492900000086
2014-01-12 05:00:00,76.10329035,75.65645107208334,1.6637679256513331,76.76049719,-0.6572068400000006
2014-01-12 06:00:00,75.93474711,75.72720261791667,1.6366520783951481,76.10329035,-0.1685432399999911
2014-01-12 07:00:00,76.39983542,75.77868535583333,1.6376069253649406,75.93474711,0.46508830999999873
2014-01-12 08:00:00,75.07645543,75.81093788291666,1.61473009938042,76.39983542,-1.3233799900000065
2014-01-12 09:00:00,76.25156678,75.87984050958333,1.5958899115407472,75.07645543,1.1751113500000088
2014-01-12 10:00:00,75.59060727,75.96325274750001,1.5215166454928826,76.25156678,-0.6609595099999979
2014-01-12 11:00:00,75.83963106,76.08102243375,1.3866545722849752,75.59060727,0.24902378999999542
2014-01-12 12:00:00,75.22056579999997,76.19085506500001,1.1878081432177827,75.83963106,-0.6190652600000277
2014-01-12 13:00:00,74.85866283,76.22865623583333,1.1262841306310922,75.22056579999997,-0.3619029699999743
2014-01-12 14:00:00,75.53354519,76.293611675,1.0316108460006217,74.85866283,0.674882359999998
2014-01-12 15:00:00,75.71749619,76.34147197624999,0.9730992529704011,75.53354519,0.18395100000000753
2014-01-12 16:00:00,77.69659197,76.45232451208334,0.9694625624219642,75.71749619,1.9790957799999944
2014-01-12 17:00:00,78.08214012,76.55739041375,1.004616435344254,77.69659197,0.3855481500000053
2014-01-12 18:00:00,78.95522712,76.69625814875,1.0959498720208118,78.08214012,0.8730869999999982
2014-01-12 19:00:00,79.64623758,76.77853554666666,1.2373551209589875,78.95522712,0.6910104600000011
2014-01-12 20:00:00,81.37618811,76.937283535,1.548171590544655,79.64623758,1.7299505299999964
2014-01-12 21:00:00,80.96947535,77.07698788416667,1.7502289960245674,81.37618811,-0.4067127600000049
2014-01-12 22:00:00,80.30864114,77.18605992541667,1.8677712142674443,80.96947535,-0.6608342099999902
2014-01-12 23:00:00,80.18657579,77.29148305666668,1.9643807905534267,80.30864114,-0.12206534999999974
2014-01-13 00:00:00,78.47491514,77.37040339833332,1.9726192118999781,80.18657579,-1.711660650000013
2014-01-13 01:00:00,78.96162765,77.45929579708333,1.995065512577197,78.47491514,0.4867125100000038
2014-01-13 02:00:00,79.1300713,77.52943076541668,2.0239851852604067,78.96162765,0.1684436500000004
2014-01-13 03:00:00,78.39635208,77.56128933208333,2.0316687670300033,79.1300713,-0.7337192199999976
2014-01-13 04:00:00,79.85480600000002,77.69021886583333,2.0763324310188835,78.39635208,1.458453920000025
2014-01-13 05:00:00,77.98583629,77.76865828,2.0491565403816976,79.85480600000002,-1.8689697100000302
2014-01-13 06:00:00,78.35432954,77.86947421458333,2.014230096761614,77.98583629,0.3684932500000002
2014-01-13 07:00:00,78.66812563,77.96398630666667,1.9954017939700102,78.35432954,0.31379609000001096
2014-01-13 08:00:00,79.03360146,78.12886739125,1.9080064126791298,78.66812563,0.36547582999999406
2014-01-13 09:00:00,77.31328955,78.17310583999999,1.8746034420152995,79.03360146,-1.7203119100000066
2014-01-13 10:00:00,77.73451371,78.262435275,1.7956072695939334,77.31328955,0.4212241600000084
2014-01-13 11:00:00,77.69436304,78.33971577416666,1.7253369792965731,77.73451371,-0.04015067000000272
2014-01-13 12:00:00,77.79754628,78.44708996083334,1.5982907573393175,77.69436304,0.103183240000007
2014-01-13 13:00:00,77.22909454,78.54585794875,1.4314305361556685,77.79754628,-0.5684517400000004
2014-01-13 14:00:00,78.35433755,78.66339096375,1.281269129861771,77.22909454,1.1252430099999913
2014-01-13 15:00:00,78.03170789,78.75981645125,1.1278209445546177,78.35433755,-0.3226296599999898
2014-01-13 16:00:00,76.63660126,78.71565017166667,1.1902926661160338,78.03170789,-1.3951066300000008
2014-01-13 17:00:00,76.57220626,78.65273626083334,1.2629217932667558,76.63660126,-0.06439500000000464
2014-01-13 18:00:00,77.76546817,78.60316297125,1.273835481256019,76.57220626,1.193261910000004
2014-01-13 19:00:00,77.38246298,78.50883902958334,1.2770496373172144,77.76546817,-0.38300519000000577
2014-01-13 20:00:00,76.69839827,78.31393111958333,1.1731405195089595,77.38246298,-0.6840647100000012
2014-01-13 21:00:00,76.3966038,78.12339480499999,1.091605925158308,76.69839827,-0.30179447000000437
2014-01-13 22:00:00,78.2430965,78.037330445,0.9883701466907442,76.3966038,1.8464926999999989
2014-01-13 23:00:00,77.18014447,77.91206247333334,0.889724927382138,78.2430965,-1.062952029999991
2014-01-14 00:00:00,76.98731733,77.85007923125,0.9005598400773471,77.18014447,-0.19282714000000567
2014-01-14 01:00:00,76.802564,77.76011824583334,0.8924977497676312,76.98731733,-0.1847533299999924
2014-01-14 02:00:00,78.04845667,77.71505096958333,0.8464330173999607,76.802564,1.2458926699999893
2014-01-14 03:00:00,78.30808931,77.71137335416667,0.8435309404226131,78.04845667,0.25963264000000663
2014-01-14 04:00:00,78.56024461,77.65743329625,0.7349052727114265,78.30808931,0.2521552999999983
2014-01-14 05:00:00,78.00986597,77.65843453291667,0.7353883529065564,78.56024461,-0.550378639999991
2014-01-14 06:00:00,77.74735738,77.63314402625,0.7207060384570679,78.00986597,-0.26250859000001014
2014-01-14 07:00:00,76.56851354,77.54566018916667,0.717033880986743,77.74735738,-1.178843839999999
2014-01-14 08:00:00,76.57631974,77.44327345083333,0.6691728544343288,76.56851354,0.007806200000004537
2014-01-14 09:00:00,76.29506325,77.400847355,0.7088727914890189,76.57631974,-0.2812564900000041
2014-01-14 10:00:00,76.91856774,77.36684960625,0.7117350098698729,76.29506325,0.623504490000002
2014-01-14 11:00:00,77.35300179999999,77.35262622125,0.7083080286215243,76.91856774,0.43443405999998674
2014-01-14 12:00:00,76.69395845,77.306643395,0.7139677664502777,77.35300179999999,-0.6590433499999904
2014-01-14 13:00:00,76.79314078,77.288478655,0.7215322304165563,76.69395845,0.09918233000000498
2014-01-14 14:00:00,76.78184988,77.22295833541666,0.6912996300640937,76.79314078,-0.011290900000005877
2014-01-14 15:00:00,76.58378687,77.16262829291666,0.6807508734639982,76.78184988,-0.19806300999999849
2014-01-14 16:00:00,75.29365403,77.10667215833332,0.7745942699456679,76.58378687,-1.2901328399999983
2014-01-14 17:00:00,77.08526779,77.12804972208333,0.7662373016094719,75.29365403,1.7916137600000042
2014-01-14 18:00:00,77.16331386,77.10295995916665,0.7542224394379492,77.08526779,0.07804606999999919
2014-01-14 19:00:00,76.08578513,77.04893171541667,0.7793545181745729,77.16331386,-1.0775287299999974
2014-01-14 20:00:00,76.26928873,77.03105215125,0.7925563178940948,76.08578513,0.18350359999999455
2014-01-14 21:00:00,76.76325951,77.0463294725,0.7832744414097537,76.26928873,0.49397077999999794
2014-01-14 22:00:00,75.47553688,76.93101448833333,0.8029004627190568,76.76325951,-1.2877226299999904
2014-01-14 23:00:00,75.0534243,76.84240114791668,0.8871486789993717,75.47553688,-0.42211258000000385
2014-01-15 00:00:00,75.69341909,76.78848872125,0.9167797086058773,75.0534243,0.6399947900000029
2014-01-15 01:00:00,74.84655904,76.70698851458333,0.9987521290074792,75.69341909,-0.8468600500000036
2014-01-15 02:00:00,74.60828148,76.56364788166667,1.043708922971206,74.84655904,-0.23827756000000022
2014-01-15 03:00:00,75.23334924,76.43553371208334,1.0083833827909416,74.60828148,0.6250677599999932
2014-01-15 04:00:00,74.76757914,76.27750598416667,0.9567967805147923,75.23334924,-0.4657701000000003
2014-01-15 05:00:00,74.32699919,76.12405320166667,0.9621949838618594,74.76757914,-0.44057995000000005
2014-01-15 06:00:00,72.97529237,75.92521715958334,1.0959324221624054,74.32699919,-1.3517068199999898
2014-01-15 07:00:00,73.30416843,75.78920278,1.2093230128371952,72.97529237,0.3288760599999989
2014-01-15 08:00:00,73.38232286,75.65611957666667,1.2918655189810049,73.30416843,0.07815442999999789
2014-01-15 09:00:00,74.58791578,75.58498843208334,1.302112980472489,73.38232286,1.2055929200000008
2014-01-15 10:00:00,72.9067279,75.41782843875,1.3787279188400279,74.58791578,-1.681187879999996
2014-01-15 11:00:00,74.15335692,75.28450990208333,1.3375497685454723,72.9067279,1.246629019999986
2014-01-15 12:00:00,74.15977548,75.178918945,1.3213761160655786,74.15335692,0.006418560000000184
2014-01-15 13:00:00,75.48000267,75.12420485708333,1.2781082053493091,74.15977548,1.3202271900000113
2014-01-15 14:00:00,74.94602944,75.04771233875,1.2285627228941498,75.48000267,-0.5339732300000009
2014-01-15 15:00:00,74.36597865,74.95530366291668,1.1908294060629212,74.94602944,-0.5800507900000014
2014-01-15 16:00:00,75.40107507,74.95977953958334,1.1923573268594974,74.36597865,1.0350964200000021
2014-01-15 17:00:00,76.43324294,74.9326118375,1.1484421954730755,75.40107507,1.032167869999995
2014-01-15 18:00:00,76.76879953,74.91617374041667,1.117532542468196,76.43324294,0.33555658999999594
2014-01-15 19:00:00,75.42099851,74.88847429791666,1.09529943586061,76.76879953,-1.3478010199999915
2014-01-15 20:00:00,75.04376408,74.83741077083333,1.0559880280928386,75.42099851,-0.37723443000000145
2014-01-15 21:00:00,75.14537633,74.76999897166667,0.9763381332352052,75.04376408,0.10161225000000229
2014-01-15 22:00:00,75.26255156,74.76112458333333,0.9705974327175394,75.14537633,0.11717523000000085
2014-01-15 23:00:00,75.35976422,74.77388874666666,0.9766042715673315,75.26255156,0.09721265999999673
2014-01-16 00:00:00,75.45234139,74.76384384250001,0.9679365346861161,75.35976422,0.09257716999999843
2014-01-16 01:00:00,73.94180609,74.72614580291666,0.9820901171627087,75.45234139,-1.5105353000000008
2014-01-16 02:00:00,75.00647379,74.74273714916667,0.9833750267517165,73.94180609,1.064667700000001
2014-01-16 03:00:00,74.33106778,74.70514208833333,0.9810477609690791,75.00647379,-0.6754060100000032
2014-01-16 04:00:00,74.87396446,74.70957481,0.9815823371341842,74.33106778,0.5428966799999984
2014-01-16 05:00:00,73.3379579,74.66836475625,1.018413082314088,74.87396446,-1.53600655999999
2014-01-16 06:00:00,72.80256039,74.66116759041667,1.0314255308443907,73.3379579,-0.5353975100000099
2014-01-16 07:00:00,73.66597073,74.67624268624999,1.0132128034312669,72.80256039,0.8634103400000015
2014-01-16 08:00:00,73.87172516,74.69663444875,0.9907143758456016,73.66597073,0.20575442999999893
2014-01-16 09:00:00,73.27324959,74.64185669083334,1.0324524339933216,73.87172516,-0.5984755699999909
2014-01-16 10:00:00,72.72014324,74.63408233,1.0466903272035333,73.27324959,-0.5531063500000073
2014-01-16 11:00:00,74.17992104,74.63518916833333,1.0461737926064634,72.72014324,1.4597777999999977
2014-01-16 12:00:00,74.15880306,74.63514865083333,1.0461930242031332,74.17992104,-0.021117979999999648
2014-01-16 13:00:00,75.59329179999997,74.63986903125,1.0504177558663128,74.15880306,1.4344887399999777
2014-01-16 14:00:00,75.41968933,74.65960486,1.0608183685512909,75.59329179999997,-0.17360246999997742
2014-01-16 15:00:00,74.53134496,74.66649512291666,1.0593643271911686,75.41968933,-0.8883443699999987
2014-01-16 16:00:00,74.44982256,74.62685960166667,1.048424279355517,74.53134496,-0.08152239999999722
2014-01-16 17:00:00,75.434016,74.58522514583332,0.9918872704165316,74.44982256,0.9841934399999985
2014-01-16 18:00:00,75.62950104,74.53775437541667,0.9064205735323866,75.434016,0.19548503999999411
2014-01-16 19:00:00,75.34933235,74.53476828541666,0.9034976599852556,75.62950104,-0.28016868999999645
2014-01-16 20:00:00,75.201389,74.54133599041667,0.9079205989274527,75.34933235,-0.14794334999999137
2014-01-16 21:00:00,75.40868152,74.55230704,0.9170816312477146,75.201389,0.20729251999999576
2014-01-16 22:00:00,75.11984946,74.54636111916666,0.9127288074653874,75.40868152,-0.2888320600000043
2014-01-16 23:00:00,74.38931293,74.50592564875,0.8964785703280991,75.11984946,-0.7305365299999949
2014-01-17 00:00:00,74.69809723,74.47449880875,0.8748172895733771,74.38931293,0.30878429999999923
2014-01-17 01:00:00,75.18846342,74.52644286416667,0.8788146455710266,74.69809723,0.49036619000000314
2014-01-17 02:00:00,74.45343886,74.50339974208333,0.8729113061342857,75.18846342,-0.7350245599999994
2014-01-17 03:00:00,74.67691315,74.51780996583334,0.8727973593462053,74.45343886,0.22347428999999863
2014-01-17 04:00:00,73.41217429,74.45690204208333,0.8975178312586548,74.67691315,-1.2647388600000085
2014-01-17 05:00:00,72.83454005,74.43592629833333,0.9300968345392776,73.41217429,-0.5776342399999947
2014-01-17 06:00:00,73.5939262,74.46889987374999,0.8824823834213924,72.83454005,0.7593861499999974
2014-01-17 07:00:00,72.76406621,74.43132051875,0.935755872872837,73.5939262,-0.8298599900000028
2014-01-17 08:00:00,72.68778157,74.38198953583334,0.9958189601578983,72.76406621,-0.07628463999999724
2014-01-17 09:00:00,73.37875182,74.38638546208334,0.990932632716375,72.68778157,0.6909702500000066
2014-01-17 10:00:00,72.06183623,74.35895600333333,1.0466073779877074,73.37875182,-1.3169155900000078
2014-01-17 11:00:00,72.86400869,74.30412632208333,1.0899653760153802,72.06183623,0.8021724600000084
2014-01-17 12:00:00,74.31198445,74.31050888,1.0895258081338284,72.86400869,1.4479757599999914
2014-01-17 13:00:00,73.92421104,74.24096384833332,1.0568646599751024,74.31198445,-0.3877734099999941
2014-01-17 14:00:00,73.6834725,74.16862148041666,1.0317976656267687,73.92421104,-0.2407385400000095
2014-01-17 15:00:00,73.71034271,74.13441305333333,1.0328582889750875,73.6834725,0.026870210000012662
2014-01-17 16:00:00,73.515123,74.09546723833334,1.038057299551969,73.71034271,-0.1952197100000035
2014-01-17 17:00:00,74.65384045,74.06295992375,1.0060394680354299,73.515123,1.1387174500000015
2014-01-17 18:00:00,74.59773769,74.01996978416666,0.9570387979636007,74.65384045,-0.056102760000001695
2014-01-17 19:00:00,74.96277198,74.00386310208334,0.9367306685121628,74.59773769,0.365034289999997
2014-01-17 20:00:00,74.62437982,73.97982105291666,0.9117298460613024,74.96277198,-0.33839215999999794
2014-01-17 21:00:00,73.58807814,73.90396257875,0.8620625484603556,74.62437982,-1.0363016800000082
2014-01-17 22:00:00,74.27463197,73.86874518333333,0.8267732140701225,73.58807814,0.6865538300000082
2014-01-17 23:00:00,73.46593712,73.83027119125,0.822971244571368,74.27463197,-0.8086948499999949
2014-01-18 00:00:00,73.37697331,73.77522436125001,0.8064175110185923,73.46593712,-0.08896381000000986
2014-01-18 01:00:00,74.28679774,73.73765495791666,0.7572174258670854,73.37697331,0.9098244300000005
2014-01-18 02:00:00,74.60507656,73.74397319541667,0.7640514110041934,74.28679774,0.3182788200000033
2014-01-18 03:00:00,73.56215036,73.69752474583333,0.7383211988221627,74.60507656,-1.0429261999999966
2014-01-18 04:00:00,74.11232577,73.72669772416667,0.7403855615281166,73.56215036,0.5501754099999943
2014-01-18 05:00:00,73.97053959,73.77403103833333,0.7168066518271186,74.11232577,-0.14178617999999688
2014-01-18 06:00:00,72.77785049,73.74002788375,0.7445412837547946,73.97053959,-1.1926890999999955
2014-01-18 07:00:00,72.57867332,73.73230318,0.7559811006066416,72.77785049,-0.1991771700000129
2014-01-18 08:00:00,73.50341351,73.76628784416665,0.7246683461095745,72.57867332,0.9247401900000085
2014-01-18 09:00:00,73.17997554,73.75800549916666,0.7304033574999256,73.50341351,-0.3234379700000005
2014-01-18 10:00:00,73.07969608,73.80041632625,0.6530927654747808,73.17997554,-0.10027945999999588
2014-01-18 11:00:00,72.86778282,73.80057358166667,0.6528579008285138,73.07969608,-0.21191326000000288
2014-01-18 12:00:00,72.97978227,73.74506515750001,0.6640242251631645,72.86778282,0.111999449999999
2014-01-18 13:00:00,72.06864306,73.667749825,0.7453094453137818,72.97978227,-0.9111392100000018
2014-01-18 14:00:00,73.46915696,73.65882001083334,0.7463959789162805,72.06864306,1.400513900000007
2014-01-18 15:00:00,72.73501198,73.61818123041667,0.7696580397306745,73.46915696,-0.7341449800000106
2014-01-18 16:00:00,73.06122541,73.59926883083334,0.7778338078685264,72.73501198,0.3262134300000099
2014-01-18 17:00:00,73.9831845,73.57132483291666,0.7498438702378367,73.06122541,0.9219590899999872
2014-01-18 18:00:00,74.44162889,73.56482029958333,0.7411801537607152,73.9831845,0.458444390000011
2014-01-18 19:00:00,74.04541228,73.52659697874999,0.6876753431509729,74.44162889,-0.3962166100000104
2014-01-18 20:00:00,74.99423532,73.54200762458333,0.7168704663276161,74.04541228,0.9488230400000077
2014-01-18 21:00:00,76.25032982,73.65293477791667,0.9054747908480649,74.99423532,1.2560945000000032
2014-01-18 22:00:00,75.29434003,73.69542261375,0.9582984091399235,76.25032982,-0.9559897900000038
2014-01-18 23:00:00,74.45046834,73.73644474791666,0.9690597690359308,75.29434003,-0.8438716900000003
2014-01-19 00:00:00,75.03906858,73.8056987175,1.0011139375092697,74.45046834,0.5886002400000052
2014-01-19 01:00:00,75.11973678,73.84040451083334,1.0324643717444715,75.03906858,0.08066819999999097
2014-01-19 02:00:00,73.60403299,73.79869436208334,1.020379215357518,75.11973678,-1.5157037900000034
2014-01-19 03:00:00,73.44321638,73.79373877958334,1.0218656900546053,73.60403299,-0.1608166099999977
2014-01-19 04:00:00,73.43418914,73.76548308666666,1.0220489924493867,73.44321638,-0.009027239999994663
2014-01-19 05:00:00,73.23859587,73.73498543166667,1.0265746058301346,73.43418914,-0.19559327000000337
2014-01-19 06:00:00,73.7150373,73.77403488208334,1.0062061482152436,73.23859587,0.4764414300000084
2014-01-19 07:00:00,73.89335646,73.82881334625,0.9735569196601399,73.7150373,0.17831916000000092
2014-01-19 08:00:00,73.87424506,73.84426466083333,0.971107612719119,73.89335646,-0.01911139999999989
2014-01-19 09:00:00,72.96073809,73.83512976708333,0.9786300617958523,73.87424506,-0.9135069700000003
2014-01-19 10:00:00,72.61113449999998,73.81560636791667,0.998821540269902,72.96073809,-0.3496035900000294
2014-01-19 11:00:00,71.38831163,73.753961735,1.100355902945437,72.61113449999998,-1.2228228699999732
2014-01-19 12:00:00,72.09667227,73.717165485,1.1413716194126002,71.38831163,0.7083606399999951
2014-01-19 13:00:00,72.43175322,73.732295075,1.1207904002601388,72.09667227,0.3350809500000054
2014-01-19 14:00:00,73.43453663,73.73085256125,1.1211660132657795,72.43175322,1.0027834099999922
2014-01-19 15:00:00,71.85172628,73.69404899041668,1.1687639945453026,73.43453663,-1.5828103500000026
2014-01-19 16:00:00,73.33181218,73.70532343916666,1.1636881479376922,71.85172628,1.480085900000006
2014-01-19 17:00:00,73.98179005,73.70526533708333,1.1636737060728592,73.33181218,0.6499778700000007
2014-01-19 18:00:00,75.60339242,73.75367215083334,1.218508661487167,73.98179005,1.621602370000005
2014-01-19 19:00:00,74.84669634,73.78705898666666,1.237676548188319,75.60339242,-0.7566960800000118
2014-01-19 20:00:00,75.66432669,73.81497946041667,1.273143055834063,74.84669634,0.8176303500000017
2014-01-19 21:00:00,75.41398766,73.78013187041667,1.2136415894170987,75.66432669,-0.25033902999999214
2014-01-19 22:00:00,75.62691835,73.79398930041667,1.2334201502816755,75.41398766,0.2129306899999932
2014-01-19 23:00:00,76.12839652,73.86390297458333,1.3169738592559288,75.62691835,0.5014781699999986
2014-01-20 00:00:00,75.24374402,73.87243111791666,1.3255493523381268,76.12839652,-0.8846525000000014
2014-01-20 01:00:00,74.25000295,73.83619220833333,1.301640032958806,75.24374402,-0.9937410699999987
2014-01-20 02:00:00,74.76520353,73.88457431416667,1.3141557066668197,74.25000295,0.5152005799999984
2014-01-20 03:00:00,74.88412726,73.9446122675,1.325976588695816,74.76520353,0.11892373000000589
2014-01-20 04:00:00,74.70121296,73.99740492666668,1.3299876315020795,74.88412726,-0.1829142999999931
2014-01-20 05:00:00,73.93681762,74.02649749958333,1.3202685805298968,74.70121296,-0.7643953400000072
2014-01-20 06:00:00,74.25651103,74.049058905,1.3193409459600798,73.93681762,0.3196934099999993
2014-01-20 07:00:00,73.57337828,74.03572648083333,1.3225955205020619,74.25651103,-0.6831327499999986
2014-01-20 08:00:00,72.94924405,73.99718477208333,1.3408574747285178,73.57337828,-0.6241342299999957
2014-01-20 09:00:00,73.73581362,74.02947958583333,1.3240375321057753,72.94924405,0.7865695699999975
2014-01-20 10:00:00,73.57616849,74.06968933541667,1.2933898548050466,73.73581362,-0.15964513000000125
2014-01-20 11:00:00,73.09497078,74.14080013333334,1.1816467185031039,73.57616849,-0.48119771000000355
2014-01-20 12:00:00,74.97348441,74.26066730583334,1.1089500575838112,73.09497078,1.8785136300000005
2014-01-20 13:00:00,74.48410538,74.34618197916667,1.0386907919619242,74.97348441,-0.48937902999999494
2014-01-20 14:00:00,74.37005879,74.38516206916667,1.0203838372310456,74.48410538,-0.11404659000000095
2014-01-20 15:00:00,74.89437525,74.51193910958334,0.8698444680005218,74.37005879,0.5243164599999943
2014-01-20 16:00:00,75.36858942,74.59680482791667,0.8488041149197433,74.89437525,0.4742141700000104
2014-01-20 17:00:00,75.51543606,74.660706745,0.8581681964952312,75.36858942,0.1468466399999926
2014-01-20 18:00:00,75.93149966,74.67437788,0.8762614207538744,75.51543606,0.4160636000000011
2014-01-20 19:00:00,76.80408083,74.75593556708334,0.9781634306939975,75.93149966,0.8725811700000037
2014-01-20 20:00:00,76.08022555,74.77326468625,0.9984302331363383,76.80408083,-0.7238552800000093
2014-01-20 21:00:00,74.81338988,74.74823977875,0.989156460968214,76.08022555,-1.2668356699999919
2014-01-20 22:00:00,75.92940133,74.76084323625,1.0026737265827175,74.81338988,1.116011450000002
2014-01-20 23:00:00,75.50636120000001,74.73492509791667,0.9733989954173735,75.92940133,-0.42304012999998974
2014-01-21 00:00:00,74.14574816,74.68917527041667,0.9742472801435054,75.50636120000001,-1.3606130400000183
2014-01-21 01:00:00,74.86999088,74.71500810083334,0.97030776069143,74.14574816,0.7242427200000066
2014-01-21 02:00:00,75.32625215,74.73838512666667,0.9782952901544685,74.86999088,0.45626126999999883
2014-01-21 03:00:00,73.74854939,74.69106938208334,0.9981988523397617,75.32625215,-1.5777027600000082
2014-01-21 04:00:00,74.07036021,74.66478385083333,1.006194218159965,73.74854939,0.32181082000001027
2014-01-21 05:00:00,74.04524108,74.669301495,1.0030220661709226,74.07036021,-0.025119130000007317
2014-01-21 06:00:00,74.05595233,74.6609448825,1.0074364871353019,74.04524108,0.01071124999999995
2014-01-21 07:00:00,74.2393244,74.6886926375,0.9851028316588896,74.05595233,0.18337207000000433
2014-01-21 08:00:00,73.90532239,74.72852923500001,0.9294630332424565,74.2393244,-0.33400201000000607
2014-01-21 09:00:00,73.53187021,74.72003159291667,0.939808275672636,73.90532239,-0.373452180000001
2014-01-21 10:00:00,73.96226531,74.73611896041666,0.9225222124202473,73.53187021,0.4303951000000126
2014-01-21 11:00:00,73.20525326,74.74071406374999,0.9142295884380044,73.96226531,-0.7570120500000002
2014-01-21 12:00:00,74.60467618,74.72534705416668,0.9132459743125043,73.20525326,1.3994229199999921
2014-01-21 13:00:00,74.24149076,74.71523811166666,0.9173659269783743,74.60467618,-0.36318541999999354
2014-01-21 14:00:00,75.28123022,74.75320358791667,0.9213055683639786,74.24149076,1.0397394599999927
2014-01-21 15:00:00,74.40222479,74.73269731875,0.923501262103916,75.28123022,-0.8790054299999923
2014-01-21 16:00:00,74.19210633,74.68367719,0.9194956998176907,74.40222479,-0.2101184600000039
2014-01-21 17:00:00,75.87886303,74.69881998041667,0.936622213792238,74.19210633,1.6867567000000037
2014-01-21 18:00:00,75.23863029,74.66995042333333,0.9071910801919125,75.87886303,-0.6402327400000019
2014-01-21 19:00:00,74.96873237,74.59347757083333,0.789146589525149,75.23863029,-0.26989792000000534
2014-01-21 20:00:00,76.10793148,74.59463198458333,0.7914330128973954,74.96873237,1.139199110000007
2014-01-21 21:00:00,75.36131634,74.61746225374999,0.8057905514693365,76.10793148,-0.746615140000003
2014-01-21 22:00:00,75.90263465,74.61634697541668,0.8039121083056469,75.36131634,0.5413183099999941
2014-01-21 23:00:00,75.50472037,74.6162786075,0.8038331929306408,75.90263465,-0.39791427999999485
2014-01-22 00:00:00,74.28022956,74.62188199916666,0.8008738693413658,75.50472037,-1.224490810000006
2014-01-22 01:00:00,72.97203667,74.54280057375,0.8663394912624274,74.28022956,-1.3081928900000008
2014-01-22 02:00:00,72.67511800000003,74.43233665083334,0.9288633018337821,72.97203667,-0.2969186699999682
2014-01-22 03:00:00,73.47639463,74.42099686916667,0.93917808016211,72.67511800000003,0.8012766299999754
2014-01-22 04:00:00,73.39614473,74.3929045575,0.9599753459904633,73.47639463,-0.08024989999999832
2014-01-22 05:00:00,72.10091024,74.3118907725,1.066700759761495,73.39614473,-1.2952344899999986
2014-01-22 06:00:00,71.8777649,74.22113296291667,1.1764415487791116,72.10091024,-0.22314534000000208
2014-01-22 07:00:00,72.55737568,74.15105176625,1.2244292884584544,71.8777649,0.6796107800000044
2014-01-22 08:00:00,72.98505223,74.11270717625,1.2466669913118502,72.55737568,0.42767654999998683
2014-01-22 09:00:00,73.73262672,74.12107203083333,1.2432691439535073,72.98505223,0.7475744900000052
2014-01-22 10:00:00,72.69930722,74.06844877708333,1.276565576199338,73.73262672,-1.0333195000000046
2014-01-22 11:00:00,73.01882828,74.06068106958334,1.2825992801682011,72.69930722,0.3195210599999996
2014-01-22 12:00:00,72.80921712,73.98587027541667,1.301709789151915,73.01882828,-0.20961115999999436
2014-01-22 13:00:00,73.65716599,73.96152341,1.302185300838854,72.80921712,0.8479488699999962
2014-01-22 14:00:00,74.68008894,73.93647585666666,1.2813112181065311,73.65716599,1.0229229500000088
2014-01-22 15:00:00,74.65383035,73.94695942166666,1.2863071805486204,74.68008894,-0.02625858999999764
2014-01-22 16:00:00,73.90375633,73.93494483833334,1.285264087871701,74.65383035,-0.7500740200000138
2014-01-22 17:00:00,74.95962081,73.89664307916667,1.2376295918981106,73.90375633,1.055864480000011
2014-01-22 18:00:00,74.72151271,73.87509651333333,1.2175895517625932,74.95962081,-0.23810810000000515
2014-01-22 19:00:00,76.1127814,73.92276522291667,1.2829097058094598,74.72151271,1.391268690000004
2014-01-22 20:00:00,76.27976034,73.92992475875,1.2960468724911043,76.1127814,0.1669789399999928
2014-01-22 21:00:00,75.43044158,73.93280497708334,1.299438543926445,76.27976034,-0.8493187600000027
2014-01-22 22:00:00,74.81221712,73.88737091333333,1.2455141570485524,75.43044158,-0.6182244599999933
2014-01-22 23:00:00,75.29112173,73.87847097000001,1.2341662020573037,74.81221712,0.47890461000000073
2014-01-23 00:00:00,74.11805047,73.87171350791667,1.2323134020850284,75.29112173,-1.1730712600000004
2014-01-23 01:00:00,73.08506057,73.87642283708333,1.2289371078708111,74.11805047,-1.032989900000004
2014-01-23 02:00:00,73.71635914,73.91980788458334,1.2027848180558511,73.08506057,0.6312985699999984
2014-01-23 03:00:00,72.75477351,73.88974033791666,1.2231977466330681,73.71635914,-0.9615856299999876
2014-01-23 04:00:00,73.06979399999999,73.87614239083332,1.2307143631174053,72.75477351,0.31502048999998067
2014-01-23 05:00:00,73.43277483,73.93163674875,1.1759980966565027,73.06979399999999,0.36298083000001213
2014-01-23 06:00:00,72.12848145,73.94208327166666,1.157934919342468,73.43277483,-1.3042933800000043
2014-01-23 07:00:00,72.30633866,73.93162339583334,1.1720351101186515,72.12848145,0.1778572099999991
2014-01-23 08:00:00,72.55350882,73.91364242041666,1.1903555940350057,72.30633866,0.24717016000001024
2014-01-23 09:00:00,72.43365278,73.85951850625,1.2278837436767496,72.55350882,-0.11985604000000194
2014-01-23 10:00:00,72.16028829999998,73.83705938458333,1.2546652489158903,72.43365278,-0.27336448000002633
2014-01-23 11:00:00,71.87997676,73.78960723791667,1.3073850719600932,72.16028829999998,-0.28031153999997116
2014-01-23 12:00:00,72.30469043,73.76858529249999,1.3277324363351755,71.87997676,0.4247136699999885
2014-01-23 13:00:00,72.90140272,73.73709515625,1.3394009203039288,72.30469043,0.5967122899999993
2014-01-23 14:00:00,73.52178365,73.68883243583333,1.3247329474327192,72.90140272,0.6203809300000103
2014-01-23 15:00:00,74.33549357,73.67556840333333,1.316217026590858,73.52178365,0.8137099199999938
2014-01-23 16:00:00,75.39468245,73.737690325,1.361848028055834,74.33549357,1.0591888800000078
2014-01-23 17:00:00,74.07597525,73.70087176,1.3391314382313786,75.39468245,-1.3187072000000057
2014-01-23 18:00:00,75.35896953,73.72743246083333,1.3663013890243003,74.07597525,1.282994279999997
2014-01-23 19:00:00,76.20885954,73.73143571666667,1.3737149620836573,75.35896953,0.84989001000001
2014-01-23 20:00:00,75.47638239,73.69796163541666,1.3175590490904767,76.20885954,-0.7324771500000082
2014-01-23 21:00:00,74.560063,73.66169586125,1.2792200332834522,75.47638239,-0.9163193899999982
2014-01-23 22:00:00,74.52753611,73.64983415249999,1.2693698011565298,74.560063,-0.03252688999999975
2014-01-23 23:00:00,73.71689559999999,73.58424139708333,1.2206076073218728,74.52753611,-0.8106405100000131
2014-01-24 00:00:00,73.90866358,73.57551694333334,1.2173702636777848,73.71689559999999,0.19176798000000872
2014-01-24 01:00:00,74.09748437,73.61770126833333,1.217177283006453,73.90866358,0.1888207900000083
2014-01-24 02:00:00,73.87374575,73.62425904375,1.21815551365041,74.09748437,-0.223738620000006
2014-01-24 03:00:00,73.74883976,73.66567847083333,1.2041252874642874,73.87374575,-0.12490599000000202
2014-01-24 04:00:00,72.9320447,73.65993891666666,1.20741291646572,73.74883976,-0.8167950599999898
2014-01-24 05:00:00,73.49330934,73.66246118791666,1.2069808917223228,72.9320447,0.5612646399999903
2014-01-24 06:00:00,73.66155176,73.7263391175,1.1619968516012331,73.49330934,0.16824241999999856
2014-01-24 07:00:00,73.62855627,73.78143151791666,1.122415093253877,73.66155176,-0.03299548999999047
2014-01-24 08:00:00,73.16522286,73.80691960291666,1.1000412501071921,73.62855627,-0.46333341000000416
2014-01-24 09:00:00,72.7479508,73.82001535375001,1.084746503839772,73.16522286,-0.41727206000000194
2014-01-24 10:00:00,73.56592026,73.87858335208334,1.0276835466667154,72.7479508,0.8179694600000005
2014-01-24 11:00:00,71.75263157,73.8732773025,1.038720718793911,73.56592026,-1.8132886899999932
2014-01-24 12:00:00,73.18039611,73.90976503916666,0.9957148159920921,71.75263157,1.4277645399999983
2014-01-24 13:00:00,73.92384,73.9523665925,0.9722933445697278,73.18039611,0.7434438899999947
2014-01-24 14:00:00,73.80439905,73.96414223416667,0.968555956659578,73.92384,-0.11944094999999777
2014-01-24 15:00:00,73.73073979,73.93894416,0.966338922515505,73.80439905,-0.07365925999999945
2014-01-24 16:00:00,73.80911621,73.8728789,0.9153422140904828,73.73073979,0.07837641999999789
2014-01-24 17:00:00,73.53212237,73.85021836333333,0.9168263875251402,73.80911621,-0.27699384000000293
2014-01-24 18:00:00,75.18577049,73.84300173666666,0.9050400870091272,73.53212237,1.6536481199999997
2014-01-24 19:00:00,75.01261659,73.79315828041666,0.7953761684711305,75.18577049,-0.17315390000000264
2014-01-24 20:00:00,75.04608932,73.77522940249999,0.7598401677040505,75.01261659,0.03347272999999973
2014-01-24 21:00:00,73.33607329,73.72422983125,0.7458197770255588,75.04608932,-1.7100160299999914
2014-01-24 22:00:00,73.1043253,73.66492938083333,0.7356827005007632,73.33607329,-0.23174799000000235
2014-01-24 23:00:00,74.10360046,73.68104208333334,0.7410852439135878,73.1043253,0.9992751599999963
2014-01-25 00:00:00,73.78519774,73.67589767333332,0.7398639853653924,74.10360046,-0.3184027199999946
2014-01-25 01:00:00,71.71663594,73.57669565541666,0.8344474015159591,73.78519774,-2.0685617999999977
2014-01-25 02:00:00,72.13397159,73.50420506541667,0.8817485945191538,71.71663594,0.4173356499999983
2014-01-25 03:00:00,71.51253422,73.41102566791666,0.9686517400464307,72.13397159,-0.6214373699999953
2014-01-25 04:00:00,72.46607477,73.39161025416666,0.9832299232022166,71.51253422,0.9535405499999996
2014-01-25 05:00:00,70.94402108,73.28538991,1.1022626663274886,72.46607477,-1.522053690000007
2014-01-25 06:00:00,72.61890668,73.241946365,1.1073276611096934,70.94402108,1.674885599999996
2014-01-25 07:00:00,70.73076574,73.12120509291667,1.2159929316559492,72.61890668,-1.8881409399999995
2014-01-25 08:00:00,72.48740311,73.09296260333333,1.2227786727591665,70.73076574,1.756637370000007
2014-01-25 09:00:00,70.83079397,73.01308106875,1.3060818446013522,72.48740311,-1.6566091400000005
2014-01-25 10:00:00,71.04843529,72.90818586166667,1.3597422199375688,70.83079397,0.21764131999999847
2014-01-25 11:00:00,70.71591042,72.86498914708334,1.4134548754148664,71.04843529,-0.3325248700000003
2014-01-25 12:00:00,70.79152507,72.76545285375,1.473131094690432,70.71591042,0.07561465000000567
2014-01-25 13:00:00,70.65705161,72.62933667083333,1.5118586655722082,70.79152507,-0.13447346000000948
2014-01-25 14:00:00,71.61997893,72.53831916583333,1.5037734182955886,70.65705161,0.9629273200000057
2014-01-25 15:00:00,71.01293809,72.42507742833332,1.5123814397951578,71.61997893,-0.6070408399999963
2014-01-25 16:00:00,71.73672317,72.33872771833333,1.4889033452561737,71.01293809,0.723785079999999
2014-01-25 17:00:00,72.73172553,72.30537785,1.4698524963109476,71.73672317,0.9950023600000009
2014-01-25 18:00:00,71.46886416,72.15050675291666,1.3435543116620683,72.73172553,-1.2628613700000102
2014-01-25 19:00:00,71.86085423,72.01918332125,1.1977606632607392,71.46886416,0.39199007000000563
2014-01-25 20:00:00,73.11208905,71.93859997666667,1.039919285014655,71.86085423,1.2512348199999934
2014-01-25 21:00:00,72.20025328,71.89127414291666,0.9985797720338009,73.11208905,-0.9118357699999962
2014-01-25 22:00:00,72.23507842,71.85505552291666,0.9679638255559545,72.20025328,0.03482513999999526
2014-01-25 23:00:00,72.0287567,71.76860369958332,0.8429963379441215,72.23507842,-0.20632171999999116
2014-01-26 00:00:00,71.82552414,71.68695063291666,0.7259584383447955,72.0287567,-0.20323256000000356
2014-01-26 01:00:00,72.33922968,71.71289203875,0.738087888828767,71.82552414,0.5137055400000037
2014-01-26 02:00:00,71.85635252,71.70132457749999,0.7333620436042497,72.33922968,-0.482877160000001
2014-01-26 03:00:00,70.5453744,71.66102625166667,0.7698520889332916,71.85635252,-1.3109781200000015
2014-01-26 04:00:00,70.37989579,71.5741021275,0.7924457012107806,70.5453744,-0.16547860999999386
2014-01-26 05:00:00,70.37604173,71.55043632124999,0.8200800399918322,70.37989579,-0.0038540600000089853
2014-01-26 06:00:00,70.77914323,71.47377951083332,0.8016410609255659,70.37604173,0.40310150000000533
2014-01-26 07:00:00,70.19317971,71.45138009291666,0.8303031859826344,70.77914323,-0.5859635200000071
2014-01-26 08:00:00,70.24674398,71.35801929583333,0.8347062098430805,70.19317971,0.05356427000000963
2014-01-26 09:00:00,71.35010374,71.37965720291666,0.8271415377682498,70.24674398,1.1033597599999894
2014-01-26 10:00:00,69.99332028,71.33569407750001,0.8723179465047781,71.35010374,-1.3567834599999884
2014-01-26 11:00:00,71.14020035,71.35337282458333,0.8634655375992178,69.99332028,1.1468800699999946
2014-01-26 12:00:00,69.67929351,71.30702984291666,0.9227439567065726,71.14020035,-1.460906840000007
2014-01-26 13:00:00,69.35287097,71.25268898291667,0.9980174330063517,69.67929351,-0.3264225399999958
2014-01-26 14:00:00,70.07391138,71.18826950166667,1.0228670316875512,69.35287097,0.7210404100000005
2014-01-26 15:00:00,70.16723295,71.15303178750001,1.0435283793090036,70.07391138,0.09332157000000052
2014-01-26 16:00:00,70.29923518,71.09313645458333,1.0498044993770683,70.16723295,0.13200222999999767
2014-01-26 17:00:00,70.53565511,71.00163352041666,0.995051289991142,70.29923518,0.23641992999999673
2014-01-26 18:00:00,71.79430755,71.01519366166667,1.0038737403650337,70.53565511,1.2586524400000059
2014-01-26 19:00:00,71.82889986,71.01386222958332,1.0027239124758884,71.79430755,0.03459231000000784
2014-01-26 20:00:00,72.54095975,70.99006517541666,0.9564733792297785,71.82889986,0.7120598899999919
2014-01-26 21:00:00,71.58480523,70.96442150666667,0.9305147854619024,72.54095975,-0.9561545199999983
2014-01-26 22:00:00,73.13032124,71.00172329083334,0.9990840832908446,71.58480523,1.54551601
2014-01-26 23:00:00,72.19137711,71.00849914125,1.00687341764101,73.13032124,-0.9389441299999959
2014-01-27 00:00:00,72.69299224,71.04464364541667,1.0520352276978553,72.19137711,0.5016151299999905
2014-01-27 01:00:00,72.52594748,71.05242355375,1.062661796772253,72.69299224,-0.16704475999999602
2014-01-27 02:00:00,72.1202739,71.06342027791668,1.0726613079855933,72.52594748,-0.4056735799999984
2014-01-27 03:00:00,71.63100933,71.10865506666666,1.072756097155442,72.1202739,-0.4892645700000031
2014-01-27 04:00:00,72.32810907,71.18983062,1.0888039010476123,71.63100933,0.6970997399999987
2014-01-27 05:00:00,71.35093709,71.23045126000001,1.0752241943623961,72.32810907,-0.9771719799999943
2014-01-27 06:00:00,72.35543488,71.29613007875001,1.0944294284957057,71.35093709,1.004497790000002
2014-01-27 07:00:00,72.9372165,71.410464945,1.1172903722795606,72.35543488,0.581781620000001
2014-01-27 08:00:00,71.70966262,71.47141988833333,1.090629445086858,72.9372165,-1.227553880000002
2014-01-27 09:00:00,72.032484,71.49985239916667,1.0962097354600493,71.70966262,0.3228213799999935
2014-01-27 10:00:00,72.49053701,71.60390309625,1.0650683355344632,72.032484,0.4580530100000004
2014-01-27 11:00:00,71.89054985,71.63516765875,1.061873030176105,72.49053701,-0.5999871599999977
2014-01-27 12:00:00,71.26701803,71.70132284708333,0.9811099280188068,71.89054985,-0.6235318199999966
2014-01-27 13:00:00,74.46663598,71.91439638916667,1.0039354381146643,71.26701803,3.199617950000004
2014-01-27 14:00:00,72.22220945,72.00390880875001,0.9254012249213933,74.46663598,-2.2444265300000126
2014-01-27 15:00:00,73.72378953,72.15209866625001,0.902990603625125,72.22220945,1.5015800800000108
2014-01-27 16:00:00,73.22172217,72.2738689575,0.8368973742227512,73.72378953,-0.5020673599999981
2014-01-27 17:00:00,73.98717586,72.41768232208334,0.821631311982435,73.22172217,0.7654536899999869
2014-01-27 18:00:00,73.03814208,72.46950876083334,0.8198277917192187,73.98717586,-0.9490337799999935
2014-01-27 19:00:00,73.32673418,72.53191852416667,0.8259298095176096,73.03814208,0.28859210000000246
2014-01-27 20:00:00,74.66952758,72.62060885041667,0.9341396532842453,73.32673418,1.3427933999999908
2014-01-27 21:00:00,74.79814747,72.75449811041666,1.0066894041392556,74.66952758,0.12861989000001017
2014-01-27 22:00:00,73.00862053,72.74942724750001,1.005019139967677,74.79814747,-1.7895269400000018
2014-01-27 23:00:00,72.03939489,72.743094655,1.0091585690111422,73.00862053,-0.9692256400000048
2014-01-28 00:00:00,72.84926503,72.74960602125,1.009325382696315,72.03939489,0.809870140000001
2014-01-28 01:00:00,72.21653075,72.7367136575,1.014270453947651,72.84926503,-0.632734279999994
2014-01-28 02:00:00,72.82207234,72.76595525916666,1.0058068609632245,72.21653075,0.6055415900000014
2014-01-28 03:00:00,72.13937972,72.78713735875,0.9860244605798274,72.82207234,-0.6826926200000116
2014-01-28 04:00:00,71.41855654,72.74923933666666,1.021283371942199,72.13937972,-0.7208231799999965
2014-01-28 05:00:00,72.13106037,72.78174447333333,0.9866718705146569,71.41855654,0.7125038300000028
2014-01-28 06:00:00,70.30742259,72.69641062791668,1.1064387817855588,72.13106037,-1.8236377799999985
2014-01-28 07:00:00,71.29753092,72.62809039541666,1.141006595252775,70.30742259,0.9901083299999982
2014-01-28 08:00:00,70.73465105,72.58746491333333,1.1913748327856213,71.29753092,-0.5628798700000033
2014-01-28 09:00:00,70.97773483,72.54351703125,1.2315150611685977,70.73465105,0.2430837800000063
2014-01-28 10:00:00,71.29569485,72.49373194125,1.257624450480265,70.97773483,0.317960020000001
2014-01-28 11:00:00,70.86865163,72.45115284875,1.295658114262122,71.29569485,-0.4270432200000016
2014-01-28 12:00:00,71.13147563,72.44550524875,1.3013270155411885,70.86865163,0.26282399999999484
2014-01-28 13:00:00,71.26149539,72.31195772416666,1.2482730218491138,71.13147563,0.13001975999999615
2014-01-28 14:00:00,71.94856019,72.30055567166666,1.250376468606792,71.26149539,0.6870648000000017
2014-01-28 15:00:00,73.39954311,72.28704540416666,1.2359989503809814,71.94856019,1.4509829200000013
2014-01-28 16:00:00,72.71250801,72.26582814749999,1.223564677626828,73.39954311,-0.6870351000000028
2014-01-28 17:00:00,72.77672232,72.21539258333333,1.1734465581041056,72.71250801,0.06421431000001121
2014-01-28 18:00:00,72.35599271,72.18696969291666,1.1608454560150543,72.77672232,-0.4207296100000093
2014-01-28 19:00:00,73.15618385,72.17986342916667,1.1540671179697124,72.35599271,0.8001911400000097
2014-01-28 20:00:00,73.63572063,72.13678813958335,1.0735878908441172,73.15618385,0.47953677999998945
2014-01-28 21:00:00,72.21822025,72.02929117208333,0.9126181976082782,73.63572063,-1.4175003799999928
2014-01-28 22:00:00,73.09245779,72.03278439124999,0.9166811550413906,72.21822025,0.8742375399999958
2014-01-28 23:00:00,72.11831496,72.03607272750001,0.9168474360772872,73.09245779,-0.974142829999991
2014-01-29 00:00:00,71.42071144,71.97654966124999,0.9080884841794095,72.11831496,-0.6976035200000013
2014-01-29 01:00:00,70.56138073,71.90758507708334,0.9509110833812301,71.42071144,-0.8593307100000089
2014-01-29 02:00:00,71.67378573,71.85973980166666,0.9315897708611883,70.56138073,1.1124050000000096
2014-01-29 03:00:00,70.69482748,71.799550125,0.9589995608643564,71.67378573,-0.9789582500000051
2014-01-29 04:00:00,71.05763613,71.78451177458334,0.9680212054033351,70.69482748,0.3628086500000052
2014-01-29 05:00:00,69.64124933,71.68076964791666,1.0584581881542814,71.05763613,-1.4163868000000122
2014-01-29 06:00:00,69.98065226,71.6671542175,1.0787985225551935,69.64124933,0.33940293000000565
2014-01-29 07:00:00,69.64774646,71.59841319833333,1.1533603503026773,69.98065226,-0.332905800000006
2014-01-29 08:00:00,68.90916513,71.522351285,1.2673601872680653,69.64774646,-0.7385813299999882
2014-01-29 09:00:00,68.87238795,71.43462849833334,1.374988602590431,68.90916513,-0.03677718000000141
2014-01-29 10:00:00,69.78818855,71.37181573583334,1.415449313000176,68.87238795,0.9158005999999972
2014-01-29 11:00:00,71.12277947,71.38240439583332,1.4124689992362336,69.78818855,1.3345909199999966
2014-01-29 12:00:00,69.26547487,71.30465436416667,1.4767756188092895,71.12277947,-1.857304599999992
2014-01-29 13:00:00,69.4026087,71.22720075208333,1.5270298077163749,69.26547487,0.13713382999999624
2014-01-29 14:00:00,70.83920046,71.18097743,1.5210232149548695,69.4026087,1.4365917599999989
2014-01-29 15:00:00,69.3426551,71.01194042958333,1.488833777655055,70.83920046,-1.496545359999999
2014-01-29 16:00:00,70.48650218,70.91919018666667,1.4470373193000998,69.3426551,1.1438470800000005
2014-01-29 17:00:00,71.05859214,70.84760142916666,1.3926218556112868,70.48650218,0.5720899599999996
2014-01-29 18:00:00,72.61395853,70.85835000499999,1.4057042168173361,71.05859214,1.5553663900000032
2014-01-29 19:00:00,72.86434604,70.84619009625,1.386088191735282,72.61395853,0.2503875099999959
2014-01-29 20:00:00,72.37767629,70.79377158208334,1.2969287379274466,72.86434604,-0.48666975000000434
2014-01-29 21:00:00,71.96930019,70.78339991291666,1.2859911971944538,72.37767629,-0.40837609999999813
2014-01-29 22:00:00,70.34552908,70.66894455,1.1902204605286828,71.96930019,-1.6237711099999927
2014-01-29 23:00:00,70.14337141,70.58665523541667,1.1533581388095695,70.34552908,-0.2021576700000054
2014-01-30 00:00:00,69.65669593,70.51315458916666,1.1541027607322731,70.14337141,-0.4866754800000024
2014-01-30 01:00:00,70.78838358,70.52261304125,1.155444603581381,69.65669593,1.1316876500000035
2014-01-30 02:00:00,69.51059999,70.43248030208333,1.1460745733238225,70.78838358,-1.2777835899999985
2014-01-30 03:00:00,70.31048879,70.41646619000001,1.1449340284705516,69.51059999,0.7998887999999909
2014-01-30 04:00:00,68.33312277,70.30294479999999,1.2117186994125924,70.31048879,-1.977366019999991
2014-01-30 05:00:00,69.11285507,70.2809283725,1.2289421054421485,68.33312277,0.779732299999992
2014-01-30 06:00:00,68.36206502,70.21348723749999,1.2890775523508888,69.11285507,-0.750790049999992
2014-01-30 07:00:00,70.00255638,70.22827098416667,1.2843331090791903,68.36206502,1.6404913599999986
2014-01-30 08:00:00,69.84002555,70.267056835,1.2565196127473206,70.00255638,-0.16253083000000856
2014-01-30 09:00:00,70.8745921,70.35048200791667,1.2259923917778255,69.84002555,1.034566550000008
2014-01-30 10:00:00,69.71342166,70.34736672083334,1.227577288132281,70.8745921,-1.1611704400000065
2014-01-30 11:00:00,70.57222326,70.32442687875,1.2175603515244329,69.71342166,0.8588016000000067
2014-01-30 12:00:00,71.52531104,70.41858671916667,1.2194863747687126,70.57222326,0.9530877800000042
2014-01-30 13:00:00,72.153684,70.53321485666667,1.2487799614795458,71.52531104,0.628372959999993
2014-01-30 14:00:00,71.81595951,70.57391315041666,1.2748305300825749,72.153684,-0.3377244899999994
2014-01-30 15:00:00,72.36544447,70.6998627075,1.297025113731084,71.81595951,0.5494849600000009
2014-01-30 16:00:00,72.4569589,70.78196507083334,1.3444311955712103,72.36544447,0.0915144300000037
2014-01-30 17:00:00,74.33983452,70.91868350333334,1.5280805902724304,72.4569589,1.882875619999993
2014-01-30 18:00:00,72.53925557,70.91557088,1.5245492643015188,74.33983452,-1.800578950000002
2014-01-30 19:00:00,73.62854553,70.94741252541667,1.5741931545703947,72.53925557,1.089289960000002
2014-01-30 20:00:00,74.16754767,71.02199049958334,1.6835013326679142,73.62854553,0.539002140000008
2014-01-30 21:00:00,72.13192721,71.02876662541667,1.6878018483479924,74.16754767,-2.035620460000004
2014-01-30 22:00:00,72.59170057,71.12235710416667,1.7103934905791824,72.13192721,0.4597733599999998
2014-01-30 23:00:00,73.23535767,71.251189865,1.7494504081798572,72.59170057,0.6436570999999986
2014-01-31 00:00:00,71.19719727,71.31537742083334,1.7163521489465166,73.23535767,-2.0381603999999953
2014-01-31 01:00:00,72.61891747,71.39164966625,1.7325121657500053,71.19719727,1.4217201999999958
2014-01-31 02:00:00,70.88976393,71.44911483041666,1.6897523722409165,72.61891747,-1.7291535399999987
2014-01-31 03:00:00,71.45727319,71.49689751375,1.672278472902183,70.88976393,0.5675092599999942
2014-01-31 04:00:00,70.03927892,71.56798735333332,1.5647439387697817,71.45727319,-1.4179942699999941
2014-01-31 05:00:00,71.28071130000002,71.65831469625,1.476964851501927,70.03927892,1.2414323800000204
2014-01-31 06:00:00,70.26626228,71.73765624875,1.33667733747095,71.28071130000002,-1.014449020000015
2014-01-31 07:00:00,70.99283914,71.77891803041668,1.2954362223760985,70.26626228,0.7265768599999944
2014-01-31 08:00:00,72.32981714,71.88265934666667,1.2315323905289162,70.99283914,1.336978000000002
2014-01-31 09:00:00,73.11036920000002,71.97581672583334,1.2365142000685487,72.32981714,0.7805520600000193
2014-01-31 10:00:00,71.65932377,72.05689598041667,1.141894183496111,73.11036920000002,-1.451045430000022
2014-01-31 11:00:00,71.69114293,72.10351763333334,1.1007422362955934,71.65932377,0.03181915999999774
2014-01-31 12:00:00,73.06636241,72.16772810708333,1.1104516391880646,71.69114293,1.3752194799999984
2014-01-31 13:00:00,72.80727072,72.19496088708333,1.11808034093129,73.06636241,-0.2590916899999911
2014-01-31 14:00:00,73.03538763,72.24577039208334,1.127773883617255,72.80727072,0.22811690999999712
2014-01-31 15:00:00,74.79646198,72.34706278833333,1.242342852487596,73.03538763,1.7610743500000012
2014-01-31 16:00:00,74.73596869,72.44202152958333,1.334768257082168,74.79646198,-0.06049328999999659
2014-01-31 17:00:00,74.52413086,72.44970054375,1.3466385655891189,74.73596869,-0.21183783000000744
2014-01-31 18:00:00,75.13725636,72.55795057666667,1.4542698346792269,74.52413086,0.6131254999999953
2014-01-31 19:00:00,75.51339861,72.63648612166666,1.561537548548001,75.13725636,0.3761422500000009
2014-01-31 20:00:00,74.97912619,72.67030189333333,1.6043359418359968,75.51339861,-0.5342724199999935
2014-01-31 21:00:00,75.16085571,72.7965072475,1.677605718150103,74.97912619,0.18172952000000464
2014-01-31 22:00:00,73.94071425,72.85271615083333,1.6929744734457595,75.16085571,-1.2201414600000078
2014-01-31 23:00:00,74.6188033,72.91035971875,1.7297227925950633,73.94071425,0.678089049999997
2014-02-01 00:00:00,74.59156686,73.05179178499999,1.7223101368621967,74.6188033,-0.02723643999999581
2014-02-01 01:00:00,73.28286835,73.079456405,1.720386066769447,74.59156686,-1.3086985099999993
2014-02-01 02:00:00,74.00350054,73.20919543041667,1.6645782897996615,73.28286835,0.7206321900000034
2014-02-01 03:00:00,72.69543879,73.26078566375001,1.6266759571881457,74.00350054,-1.3080617500000074
2014-02-01 04:00:00,71.81722439,73.334866725,1.509877172757754,72.69543879,-0.8782143999999903
2014-02-01 05:00:00,71.22178031,73.33241126708333,1.5134068068775877,71.81722439,-0.5954440800000071
2014-02-01 06:00:00,70.71015231,73.350906685,1.476570148023372,71.22178031,-0.5116280000000017
2014-02-01 07:00:00,71.85774564,73.38694445583333,1.426211831087191,70.71015231,1.1475933300000065
2014-02-01 08:00:00,72.71240816,73.40288574833333,1.4159837011039795,71.85774564,0.8546625199999909
2014-02-01 09:00:00,70.8336897,73.3080241025,1.509599129059789,72.71240816,-1.8787184600000018
2014-02-01 10:00:00,70.79616568,73.27205918208334,1.5600255814070327,70.8336897,-0.03752401999999222
2014-02-01 11:00:00,71.21849014,73.25236531583333,1.5836553340225097,70.79616568,0.4223244599999987
2014-02-01 12:00:00,70.71605474,73.15443582958333,1.6661761327629514,71.21849014,-0.502435399999996
2014-02-01 13:00:00,70.86097936,73.07334035625,1.7299518763025428,70.71605474,0.14492461999999762
2014-02-01 14:00:00,70.84299733,72.98199076041666,1.7889222649031036,70.86097936,-0.017982029999998872
2014-02-01 15:00:00,71.92974532,72.86254423291666,1.7579395215982871,70.84299733,1.0867479899999921
2014-02-01 16:00:00,71.79294961,72.73991843791667,1.7238922684402262,71.92974532,-0.13679571000000124
2014-02-01 17:00:00,71.10245254,72.59734850791666,1.7113630073142054,71.79294961,-0.6904970699999922
2014-02-01 18:00:00,71.47578673,72.44478727333333,1.6366685075368452,71.10245254,0.37333418999999424
2014-02-01 19:00:00,73.06019458,72.34257043875,1.508257263100453,71.47578673,1.5844078500000052
2014-02-01 20:00:00,71.57960823,72.20092385708334,1.4060501931972786,73.06019458,-1.4805863499999958
2014-02-01 21:00:00,72.00120605,72.06927178791666,1.2568627362041185,71.57960823,0.42159781999998813
2014-02-01 22:00:00,71.53750218,71.96913795166667,1.1955175293619353,72.00120605,-0.46370386999998914
2014-02-01 23:00:00,71.07065184,71.8212983075,1.0659762444263554,71.53750218,-0.4668503400000077
2014-02-02 00:00:00,70.44906285,71.64869397375001,0.9238071342057083,71.07065184,-0.6215889899999922
2014-02-02 01:00:00,71.26135473,71.56446423958333,0.8581548844378472,70.44906285,0.8122918799999894
2014-02-02 02:00:00,71.33996454,71.45348357291667,0.6834626216723713,71.26135473,0.07860981000000322
2014-02-02 03:00:00,71.30097322,71.39538084083333,0.630512936709253,71.33996454,-0.038991319999993834
2014-02-02 04:00:00,69.9892031,71.31921328708334,0.6853662589925823,71.30097322,-1.3117701200000056
2014-02-02 05:00:00,70.48431814,71.28848569666667,0.7061412345582173,69.9892031,0.4951150400000017
2014-02-02 06:00:00,70.00301726,71.25902173625,0.7450048085257253,70.48431814,-0.48130088000000626
2014-02-02 07:00:00,70.80399895,71.21511562416667,0.7392137212728241,70.00301726,0.8009816900000004
2014-02-02 08:00:00,69.16903154,71.06747493166667,0.7798962543927789,70.80399895,-1.6349674099999874
2014-02-02 09:00:00,70.23674187,71.04260210541666,0.7970077726070673,69.16903154,1.067710329999997
2014-02-02 10:00:00,70.13354079,71.014992735,0.8171386681343602,70.23674187,-0.10320108000000516
2014-02-02 11:00:00,70.15141027,70.97053107375,0.8344323299313103,70.13354079,0.01786948000000166
2014-02-02 12:00:00,69.00452108,70.89921717125,0.9253144976738913,70.15141027,-1.146889189999996
2014-02-02 13:00:00,69.71760276,70.85157647958333,0.956284439801087,69.00452108,0.7130816800000019
2014-02-02 14:00:00,70.12305221,70.82157876625,0.9677880581796713,69.71760276,0.4054494499999919
2014-02-02 15:00:00,69.76208503,70.7312595875,0.9609964994929924,70.12305221,-0.36096718000000294
2014-02-02 16:00:00,69.90676189,70.6526684325,0.9474267514353586,69.76208503,0.14467686000000413
2014-02-02 17:00:00,70.43625119,70.62491004291667,0.9434266713651139,69.90676189,0.5294892999999945
2014-02-02 18:00:00,71.23295217,70.61479193625,0.9351704425745289,70.43625119,0.7967009800000113
2014-02-02 19:00:00,71.99986698,70.57061161958333,0.8342166223969211,71.23295217,0.7669148099999887
2014-02-02 20:00:00,72.88904636,70.62517154166666,0.9392809975514809,71.99986698,0.8891793800000016
2014-02-02 21:00:00,72.65424564,70.65238152458333,0.9890184804319364,72.88904636,-0.23480071999999552
2014-02-02 22:00:00,71.64446397,70.65683826583333,0.9934116896805827,72.65424564,-1.0097816699999953
2014-02-02 23:00:00,72.49652262,70.71624954833332,1.059664017641715,71.64446397,0.8520586499999894
2014-02-03 00:00:00,72.19594917,70.78903647833333,1.0997507987059116,72.49652262,-0.3005734499999875
2014-02-03 01:00:00,71.27499667,70.78960489250001,1.1000090289274502,72.19594917,-0.9209525000000127
2014-02-03 02:00:00,71.54927665,70.79832623041666,1.1053788809726801,71.27499667,0.27427998000000287
2014-02-03 03:00:00,71.37741336,70.80151123625,1.1069991018952732,71.54927665,-0.17186328999999034
2014-02-03 04:00:00,70.96126394,70.84201377125,1.0936891450235402,71.37741336,-0.41614942000001065
2014-02-03 05:00:00,70.86526769,70.85788666916666,1.0910333068577287,70.96126394,-0.0959962499999989
2014-02-03 06:00:00,69.51742692,70.83765373833333,1.1118793389361505,70.86526769,-1.3478407699999906
2014-02-03 07:00:00,70.23699729,70.81402866916666,1.1186288258560957,69.51742692,0.7195703699999996
2014-02-03 08:00:00,70.25478592,70.859268435,1.070112102507472,70.23699729,0.017788629999998307
2014-02-03 09:00:00,69.54660274,70.83051263791667,1.0965147231584604,70.25478592,-0.708183180000006
2014-02-03 10:00:00,71.28535022,70.87850469749999,1.089869440502928,69.54660274,1.7387474800000007
2014-02-03 11:00:00,71.76620383,70.9457877625,1.0928711551837516,71.28535022,0.48085360999999693
2014-02-03 12:00:00,73.1581291,71.11885476333333,1.100939020159445,71.76620383,1.3919252700000015
2014-02-03 13:00:00,72.81950243,71.24810058291668,1.1113118461237022,73.1581291,-0.33862666999999647
2014-02-03 14:00:00,73.94357122,71.40728887499999,1.2122018891724728,72.81950243,1.1240687899999955
2014-02-03 15:00:00,73.31051239,71.55514001499999,1.2191924213908978,73.94357122,-0.633058829999996
2014-02-03 16:00:00,75.01779737,71.76809982666667,1.357303818005905,73.31051239,1.7072849799999972
2014-02-03 17:00:00,73.79603192,71.90809069041667,1.3869052697716293,75.01779737,-1.2217654499999924
2014-02-03 18:00:00,74.03478298,72.02483364083334,1.4443376292306007,73.79603192,0.23875105999999846
2014-02-03 19:00:00,74.89001392,72.14525643,1.5581643666189187,74.03478298,0.8552309399999984
2014-02-03 20:00:00,74.20342727,72.20002230125,1.6077531307790822,74.89001392,-0.6865866499999953
2014-02-03 21:00:00,75.47335894,72.31748535541666,1.7399310984614875,74.20342727,1.2699316699999912
2014-02-03 22:00:00,74.35480145,72.43041608374999,1.781802994141464,75.47335894,-1.1185574900000006
2014-02-03 23:00:00,73.90516246,72.48910941041667,1.8070963133335785,74.35480145,-0.44963898999999685
2014-02-04 00:00:00,74.27115536,72.57557633500001,1.8417742050275083,73.90516246,0.36599289999999485
2014-02-04 01:00:00,72.83977840000001,72.64077557374999,1.8213147878905454,74.27115536,-1.4313769599999802
2014-02-04 02:00:00,72.75240643,72.69090598125,1.8064629379574102,72.83977840000001,-0.08737197000002084
2014-02-04 03:00:00,72.32492459999997,72.73038561625,1.7867551846895644,72.75240643,-0.42748183000001916
2014-02-04 04:00:00,73.52854801,72.83735578583334,1.752761956597915,72.32492459999997,1.20362341000002
2014-02-04 05:00:00,72.4911934,72.90510269041667,1.7039667079970635,73.52854801,-1.0373546099999942
2014-02-04 06:00:00,72.27198579,73.01987597666667,1.5518418030028152,72.4911934,-0.219207609999998
2014-02-04 07:00:00,71.4871934,73.07196748125,1.4733646214097293,72.27198579,-0.7847923900000069
2014-02-04 08:00:00,72.12293771,73.14980713916667,1.3632953256995102,71.4871934,0.6357443100000069
2014-02-04 09:00:00,72.29360612,73.26426561333334,1.1455544654151404,72.12293771,0.17066841000000466
2014-02-04 10:00:00,72.86539996,73.33010101916666,1.06977751087739,72.29360612,0.571793839999998
2014-02-04 11:00:00,71.36774996,73.31349877458332,1.0978275436048497,72.86539996,-1.4976500000000073
2014-02-04 12:00:00,73.26391824,73.31790665541666,1.0973888860093715,71.36774996,1.8961682799999977
2014-02-04 13:00:00,73.68072512,73.35379093416667,1.0944595758996576,73.26391824,0.41680688000001
2014-02-04 14:00:00,72.61150204,73.29828805166666,1.0970232230324972,73.68072512,-1.0692230800000004
2014-02-04 15:00:00,73.07639687,73.28853323833333,1.0979502919358728,72.61150204,0.46489482999999154
2014-02-04 16:00:00,74.24530254,73.25634595375,1.0555561062784105,73.07639687,1.168905670000001
2014-02-04 17:00:00,74.49700643,73.28555322499999,1.0805408040712323,74.24530254,0.2517038900000017
2014-02-04 18:00:00,75.69456912,73.35471098083333,1.1791909375394212,74.49700643,1.197562689999998
2014-02-04 19:00:00,74.47440675,73.33739401541668,1.1585347865996267,75.69456912,-1.220162369999997
2014-02-04 20:00:00,74.34991774,73.343497785,1.1636703952363328,74.47440675,-0.1244890100000049
2014-02-04 21:00:00,73.98990175,73.28168706875,1.0821636566777775,74.34991774,-0.36001598999999374
2014-02-04 22:00:00,73.49337021,73.24579410041666,1.0590626308410624,73.98990175,-0.49653154000000654
2014-02-04 23:00:00,74.69248458,73.27859918875,1.092054956162449,73.49337021,1.1991143700000038
2014-02-05 00:00:00,72.92171344,73.22237244208333,1.0733077192170897,74.69248458,-1.7707711399999937
2014-02-05 01:00:00,73.9381704,73.26813877541667,1.0796834625528118,72.92171344,1.0164569599999993
2014-02-05 02:00:00,73.26932063,73.28967686708333,1.0740894004443502,73.9381704,-0.6688497700000084
2014-02-05 03:00:00,72.89486303,73.31342430166667,1.0580121100832793,73.26932063,-0.3744575999999995
2014-02-05 04:00:00,71.82789886,73.24256392041667,1.0991293067442784,72.89486303,-1.0669641699999914
2014-02-05 05:00:00,71.50326635,73.20140029333332,1.1459928688705496,71.82789886,-0.3246325100000007
2014-02-05 06:00:00,72.43797863,73.20831666166667,1.1406280749994093,71.50326635,0.9347122799999994
2014-02-05 07:00:00,71.49212101,73.20852197875,1.1403051946012306,72.43797863,-0.9458576199999982
2014-02-05 08:00:00,71.97523749,73.20236780291667,1.1467988527561324,71.49212101,0.4831164799999925
2014-02-05 09:00:00,72.25395073,73.20071549500001,1.1481928451995567,71.97523749,0.27871324000000186
2014-02-05 10:00:00,72.56517449,73.18820610041666,1.1536274895492864,72.25395073,0.3112237600000043
2014-02-05 11:00:00,71.83775883,73.20778980333334,1.125014774854171,72.56517449,-0.7274156600000055
2014-02-05 12:00:00,73.44242506,73.2152275875,1.1259916443197815,71.83775883,1.6046662300000065
2014-02-05 13:00:00,74.27947284,73.24017540916667,1.1432544652677477,73.44242506,0.8370477799999918
2014-02-05 14:00:00,72.99596329,73.25619462791667,1.136737481631205,74.27947284,-1.283509549999991
2014-02-05 15:00:00,74.10552743,73.29907506791666,1.149004630729193,72.99596329,1.1095641399999892
2014-02-05 16:00:00,73.61788608,73.27293271541667,1.1335737954400527,74.10552743,-0.48764134999998987
2014-02-05 17:00:00,73.31701516,73.22376641250001,1.103361083201817,73.61788608,-0.30087092000000837
2014-02-05 18:00:00,73.01174645,73.11198213458333,0.9699959589432198,73.31701516,-0.3052687099999929
2014-02-05 19:00:00,74.31390131,73.10529440791667,0.9607029840842272,73.01174645,1.3021548600000017
2014-02-05 20:00:00,73.22819982,73.05855616125,0.9241081838646433,74.31390131,-1.0857014900000053
2014-02-05 21:00:00,73.72890646,73.0476813575,0.9141537583770077,73.22819982,0.5007066400000042
2014-02-05 22:00:00,72.94723977,73.0249259225,0.909361832717776,73.72890646,-0.7816666900000087
2014-02-05 23:00:00,73.8378393,72.98931570250001,0.8564141080098284,72.94723977,0.8905995300000029
2014-02-06 00:00:00,72.12373833,72.95606673958333,0.8744528758578105,73.8378393,-1.714100970000004
2014-02-06 01:00:00,72.04284098,72.87709468041666,0.8674584505592509,72.12373833,-0.08089735000000076
2014-02-06 02:00:00,72.25186859,72.83470084541666,0.8723050058417083,72.04284098,0.2090276100000068
2014-02-06 03:00:00,73.09282493,72.84294925791666,0.8738332399152333,72.25186859,0.8409563400000053
2014-02-06 04:00:00,71.36865067,72.82381391666667,0.9016141409895952,73.09282493,-1.7241742600000123
2014-02-06 05:00:00,71.49960342,72.82366129458335,0.9018476774632384,71.36865067,0.13095275000000584
2014-02-06 06:00:00,70.32354612,72.73555994,1.0346625740049133,71.49960342,-1.1760572999999965
2014-02-06 07:00:00,70.39520632,72.68985516125001,1.1132227641023742,70.32354612,0.07166019999999662
2014-02-06 08:00:00,71.16626768,72.65614808583332,1.1475203059380732,70.39520632,0.7710613600000045
2014-02-06 09:00:00,70.02861579,72.56342579666666,1.2652941007362346,71.16626768,-1.1376518900000008
2014-02-06 10:00:00,71.96241743,72.53831091916668,1.2712260521515464,70.02861579,1.9338016399999987
2014-02-06 11:00:00,72.38074162,72.56093520208334,1.2630214084475488,71.96241743,0.41832418999999277
2014-02-06 12:00:00,71.76366871,72.49098702083334,1.2585587743417617,72.38074162,-0.6170729099999903
2014-02-06 13:00:00,71.43442294,72.37244327500001,1.216046652319242,71.76366871,-0.32924577
2014-02-06 14:00:00,72.96389766,72.37110720708333,1.215349222182265,71.43442294,1.529474719999996
2014-02-06 15:00:00,72.40563890000001,72.30027851833334,1.1580582302193017,72.96389766,-0.5582587599999869
2014-02-06 16:00:00,73.24319119,72.28466623125,1.1419361639994716,72.40563890000001,0.8375522899999908
2014-02-06 17:00:00,74.49209885,72.33362805166666,1.211213887691989,73.24319119,1.2489076600000004
2014-02-06 18:00:00,75.67593984,72.44463610958333,1.3855991558215772,74.49209885,1.183840989999993
2014-02-06 19:00:00,76.29491541,72.52717836375,1.550937113720904,75.67593984,0.6189755700000035
2014-02-06 20:00:00,74.47855616,72.57927654458334,1.5958593069914366,76.29491541,-1.816359250000005
2014-02-06 21:00:00,73.97881601,72.5896894425,1.604478769861886,74.47855616,-0.49974014999999383
2014-02-06 22:00:00,74.2503925,72.64398747291666,1.6387884258684229,73.97881601,0.27157649000000106
2014-02-06 23:00:00,73.65281821,72.63627826083332,1.6333542909383967,74.2503925,-0.5975742899999972
2014-02-07 00:00:00,73.5566298,72.69598207208334,1.639979642063466,73.65281821,-0.09618841000001055
2014-02-07 01:00:00,74.55125277,72.80049923,1.6760788636110673,73.5566298,0.9946229700000089
2014-02-07 02:00:00,73.17815807,72.839094625,1.673559189843553,74.55125277,-1.37309470000001
2014-02-07 03:00:00,73.99622426,72.87673626375,1.6895969781503362,73.17815807,0.8180661900000104
2014-02-07 04:00:00,72.16705646,72.91000317166667,1.6663124555775712,73.99622426,-1.8291678000000076
2014-02-07 05:00:00,72.45023357,72.94961276125,1.6424563014255429,72.16705646,0.2831771099999969
2014-02-07 06:00:00,73.06302806,73.06375784208333,1.5442766814828748,72.45023357,0.6127944899999989
2014-02-07 07:00:00,72.0095,73.13102007875,1.4556022532806145,73.06302806,-1.0535280599999908
2014-02-07 08:00:00,71.80741665,73.15773461916667,1.4235051381607615,72.0095,-0.20208335000000943
2014-02-07 09:00:00,71.04467432,73.20007039125001,1.3389980316417698,71.80741665,-0.7627423299999947
2014-02-07 10:00:00,71.97005629,73.20038867708332,1.3386919177750625,71.04467432,0.9253819700000037
2014-02-07 11:00:00,72.90941163,73.22241659416666,1.3289323928738062,71.97005629,0.9393553399999917
2014-02-07 12:00:00,72.17063774,73.23937363708335,1.3119981837917927,72.90941163,-0.7387738899999903
2014-02-07 13:00:00,73.06947938,73.30750098875,1.2554304192255068,72.17063774,0.8988416400000006
2014-02-07 14:00:00,73.0341092,73.31042646958333,1.254676500537059,73.06947938,-0.03537018000000103
2014-02-07 15:00:00,73.80953945,73.36892232583334,1.2433344479819084,73.0341092,0.7754302499999994
2014-02-07 16:00:00,74.31038278,73.41338864208333,1.2576433798264044,73.80953945,0.500843329999995
2014-02-07 17:00:00,73.68024234,73.3795612875,1.2381344707168933,74.31038278,-0.630140439999991
2014-02-07 18:00:00,74.41363078,73.32696507666667,1.1607348279685292,73.68024234,0.7333884399999988
2014-02-07 19:00:00,74.41119626,73.24847677875,1.004489942116442,74.41363078,-0.0024345200000084333
2014-02-07 20:00:00,75.30582101,73.2829461475,1.0611326129519312,74.41119626,0.8946247500000055
2014-02-07 21:00:00,73.72231831,73.27225874333334,1.0550938027384045,75.30582101,-1.5835026999999968
2014-02-07 22:00:00,73.956886,73.26002930583333,1.0449153671680986,73.72231831,0.23456768999999156
2014-02-07 23:00:00,74.57015739,73.29825177166667,1.076217134482473,73.956886,0.6132713900000084
2014-02-08 00:00:00,74.38656607,73.33283244958334,1.0979935340809466,74.57015739,-0.183591320000005
2014-02-08 01:00:00,73.40422925,73.28503980291667,1.0671843399789884,74.38656607,-0.9823368200000004
2014-02-08 02:00:00,74.70798308,73.34878251166667,1.1055221908246637,73.40422925,1.303753830000005
2014-02-08 03:00:00,74.45851269,73.36804452958333,1.1212093601675865,74.70798308,-0.24947038999999904
2014-02-08 04:00:00,73.61811087,73.42850513,1.09238409165246,74.45851269,-0.840401820000011
2014-02-08 05:00:00,72.61189448,73.43524100125,1.086572550380049,73.61811087,-1.0062163899999916
2014-02-08 06:00:00,72.51799386,73.41253124291667,1.1002991710960643,72.61189448,-0.09390061999999944
2014-02-08 07:00:00,72.23863682,73.42207861041668,1.0885268048099455,72.51799386,-0.27935704000000783
2014-02-08 08:00:00,72.24960786,73.44050324416666,1.0634621702402598,72.23863682,0.010971040000001153
2014-02-08 09:00:00,72.36965218,73.495710655,0.9633607000660679,72.24960786,0.1200443200000052
2014-02-08 10:00:00,73.01194094,73.53912251541668,0.9138225978688647,72.36965218,0.6422887599999996
2014-02-08 11:00:00,71.62813647,73.48573605041666,0.9867288765481781,73.01194094,-1.3838044700000012
2014-02-08 12:00:00,73.08187593,73.52370430833334,0.9508028746436433,71.62813647,1.4537394599999942
2014-02-08 13:00:00,72.56747177,73.50278732458334,0.9666202964954755,73.08187593,-0.514404159999998
2014-02-08 14:00:00,72.40514197,73.47658035666667,0.9881656955030741,72.56747177,-0.16232979999999486
2014-02-08 15:00:00,71.49508201,73.38014463,1.0642637936238972,72.40514197,-0.9100599599999981
2014-02-08 16:00:00,72.94715866,73.323343625,1.0487222463566108,71.49508201,1.452076649999995
2014-02-08 17:00:00,72.921265,73.29171956916667,1.0489354984150678,72.94715866,-0.025893659999994156
2014-02-08 18:00:00,73.01400553,73.23340185041667,1.022420997417444,72.921265,0.09274053000000038
2014-02-08 19:00:00,72.79306485,73.16597970833332,0.9943432860968714,73.01400553,-0.22094068000001243
2014-02-08 20:00:00,72.85442183,73.06383807583333,0.8848552995193751,72.79306485,0.06135698000001355
2014-02-08 21:00:00,71.65525912,72.97771060958333,0.9179550195103156,72.85442183,-1.1991627100000102
2014-02-08 22:00:00,72.67823919,72.92443365916667,0.8954845395618299,71.65525912,1.0229800700000027
2014-02-08 23:00:00,71.24393979999998,72.78584125958334,0.8870614269402181,72.67823919,-1.434299390000021
2014-02-09 00:00:00,72.55938056,72.70970853,0.819545190367125,71.24393979999998,1.3154407600000155
2014-02-09 01:00:00,72.05872252,72.65364574958333,0.8159827429065971,72.55938056,-0.5006580399999905
2014-02-09 02:00:00,70.76837988,72.48949561625,0.7802251454854819,72.05872252,-1.2903426400000058
2014-02-09 03:00:00,72.2572247,72.39777528333333,0.6585985800043743,70.76837988,1.488844819999997
2014-02-09 04:00:00,70.78523809,72.2797389175,0.683754764975163,72.2572247,-1.4719866099999876
2014-02-09 05:00:00,70.62316491,72.19687518541666,0.7582041103747884,70.78523809,-0.16207318000000726
2014-02-09 06:00:00,69.95124246,72.08992721041666,0.8818786801232865,70.62316491,-0.6719224499999967
2014-02-09 07:00:00,69.93090011,71.99377151416667,0.984769043564009,69.95124246,-0.02034235000000706
2014-02-09 08:00:00,70.59418428,71.92479553166667,1.0232922000355538,69.93090011,0.6632841699999972
2014-02-09 09:00:00,70.22278152,71.8353425875,1.0752316165061626,70.59418428,-0.37140275999999517
2014-02-09 10:00:00,70.96283441,71.74996314875,1.0589733531425858,70.22278152,0.7400528900000012
2014-02-09 11:00:00,69.80899995,71.67416579374999,1.1307438029891899,70.96283441,-1.1538344599999988
2014-02-09 12:00:00,70.54885559,71.56862327958333,1.11169102479074,69.80899995,0.7398556400000018
2014-02-09 13:00:00,69.93109781,71.45877436458333,1.1386280461779783,70.54885559,-0.6177577800000051
2014-02-09 14:00:00,69.51149457,71.33820572291667,1.1862674720538335,69.93109781,-0.4196032400000007
2014-02-09 15:00:00,69.65236836,71.2614259875,1.2343323530500296,69.51149457,0.14087379000000055
2014-02-09 16:00:00,70.29518506,71.1509270875,1.1949375634096422,69.65236836,0.6428166999999974
2014-02-09 17:00:00,71.62899935,71.09708268541667,1.1395273322698036,70.29518506,1.3338142900000065
2014-02-09 18:00:00,70.19075454,70.97944722749999,1.0770479286665542,71.62899935,-1.4382448100000005
2014-02-09 19:00:00,70.75169665,70.89439021916667,1.0058474754230187,70.19075454,0.5609421099999992
2014-02-09 20:00:00,70.81184472,70.80928283958333,0.9151151451968266,70.75169665,0.06014806999999678
2014-02-09 21:00:00,72.25826358,70.83440802541666,0.9470719289113629,70.81184472,1.4464188600000085
2014-02-09 22:00:00,71.2385615,70.774421455,0.8674551943480615,72.25826358,-1.0197020800000018
2014-02-09 23:00:00,71.58482682,70.78862508083333,0.8782015559054411,71.2385615,0.34626532000000054
2014-02-10 00:00:00,72.05545689,70.76762826125001,0.8391812895708575,71.58482682,0.47063006999999857
2014-02-10 01:00:00,70.68437859,70.71036393083334,0.7928617863949744,72.05545689,-1.3710783000000077
2014-02-10 02:00:00,71.74562272,70.7510823825,0.820580091163711,70.68437859,1.0612441300000057
2014-02-10 03:00:00,70.63016123,70.68328807125,0.7553559591510587,71.74562272,-1.1154614900000013
2014-02-10 04:00:00,70.10605477,70.65498876625,0.764043148036074,70.63016123,-0.5241064599999987
2014-02-10 05:00:00,69.15085681,70.59364259541667,0.8235027033867858,70.10605477,-0.9551979600000067
2014-02-10 06:00:00,70.53897933,70.61813163166667,0.812230455256205,69.15085681,1.3881225200000102
2014-02-10 07:00:00,69.75848063,70.61094748666666,0.8193049859484588,70.53897933,-0.7804987000000096
2014-02-10 08:00:00,69.0311664,70.54582174166667,0.8805292319866145,69.75848063,-0.7273142299999904
2014-02-10 09:00:00,69.97462923,70.53548206291667,0.8859279055567845,69.0311664,0.9434628300000014
2014-02-10 10:00:00,70.99730927,70.53691851541666,0.8866785765737912,69.97462923,1.0226800399999973
2014-02-10 11:00:00,71.81090729,70.62033132125,0.9091030435975876,70.99730927,0.8135980200000006
2014-02-10 12:00:00,71.22813976,70.64863482833333,0.917318116148905,71.81090729,-0.5827675299999981
2014-02-10 13:00:00,73.54807891,70.79934237416667,1.0774502584720418,71.22813976,2.319939149999996
2014-02-10 14:00:00,73.1994691,70.95300797958333,1.1465642412181871,73.54807891,-0.34860980999999924
2014-02-10 15:00:00,72.48376476,71.07098282958333,1.152568760519939,73.1994691,-0.715704340000002
2014-02-10 16:00:00,73.27048296,71.19495357541666,1.2233352120221266,72.48376476,0.7867181999999957
2014-02-10 17:00:00,72.63291885,71.23678355458334,1.2555612361408377,73.27048296,-0.6375641099999996
2014-02-10 18:00:00,73.04230204,71.35559803375,1.2868042244577043,72.63291885,0.4093831899999998
2014-02-10 19:00:00,73.59851179,71.47421533125,1.3579585268717358,73.04230204,0.5562097500000078
2014-02-10 20:00:00,73.94426246,71.60473273708334,1.4396065925524923,73.59851179,0.34575067000000104
2014-02-10 21:00:00,72.24379429999998,71.60412985041667,1.4393240056660632,73.94426246,-1.7004681600000282
2014-02-10 22:00:00,72.89933674,71.67332881875,1.4607477147345271,72.24379429999998,0.6555424400000192
2014-02-10 23:00:00,73.3069622,71.74508445958334,1.4980332305060426,72.89933674,0.40762546000000555
2014-02-11 00:00:00,73.94052267,71.82362886708333,1.5630229683215462,73.3069622,0.6335604699999919
2014-02-11 01:00:00,72.92628635,71.91704169041667,1.5589639506360131,73.94052267,-1.0142363199999949
2014-02-11 02:00:00,72.67838417,71.95590675083334,1.5661151585107205,72.92628635,-0.24790217999999697
2014-02-11 03:00:00,73.30959938,72.06755000708333,1.5629991406122763,72.67838417,0.6312152099999935
2014-02-11 04:00:00,73.02655382,72.1892374675,1.5166476454066733,73.30959938,-0.2830455599999908
2014-02-11 05:00:00,72.29872004,72.32039843541666,1.371644751717128,73.02655382,-0.7278337799999974
2014-02-11 06:00:00,71.88552448,72.37650448333333,1.3222597007667634,72.29872004,-0.41319556000000546
2014-02-11 07:00:00,72.40495323,72.48677417500001,1.1990478322259432,71.88552448,0.519428750000003
2014-02-11 08:00:00,72.02464429,72.61150242041667,0.9547690110422236,72.40495323,-0.38030894000000615
2014-02-11 09:00:00,72.19614083,72.70406540375,0.7796382709035494,72.02464429,0.1714965400000068
2014-02-11 10:00:00,72.60597358,72.77109308333333,0.6905890566688813,72.19614083,0.40983274999999253
2014-02-11 11:00:00,72.39294669,72.79534472499999,0.6651553321526835,72.60597358,-0.21302688999999475
2014-02-11 12:00:00,71.43716569,72.80405413875,0.6447994484630752,72.39294669,-0.9557810000000018
2014-02-11 13:00:00,73.99604465,72.82271937791667,0.6731345460178717,71.43716569,2.5588789600000013
2014-02-11 14:00:00,73.50943035,72.83563443,0.6835699491062007,73.99604465,-0.4866142999999994
2014-02-11 15:00:00,73.45291204,72.87601556666667,0.6904707041848369,73.50943035,-0.05651831000000129
2014-02-11 16:00:00,72.83513404,72.85787602833334,0.6853566191077001,73.45291204,-0.6177780000000013
2014-02-11 17:00:00,73.94819798,72.91267932541666,0.7183776887952826,72.83513404,1.1130639400000035
2014-02-11 18:00:00,72.4788448,72.88920194041667,0.72314865364587,73.94819798,-1.4693531799999988
2014-02-11 19:00:00,72.83570362,72.85741826666667,0.7072054062590906,72.4788448,0.35685881999999935
2014-02-11 20:00:00,73.99025826,72.85933475833333,0.7103341587227952,72.83570362,1.1545546400000006
2014-02-11 21:00:00,72.88226906,72.88593787333333,0.6981300084790796,73.99025826,-1.1079892000000058
2014-02-11 22:00:00,73.27645109,72.90165097125,0.7026738407544288,72.88226906,0.3941820299999961
2014-02-11 23:00:00,74.02768967,72.93168128250001,0.7353882262994077,73.27645109,0.7512385800000061
2014-02-12 00:00:00,73.89558413,72.92980884333333,0.732760356084782,74.02768967,-0.13210553999999775
2014-02-12 01:00:00,72.59262336,72.91590621875,0.7359882695858172,73.89558413,-1.3029607699999985
2014-02-12 02:00:00,71.72471476,72.87616999333333,0.7741260430842487,72.59262336,-0.8679086000000069
2014-02-12 03:00:00,72.13704935,72.82731374208333,0.7825373417031124,71.72471476,0.4123345900000004
2014-02-12 04:00:00,71.67420314,72.77096579708333,0.8155593750390802,72.13704935,-0.46284620999999504
2014-02-12 05:00:00,70.80216066,72.70860915625,0.9054907476516243,71.67420314,-0.8720424800000046
2014-02-12 06:00:00,71.79116991,72.70467771583334,0.9094161003158344,70.80216066,0.9890092499999952
2014-02-12 07:00:00,70.14151030000001,72.61036759375,1.0485682299530288,71.79116991,-1.6496596099999863
2014-02-12 08:00:00,71.38580367,72.58374923458332,1.0719318761136727,70.14151030000001,1.244293369999994
2014-02-12 09:00:00,70.1927803,72.50027587916667,1.1763454411114744,71.38580367,-1.193023370000006
2014-02-12 10:00:00,71.53122540000003,72.45549470499999,1.1924927502964964,70.1927803,1.3384451000000297
2014-02-12 11:00:00,70.74462709,72.38681472166667,1.2426627309748872,71.53122540000003,-0.7865983100000307
2014-02-12 12:00:00,71.60956249,72.39399792166667,1.237421840053166,70.74462709,0.8649354000000073
2014-02-12 13:00:00,72.63429747,72.33725845583334,1.1911233276983297,71.60956249,1.0247349800000052
2014-02-12 14:00:00,72.72337319,72.30450607416667,1.1680748259134668,72.63429747,0.08907571999999675
2014-02-12 15:00:00,73.61530291,72.31127236041667,1.1754633808734516,72.72337319,0.8919297199999932
2014-02-12 16:00:00,73.79199341,72.35114150083334,1.2097319193070035,73.61530291,0.17669050000000652
2014-02-12 17:00:00,74.02452744,72.354321895,1.2142052084201798,73.79199341,0.2325340299999965
2014-02-12 18:00:00,73.33443313,72.38997140875001,1.2304714437392341,74.02452744,-0.6900943100000063
2014-02-12 19:00:00,73.77239947,72.42900040250001,1.2597317044002811,73.33443313,0.4379663400000027
2014-02-12 20:00:00,74.18795723,72.43723785958333,1.2709808901047077,73.77239947,0.41555775999999867
2014-02-12 21:00:00,72.73057539,72.43091729000001,1.2690472474890815,74.18795723,-1.4573818399999965
2014-02-12 22:00:00,73.0460628,72.42131777791667,1.2632312957792007,72.73057539,0.3154874100000029
2014-02-12 23:00:00,72.61851266,72.36260206916667,1.2172320773248124,73.0460628,-0.4275501400000081
2014-02-13 00:00:00,73.63047725,72.35155594916667,1.20384502585785,72.61851266,1.0119645900000052
2014-02-13 01:00:00,71.86090259999997,72.32106758416667,1.2067365929101819,73.63047725,-1.769574650000024
2014-02-13 02:00:00,73.39534945,72.39067736291666,1.2189634947025239,71.86090259999997,1.5344468500000232
2014-02-13 03:00:00,72.5265888,72.40690817333333,1.2180325947204242,73.39534945,-0.8687606499999987
2014-02-13 04:00:00,72.50012423,72.44132155208332,1.2080578749721784,72.5265888,-0.026464570000001686
2014-02-13 05:00:00,70.9921352,72.44923715791667,1.197426170236469,72.50012423,-1.5079890299999903
2014-02-13 06:00:00,70.68379403,72.40309649625,1.2443038710748882,70.9921352,-0.3083411700000056
2014-02-13 07:00:00,70.92225816,72.43562765708333,1.1917001056764074,70.68379403,0.238464129999997
2014-02-13 08:00:00,71.06859469,72.42241061625,1.2055286848188806,70.92225816,0.14633652999999924
2014-02-13 09:00:00,70.50557416,72.43544369375,1.1818338810369087,71.06859469,-0.5630205300000029
2014-02-13 10:00:00,72.40911188,72.47202229708333,1.1661119193578777,70.50557416,1.9035377200000028
2014-02-13 11:00:00,71.18403064,72.49033077833333,1.1409906963455154,72.40911188,-1.2250812399999944
2014-02-13 12:00:00,72.27270943,72.51796190083333,1.126673778440117,71.18403064,1.088678790000003
2014-02-13 13:00:00,72.11898377,72.49649049666667,1.1292676069233778,72.27270943,-0.15372566000000631
2014-02-13 14:00:00,74.22012096,72.55885498708334,1.1824205985054144,72.11898377,2.101137190000003
2014-02-13 15:00:00,74.14513886,72.580931485,1.207679093570776,74.22012096,-0.07498209999999972
2014-02-13 16:00:00,72.57257271,72.53012228916667,1.179843087170027,74.14513886,-1.57256615
2014-02-13 17:00:00,73.9980464,72.5290189125,1.178396267587098,72.57257271,1.425473690000004
2014-02-13 18:00:00,73.63505079999999,72.54154464874999,1.1888806861630137,73.9980464,-0.3629956000000192
2014-02-13 19:00:00,74.18442393,72.55871233458332,1.2102107759593066,73.63505079999999,0.5493731300000064
2014-02-13 20:00:00,74.01379528,72.55145558666666,1.200499830888166,74.18442393,-0.1706286499999976
2014-02-13 21:00:00,73.31100848,72.57564029875,1.2100735783916814,74.01379528,-0.7027867999999984
2014-02-13 22:00:00,73.2449359,72.58392667791666,1.2141092070366317,73.31100848,-0.0660725799999966
2014-02-13 23:00:00,73.63799953,72.6264052975,1.2330586541371529,73.2449359,0.39306363000000033
2014-02-14 00:00:00,74.22768593,72.6512889925,1.2599353372651387,73.63799953,0.589686400000005
2014-02-14 01:00:00,73.25438431,72.70935073041667,1.2540223558571937,74.22768593,-0.9733016200000009
2014-02-14 02:00:00,73.33046811,72.70664734124999,1.2525482676319635,73.25438431,0.07608379999999215
2014-02-14 03:00:00,73.61255907,72.7518961025,1.265311285222096,73.33046811,0.282090960000005
2014-02-14 04:00:00,72.97745167,72.77178474583333,1.2649331269277193,73.61255907,-0.6351074000000096
2014-02-14 05:00:00,71.89748993,72.80950785958333,1.2223350760687752,72.97745167,-1.0799617399999875
2014-02-14 06:00:00,72.9483533,72.90386449583333,1.1354239287608767,71.89748993,1.0508633699999876
2014-02-14 07:00:00,70.81534967,72.89940997541667,1.1437156596987492,72.9483533,-2.1330036299999904
2014-02-14 08:00:00,72.54651585,72.96099002375,1.0787997745783582,70.81534967,1.7311661800000024
2014-02-14 09:00:00,71.6016416,73.00665950041666,0.9898684625026335,72.54651585,-0.9448742500000122
2014-02-14 10:00:00,71.38492873,72.96398520250001,1.0376719640933671,71.6016416,-0.21671286999999495
2014-02-14 11:00:00,72.63654073,73.02450645625,0.96946030083933,71.38492873,1.2516119999999944
2014-02-14 12:00:00,72.26304553,73.02410379375,0.9697880854356381,72.63654073,-0.3734951999999936
2014-02-14 13:00:00,73.08441684,73.06433017166667,0.95044165787705,72.26304553,0.8213713100000035
2014-02-14 14:00:00,72.98119162,73.01270811583333,0.918029755330465,73.08441684,-0.10322521999999879
2014-02-14 15:00:00,73.44090643,72.98336509791666,0.8911204141921143,72.98119162,0.45971480999999415
2014-02-14 16:00:00,73.67536027,73.02931457958333,0.8974270721252342,73.44090643,0.23445384000000047
2014-02-14 17:00:00,73.57106999,73.01152389583334,0.8814783636291075,73.67536027,-0.10429028000000073
2014-02-14 18:00:00,75.09120703,73.07219707208334,0.9717541499400746,73.57106999,1.5201370400000087
2014-02-14 19:00:00,74.01718788,73.06522890333333,0.9640006011375218,75.09120703,-1.0740191500000122
2014-02-14 20:00:00,74.75368514,73.0960576475,1.0065466375907761,74.01718788,0.7364972600000073
2014-02-14 21:00:00,74.06098855,73.12730681708334,1.02498319404373,74.75368514,-0.6926965899999971
2014-02-14 22:00:00,73.64913399,73.14414840416667,1.0303068826404205,74.06098855,-0.411854560000009
2014-02-14 23:00:00,72.97725908,73.11661755208334,1.0253528476453535,73.64913399,-0.6718749099999997
2014-02-15 00:00:00,74.31242165,73.12014820708333,1.0294825622529462,72.97725908,1.3351625700000085
2014-02-15 01:00:00,73.36846791,73.12490169041666,1.0303923061808897,74.31242165,-0.9439537399999978
2014-02-15 02:00:00,73.40601581,73.12804951125001,1.0311627204992528,73.36846791,0.03754789999999275
2014-02-15 03:00:00,71.88177019,73.05593330791667,1.0560275338687943,73.40601581,-1.524245620000002
2014-02-15 04:00:00,72.16843891,73.02222444291667,1.071441157457921,71.88177019,0.28666872000000865
2014-02-15 05:00:00,72.02037785,73.02734477291666,1.0661128332500278,72.16843891,-0.1480610600000034
2014-02-15 06:00:00,71.46429845,72.96550915416667,1.1129050877330595,72.02037785,-0.5560794000000016
2014-02-15 07:00:00,70.13150262,72.93701552708333,1.1772434611057025,71.46429845,-1.332795829999995
2014-02-15 08:00:00,71.3592175,72.88754476250001,1.2185873841348975,70.13150262,1.2277148799999935
2014-02-15 09:00:00,71.52512352,72.88435650916666,1.2221928018655808,71.3592175,0.16590601999999421
2014-02-15 10:00:00,71.20384956,72.87681154375,1.2323682456894014,71.52512352,-0.3212739599999992
2014-02-15 11:00:00,70.74443864,72.79797395666667,1.3066874765577643,71.20384956,-0.4594109199999963
2014-02-15 12:00:00,70.44676548,72.72229562125,1.3890177877894057,70.74443864,-0.2976731600000022
2014-02-15 13:00:00,69.73276669,72.58264353166668,1.51390089341643,70.44676548,-0.7139987899999909
2014-02-15 14:00:00,69.16754481,72.42374158125,1.6630468218813859,69.73276669,-0.56522188000001
2014-02-15 15:00:00,68.61762076,72.222771345,1.8189134758028962,69.16754481,-0.5499240500000013
2014-02-15 16:00:00,68.2700207,71.99754886291667,1.9603802030148807,68.61762076,-0.34760005999999066
2014-02-15 17:00:00,68.32512358,71.7789677625,2.0668728364868967,68.2700207,0.05510287999999264
2014-02-15 18:00:00,68.00591358,71.48374720208334,2.079176687042567,68.32512358,-0.3192099999999982
2014-02-15 19:00:00,67.69518570000001,71.22033044458333,2.1437269078794405,68.00591358,-0.3107278799999875
2014-02-15 20:00:00,67.66314846,70.92489141624999,2.124107211724902,67.69518570000001,-0.03203724000000818
2014-02-15 21:00:00,68.83888277,70.70730367541667,2.055239157982301,67.66314846,1.1757343099999957
2014-02-15 22:00:00,67.71317938,70.45997223333333,2.0429566213270482,68.83888277,-1.1257033899999982
2014-02-15 23:00:00,68.16526105,70.25947231541666,2.0211771380627424,67.71317938,0.4520816699999983
2014-02-16 00:00:00,67.74392032,69.98578476,1.88889774621411,68.16526105,-0.42134072999999717
2014-02-16 01:00:00,66.91077531,69.716714235,1.845535872292595,67.74392032,-0.8331450099999955
2014-02-16 02:00:00,67.67449688,69.47790094624999,1.7134887347504815,66.91077531,0.7637215700000013
2014-02-16 03:00:00,67.30731382,69.2872985975,1.6887088303854474,67.67449688,-0.3671830600000021
2014-02-16 04:00:00,67.90404578,69.10961555041668,1.594074234666121,67.30731382,0.5967319599999996
2014-02-16 05:00:00,66.9816318,68.89966779833333,1.5243327204450687,67.90404578,-0.9224139800000017
2014-02-16 06:00:00,67.36349977,68.72880118666667,1.4524996121599512,66.9816318,0.38186797000000183
2014-02-16 07:00:00,66.85608572,68.5923254825,1.4687593835647392,67.36349977,-0.5074140500000084
2014-02-16 08:00:00,66.82867178,68.40355274416666,1.3865249702315958,66.85608572,-0.027413940000002412
2014-02-16 09:00:00,65.9175334,68.16990315583334,1.3078735028695605,66.82867178,-0.911138379999997
2014-02-16 10:00:00,65.85412004,67.94699775916668,1.221328541850581,65.9175334,-0.06341335999999842
2014-02-16 11:00:00,66.57327898,67.77319944,1.0963236119508895,65.85412004,0.7191589399999998
2014-02-16 12:00:00,66.93439295,67.62685058458334,0.9483600235152698,66.57327898,0.3611139700000052
2014-02-16 13:00:00,65.95981552,67.46964428583333,0.8953232707734977,66.93439295,-0.9745774299999965
2014-02-16 14:00:00,65.52567020000001,67.31789951041667,0.9036260305970517,65.95981552,-0.43414531999999895
2014-02-16 15:00:00,65.00654684,67.16743809708333,0.9755749392411958,65.52567020000001,-0.5191233600000089
2014-02-16 16:00:00,65.86116824,67.06706924458334,0.9811051313996682,65.00654684,0.8546213999999992
2014-02-16 17:00:00,66.24895835,66.98056236,0.9565801757983071,65.86116824,0.3877901099999974
2014-02-16 18:00:00,64.84240685,66.84874957958333,1.0246828310015326,66.24895835,-1.406551499999992
2014-02-16 19:00:00,65.69994977,66.76561474916667,1.0339211157215658,64.84240685,0.8575429200000002
2014-02-16 20:00:00,65.11922166,66.65961779916667,1.0677532496963018,65.69994977,-0.5807281100000097
2014-02-16 21:00:00,65.06927583,66.50255084333334,1.0088767350587733,65.11922166,-0.04994582999999864
2014-02-16 22:00:00,65.16381523,66.39632733708333,1.01007815712185,65.06927583,0.09453940000000216
2014-02-16 23:00:00,64.32817118,66.2364485925,1.0215207252466378,65.16381523,-0.8356440499999991
2014-02-17 00:00:00,66.17891449,66.17124001625,0.9697465599036372,64.32817118,1.8507433099999986
2014-02-17 01:00:00,65.64161252,66.11835823333332,0.9622408227711503,66.17891449,-0.5373019700000015
2014-02-17 02:00:00,64.79075623,65.99820237291667,0.9392488089067017,65.64161252,-0.8508562899999959
2014-02-17 03:00:00,64.67428457,65.88849282083333,0.9334472944321933,64.79075623,-0.11647166000000198
2014-02-17 04:00:00,64.36980786,65.74123290749999,0.878831914812968,64.67428457,-0.304476710000003
2014-02-17 05:00:00,63.50098479,65.59620594875001,0.9495830173763323,64.36980786,-0.8688230699999977
2014-02-17 06:00:00,63.81534068,65.44836598666667,0.9386131260242787,63.50098479,0.31435589000000164
2014-02-17 07:00:00,64.24808886,65.33969945083332,0.9193207359329983,63.81534068,0.43274817999999726
2014-02-17 08:00:00,63.39175042,65.19649439416666,0.9446358044116143,64.24808886,-0.8563384399999947
2014-02-17 09:00:00,65.78667951,65.19104214875,0.9406624456698554,63.39175042,2.394929089999998
2014-02-17 10:00:00,65.26018668,65.16629492541666,0.9302142043820337,65.78667951,-0.5264928299999951
2014-02-17 11:00:00,66.52420616,65.16425022458333,0.9270355551247215,65.26018668,1.2640194800000017
2014-02-17 12:00:00,68.3216973,65.2220545725,1.073838254217968,66.52420616,1.797491139999991
2014-02-17 13:00:00,69.51920746,65.37036257,1.3817962969653017,68.3216973,1.1975101600000073
2014-02-17 14:00:00,70.41798643,65.57420907958334,1.7241558454969248,69.51920746,0.8987789699999951
2014-02-17 15:00:00,69.85636686,65.77628491375,1.9270050105070926,70.41798643,-0.5616195700000048
2014-02-17 16:00:00,70.50368788,65.96972323208333,2.155378546155141,69.85636686,0.6473210200000068
2014-02-17 17:00:00,71.55722128,66.19090085416667,2.4389787312863382,70.50368788,1.053533399999992
2014-02-17 18:00:00,72.21400820000002,66.49805091041667,2.7107948059499805,71.55722128,0.6567869200000302
2014-02-17 19:00:00,72.23486752,66.77033915,2.945210652914157,72.21400820000002,0.02085931999997115
2014-02-17 20:00:00,72.30190595,67.06961766208333,3.129318111588804,72.23486752,0.06703843000001086
2014-02-17 21:00:00,71.38697638,67.332855185,3.218193494139428,72.30190595,-0.9149295700000124
2014-02-17 22:00:00,71.71658422,67.60588722625,3.303021840707143,71.38697638,0.3296078400000084
2014-02-17 23:00:00,70.60328489,67.8673502975,3.2805698419110123,71.71658422,-1.1132993300000038
2014-02-18 00:00:00,70.70527374,68.05594859958335,3.309265750272861,70.60328489,0.10198884999999791
2014-02-18 01:00:00,69.37279327,68.21141446416667,3.2784109716378977,70.70527374,-1.332480469999993
2014-02-18 02:00:00,69.26929995,68.3980204525,3.201806564405316,69.37279327,-0.10349331999999833
2014-02-18 03:00:00,68.33325827,68.55047769,3.102356394323983,69.26929995,-0.9360416800000024
2014-02-18 04:00:00,68.26287644,68.71268888083334,2.97335533275882,68.33325827,-0.07038183000000231
2014-02-18 05:00:00,68.58490764,68.92451899958333,2.7593076087680095,68.26287644,0.32203119999999785
2014-02-18 06:00:00,67.91159536,69.09519627791666,2.5481457762689983,68.58490764,-0.6733122799999904
2014-02-18 07:00:00,67.02506652,69.21090368041668,2.375689818865945,67.91159536,-0.8865288400000111
2014-02-18 08:00:00,66.65870493,69.347026785,2.1060597297223267,67.02506652,-0.3663615899999968
2014-02-18 09:00:00,68.35154455,69.45389616166666,1.9787679642094813,66.65870493,1.6928396200000009
2014-02-18 10:00:00,67.47621403,69.54623063458334,1.8198952761574372,68.35154455,-0.8753305200000057
2014-02-18 11:00:00,69.77932913,69.68186075833334,1.702385066343161,67.47621403,2.3031150999999994
2014-02-18 12:00:00,69.15476006,69.71657170666667,1.6818147178473992,69.77932913,-0.6245690699999926
2014-02-18 13:00:00,71.2527348,69.7888020125,1.7099599325637271,69.15476006,2.097974739999998
2014-02-18 14:00:00,70.75971585,69.80304073833334,1.7168358558886234,71.2527348,-0.49301894999999263
2014-02-18 15:00:00,72.72805852,69.9226945575,1.8178147375676774,70.75971585,1.9683426699999984
2014-02-18 16:00:00,71.57641906,69.96739169,1.845696088135037,72.72805852,-1.1516394599999984
2014-02-18 17:00:00,71.53146856,69.96631866,1.844738862643646,71.57641906,-0.044950500000012994
2014-02-18 18:00:00,72.43892738,69.9756902925,1.8571833698781637,71.53146856,0.9074588200000022
2014-02-18 19:00:00,72.51358476,69.98730351083334,1.8727308747649047,72.43892738,0.07465738000000499
2014-02-18 20:00:00,73.04307154,70.01818541041668,1.918119851281051,72.51358476,0.5294867799999992
2014-02-18 21:00:00,72.01489481,70.04434867833334,1.9417389996000827,73.04307154,-1.0281767299999984
2014-02-18 22:00:00,72.03402933,70.05757555791666,1.9546635033396174,72.01489481,0.01913451999999438
2014-02-18 23:00:00,71.36277817,70.08922111125001,1.9699706139718485,72.03402933,-0.6712511599999971
2014-02-19 00:00:00,70.22442557,70.06918577083333,1.9658736580383762,71.36277817,-1.1383526000000046
2014-02-19 01:00:00,71.04606096,70.13890525791668,1.9697696373851896,70.22442557,0.8216353900000115
2014-02-19 02:00:00,70.29642466,70.18170212083334,1.9611938136208724,71.04606096,-0.7496363000000059
2014-02-19 03:00:00,69.67691329,70.23768774666667,1.9249766654972267,70.29642466,-0.6195113699999979
2014-02-19 04:00:00,68.59571214,70.25155590083334,1.9112811219231218,69.67691329,-1.0812011499999983
2014-02-19 05:00:00,69.32304528,70.28231163583332,1.8891061919591832,68.59571214,0.7273331399999989
2014-02-19 06:00:00,69.67748164,70.35589023083334,1.826093513194506,69.32304528,0.354436359999994
2014-02-19 07:00:00,68.7353527,70.427152155,1.7207945579768502,69.67748164,-0.9421289399999893
2014-02-19 08:00:00,68.35921937,70.49800692333334,1.588829784115376,68.7353527,-0.3761333300000018
2014-02-19 09:00:00,68.72795161,70.51369055083333,1.568447495628903,68.35921937,0.36873223999999993
2014-02-19 10:00:00,68.99210194,70.57685254708333,1.4681229564376732,68.72795161,0.26415032999999255
2014-02-19 11:00:00,70.19905465,70.59434111041666,1.460690762796676,68.99210194,1.206952709999996
2014-02-19 12:00:00,69.97929042,70.62869654208333,1.4348272015120278,70.19905465,-0.21976422999999556
2014-02-19 13:00:00,71.22263248,70.62744227875,1.4342710260729223,69.97929042,1.2433420600000034
2014-02-19 14:00:00,71.68970302,70.66619174416667,1.450471178803499,71.22263248,0.4670705399999946
2014-02-19 15:00:00,71.30018987,70.60669721708334,1.3902555502436558,71.68970302,-0.3895131499999991
2014-02-19 16:00:00,71.27840683,70.59428004083334,1.3825272112376032,71.30018987,-0.02178304000000253
2014-02-19 17:00:00,71.89062285,70.60924480291666,1.3950001085492458,71.27840683,0.6122160200000053
2014-02-19 18:00:00,70.7418569,70.53853353291666,1.3401561815551972,71.89062285,-1.1487659499999978
2014-02-19 19:00:00,72.45036867,70.53589952916666,1.336161720921062,70.7418569,1.7085117700000012
2014-02-19 20:00:00,71.32687587,70.46439137624999,1.238504663239258,72.45036867,-1.1234928000000082
2014-02-19 21:00:00,71.41737459999997,70.43949470083332,1.2116965698495425,71.32687587,0.09049872999997888
2014-02-19 22:00:00,72.27479477,70.44952659416667,1.2263797483884393,71.41737459999997,0.8574201700000259
2014-02-19 23:00:00,70.60398854,70.41791035958333,1.2115029757885543,72.27479477,-1.6708062299999966
2014-02-20 00:00:00,71.26949942,70.46145510333334,1.2229733489034758,70.60398854,0.6655108799999994
2014-02-20 01:00:00,70.11901901,70.42282835541666,1.21833738337209,71.26949942,-1.1504804100000001
2014-02-20 02:00:00,70.71862637,70.44042009333333,1.2194804460879776,70.11901901,0.5996073599999932
2014-02-20 03:00:00,70.01345997,70.45444287166667,1.2122326120531532,70.71862637,-0.705166399999996
2014-02-20 04:00:00,70.36792895,70.52828523875,1.1462684614841843,70.01345997,0.35446898000000715
2014-02-20 05:00:00,70.25181505,70.56698397916666,1.119167238155828,70.36792895,-0.11611390000000199
2014-02-20 06:00:00,70.06343925,70.58306554625,1.10855268235509,70.25181505,-0.18837580000000287
2014-02-20 07:00:00,69.51877722,70.61570823458334,1.0623505917776976,70.06343925,-0.5446620299999978
2014-02-20 08:00:00,69.51143689,70.66371729791666,0.9786836380778272,69.51877722,-0.007340330000005224
2014-02-20 09:00:00,69.28431029,70.68689890958332,0.9365193622097484,69.51143689,-0.2271266000000054
2014-02-20 10:00:00,70.02917117,70.7301101275,0.8769520300715904,69.28431029,0.7448608800000045
2014-02-20 11:00:00,69.77788948,70.71256157875,0.8921236328314863,70.02917117,-0.251281689999999
2014-02-20 12:00:00,70.64429563,70.74027012916666,0.8785831620585527,69.77788948,0.8664061500000031
2014-02-20 13:00:00,72.09907213,70.77678844791666,0.916884040567237,70.64429563,1.4547764999999941
2014-02-20 14:00:00,72.55900491,70.81300936,0.9701400952831236,72.09907213,0.4599327800000026
2014-02-20 15:00:00,72.48953325,70.86256533416666,1.0249369002327453,72.55900491,-0.06947166000000493
2014-02-20 16:00:00,72.02762569,70.89378278666666,1.049274132466458,72.48953325,-0.4619075600000002
2014-02-20 17:00:00,72.56107268,70.92171819625,1.0852747378548113,72.02762569,0.5334469900000016
2014-02-20 18:00:00,72.29252772,70.98632948041667,1.1197139917021246,72.56107268,-0.26854495999999983
2014-02-20 19:00:00,72.14536417,70.97362095958333,1.1039955348226,72.29252772,-0.14716355000000192
2014-02-20 20:00:00,73.17633192,71.05068162833332,1.190855875342364,72.14536417,1.030967750000002
2014-02-20 21:00:00,72.09881309,71.07907489875,1.2079795388133319,73.17633192,-1.0775188300000025
2014-02-20 22:00:00,73.03183616,71.11061829,1.2497232024417402,72.09881309,0.9330230700000044
2014-02-20 23:00:00,73.4095494,71.22751665916667,1.3289752665346624,73.03183616,0.3777132400000056
2014-02-21 00:00:00,73.61055026,71.32506044416667,1.4153008988579208,73.4095494,0.2010008599999935
2014-02-21 01:00:00,73.22469023,71.45446341166667,1.4419632887360767,73.61055026,-0.38586003000000346
2014-02-21 02:00:00,72.77238923,71.54003686416667,1.4572556343978027,73.22469023,-0.4523009999999914
2014-02-21 03:00:00,71.77678685,71.6135088175,1.4209415143149882,72.77238923,-0.9956023800000082
2014-02-21 04:00:00,71.39870017,71.65645761833333,1.3970329314265306,71.77678685,-0.37808667999999557
2014-02-21 05:00:00,72.01672718,71.72999562375,1.3659860041104572,71.39870017,0.6180270100000058
2014-02-21 06:00:00,71.71709105,71.79889778208333,1.319171755336375,72.01672718,-0.2996361300000103
2014-02-21 07:00:00,71.89082404,71.89773306625,1.226518287134398,71.71709105,0.17373299000000486
2014-02-21 08:00:00,71.79162775,71.99274101875,1.1170651791337725,71.89082404,-0.09919628999999475
2014-02-21 09:00:00,71.73870688,72.09500754333332,0.9595771227579543,71.79162775,-0.052920870000008335
2014-02-21 10:00:00,70.86190335,72.12970471749999,0.8944782893011691,71.73870688,-0.8768035299999895
2014-02-21 11:00:00,71.69377098,72.20953311333334,0.7491491984714636,70.86190335,0.8318676299999908
2014-02-21 12:00:00,72.24965305,72.27642300583334,0.6708989116155769,71.69377098,0.5558820700000098
2014-02-21 13:00:00,71.86440398,72.26664516625,0.6752917191826692,72.24965305,-0.3852490700000004
2014-02-21 14:00:00,71.71570293,72.23150758375,0.6813307430554347,71.86440398,-0.14870104999999967
2014-02-21 15:00:00,73.11333987,72.25749952625,0.7031513957759534,71.71570293,1.3976369399999982
2014-02-21 16:00:00,73.11595078,72.302846405,0.7225091482001053,73.11333987,0.002610910000001354
2014-02-21 17:00:00,71.98594655,72.27888281625,0.7231095417436013,73.11595078,-1.1300042300000115
2014-02-21 18:00:00,71.77056727,72.25713446416667,0.7304928993142126,71.98594655,-0.2153792799999934
2014-02-21 19:00:00,72.69503008,72.28003721041667,0.7354362284198236,71.77056727,0.9244628099999943
2014-02-21 20:00:00,72.97101070000002,72.27148215958333,0.7256862384358833,72.69503008,0.275980620000027
2014-02-21 21:00:00,72.4740122,72.28711545583333,0.7258461357469373,72.97101070000002,-0.4969985000000179
2014-02-21 22:00:00,73.52059659,72.30748047375,0.7539612278155108,72.4740122,1.0465843899999925
2014-02-21 23:00:00,72.43691661,72.2669541075,0.71740182732749,73.52059659,-1.0836799799999994
2014-02-22 00:00:00,72.18066282,72.20737546416666,0.6578723476713644,72.43691661,-0.25625379000000237
2014-02-22 01:00:00,71.32459195,72.1282047025,0.6443147275150919,72.18066282,-0.8560708699999964
2014-02-22 02:00:00,71.85583639,72.09001500083333,0.6315082593971543,71.32459195,0.5312444399999947
2014-02-22 03:00:00,71.88074888,72.09434675208333,0.6296200295139297,71.85583639,0.024912490000005505
2014-02-22 04:00:00,72.15361442,72.1258015125,0.6119652809996202,71.88074888,0.27286553999999796
2014-02-22 05:00:00,71.17776846,72.09084489916667,0.6417055034105317,72.15361442,-0.9758459600000009
2014-02-22 06:00:00,71.41359324,72.07819915708333,0.6522941733177319,71.17776846,0.2358247800000015
2014-02-22 07:00:00,71.75202769,72.07241597583332,0.6546387169406239,71.41359324,0.33843445000000827
2014-02-22 08:00:00,72.29547661,72.09340967833334,0.6533202460336979,71.75202769,0.5434489199999888
2014-02-22 09:00:00,72.06697006,72.10708731083334,0.6489933350068545,72.29547661,-0.22850654999999165
2014-02-22 10:00:00,70.50858274,72.09236561875001,0.6816526054455853,72.06697006,-1.5583873200000085
2014-02-22 11:00:00,70.18441596,72.02947582625,0.7822327993304797,70.50858274,-0.32416677999999877
2014-02-22 12:00:00,71.29025253,71.98950080458333,0.7949035631773913,70.18441596,1.1058365700000081
2014-02-22 13:00:00,70.23647890000001,71.92167059291667,0.8717813497055309,71.29025253,-1.053773629999995
2014-02-22 14:00:00,70.42527414,71.86790272666667,0.9233082923477837,70.23647890000001,0.18879523999999037
2014-02-22 15:00:00,70.62841849,71.76436433583332,0.9168799029135107,70.42527414,0.2031443500000023
2014-02-22 16:00:00,71.29022977,71.68829262708333,0.8746306885210197,70.62841849,0.6618112799999949
2014-02-22 17:00:00,70.83192557,71.64020841958333,0.8891566557413524,71.29022977,-0.4583042000000006
2014-02-22 18:00:00,71.13549561,71.61374710041667,0.8945420640634897,70.83192557,0.303570040000011
2014-02-22 19:00:00,70.83738869,71.53634537583333,0.8771123930994565,71.13549561,-0.29810692000000927
2014-02-22 20:00:00,70.83849743,71.44749065625,0.8323289678727009,70.83738869,0.0011087400000064918
2014-02-22 21:00:00,70.93245308,71.38325902625,0.808816771791735,70.83849743,0.09395564999999806
2014-02-22 22:00:00,70.27290872,71.24793869833333,0.7000444976930396,70.93245308,-0.6595443599999982
2014-02-22 23:00:00,70.58817206,71.17090767541667,0.6643285505283532,70.27290872,0.31526334000000134
2014-02-23 00:00:00,70.24057965,71.09007087666667,0.65407486608362,70.58817206,-0.3475924100000043
2014-02-23 01:00:00,70.80419,71.06838746208334,0.6545879570468258,70.24057965,0.5636103500000047
2014-02-23 02:00:00,69.80143685,70.98278748125,0.6809327212146488,70.80419,-1.0027531500000038
2014-02-23 03:00:00,69.31283198,70.87579094375,0.7334271551658601,69.80143685,-0.4886048700000032
2014-02-23 04:00:00,69.35668517,70.759252225,0.7436967877537437,69.31283198,0.0438531900000072
2014-02-23 05:00:00,69.13396209999999,70.67409362666668,0.8079312671269153,69.35668517,-0.2227230700000149
2014-02-23 06:00:00,70.44526682,70.6337466925,0.7934446221118368,69.13396209999999,1.3113047200000096
2014-02-23 07:00:00,70.20928733,70.56946584416667,0.7607260597665401,70.44526682,-0.2359794900000054
2014-02-23 08:00:00,69.93524085,70.4711226875,0.6757028649300308,70.20928733,-0.27404647999999554
2014-02-23 09:00:00,69.29629038,70.35567770083334,0.6260591496652222,69.93524085,-0.6389504699999975
2014-02-23 10:00:00,68.45718549,70.27020281541667,0.734858789538677,69.29629038,-0.8391048900000015
2014-02-23 11:00:00,69.36682524,70.23613653541666,0.7576072321214129,68.45718549,0.9096397499999966
2014-02-23 12:00:00,69.78440146,70.17339274083334,0.7283006353642669,69.36682524,0.41757622000000083
2014-02-23 13:00:00,70.05047118,70.16564241916667,0.7285897629886435,69.78440146,0.2660697200000044
2014-02-23 14:00:00,69.94616047,70.14567934958333,0.7277299158236066,70.05047118,-0.10431071000000713
2014-02-23 15:00:00,69.58663804,70.10227183083335,0.7287528984970059,69.94616047,-0.3595224299999984
2014-02-23 16:00:00,69.26826291,70.01802321166667,0.7018248574222221,69.58663804,-0.3183751299999926
2014-02-23 17:00:00,70.67206672,70.01136242625,0.6944847347931716,69.26826291,1.4038038099999994
2014-02-23 18:00:00,69.77136750000001,69.954523755,0.6530695081997546,70.67206672,-0.9006992199999928
2014-02-23 19:00:00,70.36000475,69.9346327575,0.6319384841939238,69.77136750000001,0.5886372499999908
2014-02-23 20:00:00,71.22900600000001,69.95090394791667,0.6606005306414736,70.36000475,0.8690012500000108
2014-02-23 21:00:00,71.01855228,69.95449141458333,0.6663712827605995,71.22900600000001,-0.21045372000001805
2014-02-23 22:00:00,71.67436488,70.01288542125,0.7514595741254716,71.01855228,0.6558126000000044
2014-02-23 23:00:00,71.98920306,70.07126171291667,0.846501598749174,71.67436488,0.3148381799999953
2014-02-24 00:00:00,71.41241783,70.12008830375,0.8894015649761945,71.98920306,-0.5767852299999987
2014-02-24 01:00:00,70.21304108,70.09545709875,0.8777414862701564,71.41241783,-1.199376749999999
2014-02-24 02:00:00,70.46941197,70.12328939541666,0.8786030350086063,70.21304108,0.25637088999999946
2014-02-24 03:00:00,71.81875355,70.22770279416667,0.9257382818959702,70.46941197,1.3493415800000008
2014-02-24 04:00:00,70.75726396,70.28606024375,0.9124937296195228,71.81875355,-1.0614895899999937
2014-02-24 05:00:00,70.35054453,70.33675117833333,0.8788824163737434,70.75726396,-0.40671943000000965
2014-02-24 06:00:00,71.46188706,70.37911035500001,0.9083449079897657,70.35054453,1.1113425300000017
2014-02-24 07:00:00,70.98973616,70.41162905624999,0.9159391873823465,71.46188706,-0.4721508999999884
2014-02-24 08:00:00,69.85618346,70.40833499833333,0.9178670774354717,70.98973616,-1.1335527000000098
2014-02-24 09:00:00,70.33833311,70.45175344541666,0.887106986008938,69.85618346,0.48214964999999665
2014-02-24 10:00:00,70.64534116,70.54292659833332,0.7790665074403982,70.33833311,0.3070080500000074
2014-02-24 11:00:00,71.59340431,70.63570072625,0.7653770430753227,70.64534116,0.9480631499999959
2014-02-24 12:00:00,72.81269719,70.76187971499999,0.8624016587957256,71.59340431,1.2192928799999976
2014-02-24 13:00:00,71.4608208,70.8206442825,0.8598655161872195,72.81269719,-1.351876390000001
2014-02-24 14:00:00,72.85545543,70.94186490583333,0.9331701032199125,71.4608208,1.394634630000013
2014-02-24 15:00:00,73.05311023,71.08630124708333,0.981316342122298,72.85545543,0.19765479999999513
2014-02-24 16:00:00,73.92592685,71.28037057791666,1.063277970973707,73.05311023,0.8728166199999947
2014-02-24 17:00:00,74.95996905,71.459033175,1.292220949066117,73.92592685,1.0340422000000018
2014-02-24 18:00:00,75.94820959999998,71.71640159583333,1.5339770705009155,74.95996905,0.9882405499999862
2014-02-24 19:00:00,75.75487779999997,71.94118797291667,1.7115687400671409,75.94820959999998,-0.19333180000000993
2014-02-24 20:00:00,74.81028192,72.09040780291666,1.8005778447621024,75.75487779999997,-0.9445958799999801
2014-02-24 21:00:00,73.54824379,72.19581161583334,1.8091269284991978,74.81028192,-1.2620381299999934
2014-02-24 22:00:00,75.07458015,72.33748725208333,1.8974960561558207,73.54824379,1.526336360000002
2014-02-24 23:00:00,73.30253287,72.3922093275,1.9059340121021051,75.07458015,-1.7720472800000096
2014-02-25 00:00:00,74.89976587,72.53751549583333,1.9601525872187011,73.30253287,1.5972330000000028
2014-02-25 01:00:00,74.93152766,72.73411910333333,1.953491848481181,74.89976587,0.03176179000000445
2014-02-25 02:00:00,73.08132323,72.84294873916666,1.8936782496374347,74.93152766,-1.8502044300000051
2014-02-25 03:00:00,74.38609616,72.94992134791666,1.9057817184513364,73.08132323,1.3047729299999986
2014-02-25 04:00:00,73.555717,73.06652355791667,1.8506053907828255,74.38609616,-0.8303791599999926
2014-02-25 05:00:00,72.43144467,73.15322773041667,1.764571478638659,73.555717,-1.1242723299999966
2014-02-25 06:00:00,73.01942581,73.21812517833332,1.72792382298341,72.43144467,0.5879811399999966
2014-02-25 07:00:00,72.1483262,73.26639976333333,1.6784361090328501,73.01942581,-0.8710996100000017
2014-02-25 08:00:00,72.8103996,73.3894921025,1.5181384237853455,72.1483262,0.662073399999997
2014-02-25 09:00:00,72.69220185,73.48756996666667,1.3824190891798323,72.8103996,-0.11819774999999311
2014-02-25 10:00:00,72.93948367,73.58315923791666,1.250351897692225,72.69220185,0.24728181999999777
2014-02-25 11:00:00,72.10962389,73.60466838708332,1.218673820716272,72.93948367,-0.8298597800000067
2014-02-25 12:00:00,73.58615695,73.63689587708333,1.2069907405627134,72.10962389,1.4765330600000084
2014-02-25 13:00:00,72.55872059,73.68264170166667,1.1398693246399247,73.58615695,-1.02743636000001
2014-02-25 14:00:00,73.58393306,73.71299493625,1.1265056087855403,72.55872059,1.0252124700000138
2014-02-25 15:00:00,72.67472192,73.69722875666666,1.13872429928643,73.58393306,-0.9092111400000107
2014-02-25 16:00:00,73.6832062,73.68711539625001,1.137682212407436,72.67472192,1.0084842800000047
2014-02-25 17:00:00,74.65712512,73.67449689916667,1.1245544003101167,73.6832062,0.9739189200000027
2014-02-25 18:00:00,74.81826612,73.62741592083333,1.0461432174586989,74.65712512,0.16114100000000064
2014-02-25 19:00:00,75.30493537,73.60866831958333,1.0097589388769286,74.81826612,0.4866692499999914
2014-02-25 20:00:00,74.75955931,73.6065548775,1.0071843936478728,75.30493537,-0.5453760599999953
2014-02-25 21:00:00,74.82300241,73.65966982,1.037142918124825,74.75955931,0.06344310000000064
2014-02-25 22:00:00,75.2020531,73.66498119291667,1.0450005790364056,74.82300241,0.3790506899999997
2014-02-25 23:00:00,73.73854426,73.68314833416666,1.0422117887878628,75.2020531,-1.463508840000003
2014-02-26 00:00:00,74.52699276,73.66761612124999,1.0259428259142132,73.73854426,0.7884485000000012
2014-02-26 01:00:00,74.22793271,73.63829966499999,0.9979262209877854,74.52699276,-0.29906004999999425
2014-02-26 02:00:00,73.43795586,73.65315935791666,0.9919090183995722,74.22793271,-0.7899768500000022
2014-02-26 03:00:00,73.07056291,73.5983454725,0.9859763048225093,73.43795586,-0.3673929499999957
2014-02-26 04:00:00,72.27324959999999,73.54490933083333,1.0224643093467314,73.07056291,-0.7973133100000211
2014-02-26 05:00:00,71.51947436,73.50691056791666,1.0809193871718958,72.27324959999999,-0.7537752399999817
2014-02-26 06:00:00,71.63920884,73.4494015275,1.1429212761075132,71.51947436,0.1197344799999911
2014-02-26 07:00:00,72.10054496,73.4474106425,1.1453252794583657,71.63920884,0.4613361199999986
2014-02-26 08:00:00,72.35798657,73.42856009958334,1.1598958613836612,72.10054496,0.25744161000000076
2014-02-26 09:00:00,71.52260473,73.37982688625,1.2154206211630647,72.35798657,-0.8353818399999966
2014-02-26 10:00:00,70.96393378,73.2975123075,1.3097744309902626,71.52260473,-0.5586709499999927
2014-02-26 11:00:00,72.58154764,73.31717579708334,1.294620226782675,70.96393378,1.6176138599999916
2014-02-26 12:00:00,72.58419551,73.27542740375,1.3017051390388952,72.58154764,0.0026478700000041044
2014-02-26 13:00:00,72.36171361,73.26721877958333,1.3070315067351512,72.58419551,-0.22248190000000534
2014-02-26 14:00:00,72.42998458,73.21913759291667,1.3160677798724365,72.36171361,0.06827097000000037
2014-02-26 15:00:00,71.75716944,73.18090623958334,1.3455671894454957,72.42998458,-0.6728151399999973
2014-02-26 16:00:00,73.07326185,73.15549189166667,1.341421295826614,71.75716944,1.316092409999996
2014-02-26 17:00:00,72.75507065,73.07623962208332,1.304526364513634,73.07326185,-0.3181912000000011
2014-02-26 18:00:00,72.5752305,72.98277980458333,1.2536532344664708,72.75507065,-0.17984014999998976
2014-02-26 19:00:00,73.48040164,72.90675756583333,1.158416907471905,72.5752305,0.9051711399999931
2014-02-26 20:00:00,72.81148014,72.82558760041667,1.0891253329624273,73.48040164,-0.6689214999999962
2014-02-26 21:00:00,72.55668889,72.73115787041667,1.0032792972751483,72.81148014,-0.2547912499999967
2014-02-26 22:00:00,72.85158523,72.63322170916668,0.8554195188649274,72.55668889,0.294896339999994
2014-02-26 23:00:00,73.26970533,72.61368675375,0.8341695541200671,72.85158523,0.4181200999999959
2014-02-27 00:00:00,71.19146991,72.474706635,0.7774731353050216,73.26970533,-2.0782354199999986
2014-02-27 01:00:00,72.08289113,72.3853299025,0.6849526757115749,71.19146991,0.891421219999998
2014-02-27 02:00:00,71.96350659,72.32389451625,0.651753954753186,72.08289113,-0.11938453999999865
2014-02-27 03:00:00,71.82605361,72.27203996208333,0.6391506730619968,71.96350659,-0.13745297999999195
2014-02-27 04:00:00,70.82030946,72.21150078958333,0.7045002113686428,71.82605361,-1.0057441499999982
2014-02-27 05:00:00,69.42550165,72.12425192666667,0.8972316478652588,70.82030946,-1.3948078100000032
2014-02-27 06:00:00,69.92242421,72.05271923375,1.0001204005481057,69.42550165,0.49692256000000157
2014-02-27 07:00:00,69.31438143,71.93662908666667,1.1454693219277108,69.92242421,-0.6080427800000052
2014-02-27 08:00:00,70.76033757,71.87006037833332,1.1661543157095104,69.31438143,1.445956140000007
2014-02-27 09:00:00,70.97100633,71.84707711166666,1.1786683836145275,70.76033757,0.21066875999999013
2014-02-27 10:00:00,70.17113554,71.81404385166667,1.2150435659254994,70.97100633,-0.7998707899999999
2014-02-27 11:00:00,70.71432592,71.73624294666666,1.2235133990790827,70.17113554,0.5431903799999986
2014-02-27 12:00:00,71.921708,71.70863930041666,1.2109597798435614,70.71432592,1.2073820800000021
2014-02-27 13:00:00,72.00375809999998,71.6937244875,1.20475494072693,71.921708,0.08205009999998936
2014-02-27 14:00:00,71.78458459,71.66683282125,1.1947678235253656,72.00375809999998,-0.2191735099999903
2014-02-27 15:00:00,72.65555112,71.70426539124999,1.2116748726901354,71.78458459,0.870966530000004
2014-02-27 16:00:00,72.58009757,71.68371687958333,1.1914621058544044,72.65555112,-0.07545354999999176
2014-02-27 17:00:00,73.05064890000001,71.69603264,1.204474426586942,72.58009757,0.4705513300000064
2014-02-27 18:00:00,74.54039587,71.77791453041667,1.3273699178158667,73.05064890000001,1.4897469699999846
2014-02-27 19:00:00,75.18858469,71.84908882416667,1.4616336977567395,74.54039587,0.6481888200000014
2014-02-27 20:00:00,74.27894519,71.91023320125,1.5326143932769472,75.18858469,-0.9096394999999973
2014-02-27 21:00:00,74.26208079,71.98129119708334,1.601859769655014,74.27894519,-0.016864400000002888
2014-02-27 22:00:00,73.23807909,71.99739510791666,1.6128942206224097,74.26208079,-1.0240016999999995
2014-02-27 23:00:00,73.87025742,72.02241811166667,1.6379553925112005,73.23807909,0.6321783300000021
2014-02-28 00:00:00,73.43235603,72.11578836666666,1.652335223277933,73.87025742,-0.4379013900000075
2014-02-28 01:00:00,72.37198523,72.12783395416666,1.6531385324032712,73.43235603,-1.060370799999987
2014-02-28 02:00:00,73.92808884,72.20969154791668,1.6928113914807972,72.37198523,1.5561036099999939
2014-02-28 03:00:00,73.25719839,72.26932258041667,1.703880369854547,73.92808884,-0.6708904500000017
2014-02-28 04:00:00,72.53001535,72.34056032583334,1.676179887408149,73.25719839,-0.7271830399999999
2014-02-28 05:00:00,71.63872957,72.43277815583333,1.566097581418804,72.53001535,-0.891285780000004
2014-02-28 06:00:00,72.28002048,72.53101133375,1.4729603642120863,71.63872957,0.6412909100000093
2014-02-28 07:00:00,71.72196102,72.63132714999999,1.3182237316727623,72.28002048,-0.5580594600000097
2014-02-28 08:00:00,70.39334093,72.61603562333333,1.3427710790793599,71.72196102,-1.3286200900000011
2014-02-28 09:00:00,70.10964532,72.58014558125,1.3989863197033603,70.39334093,-0.2836956099999952
2014-02-28 10:00:00,70.65823648,72.60044145375,1.365654194222561,70.10964532,0.5485911600000009
2014-02-28 11:00:00,71.51087208,72.63363087708333,1.3269539228001714,70.65823648,0.8526355999999993
2014-02-28 12:00:00,72.44637778,72.65549211791667,1.3190133666368626,71.51087208,0.9355057000000073
2014-02-28 13:00:00,71.51568524,72.63515574875,1.3331849878231103,72.44637778,-0.9306925400000097
2014-02-28 14:00:00,72.7279092,72.67446094083333,1.3208667316187983,71.51568524,1.2122239600000029
2014-02-28 15:00:00,72.29771123,72.65955094541667,1.3231072222186961,72.7279092,-0.4301979699999947
2014-02-28 16:00:00,71.52876516,72.61574542833334,1.343104808108805,72.29771123,-0.7689460699999984
2014-02-28 17:00:00,72.59605592,72.59680405416667,1.3399065204145555,71.52876516,1.0672907599999917
2014-02-28 18:00:00,72.01554663,72.49160200249999,1.2783775356781695,72.59605592,-0.5805092899999948
2014-02-28 19:00:00,72.97598217,72.39941023083334,1.1486221354185249,72.01554663,0.9604355399999918
2014-02-28 20:00:00,71.20551,72.27135043125,1.1002730339680131,72.97598217,-1.7704721699999908
2014-02-28 21:00:00,72.52524715,72.19898236291667,1.0176610463379263,71.20551,1.3197371499999946
2014-02-28 22:00:00,72.49802968,72.16814697083333,0.9957839318689526,72.52524715,-0.027217469999996524
2014-02-28 23:00:00,72.6226827,72.11616469083333,0.9336939417031358,72.49802968,0.12465301999999667
2014-03-01 00:00:00,71.39694912,72.03135606958334,0.9008047611680969,72.6226827,-1.2257335799999964
2014-03-01 01:00:00,70.29320788,71.94474034666666,0.9643291903467669,71.39694912,-1.103741240000005
2014-03-01 02:00:00,70.10398202,71.7854025625,0.9379395403993933,70.29320788,-0.18922585999999342
2014-03-01 03:00:00,70.02121361,71.65056986333333,0.949683391478428,70.10398202,-0.0827684099999999
2014-03-01 04:00:00,70.27777940000001,71.55672669875,0.970061379869082,70.02121361,0.25656579000001045
2014-03-01 05:00:00,68.76433592,71.43696029666667,1.1246237024992196,70.27777940000001,-1.5134434800000207
2014-03-01 06:00:00,69.37923216,71.31609411666666,1.1843690719866744,68.76433592,0.6148962400000073
2014-03-01 07:00:00,67.78520256,71.15206251416667,1.3818624280685345,69.37923216,-1.594029599999999
2014-03-01 08:00:00,68.49976639,71.07316357500001,1.4777939195332828,67.78520256,0.714563830000003
2014-03-01 09:00:00,66.66557183,70.92966051291667,1.722402069520481,68.49976639,-1.8341945600000003
2014-03-01 10:00:00,66.92889456,70.77427126625001,1.9063548419852108,66.66557183,0.26332272999999873
2014-03-01 11:00:00,65.80440933,70.536501985,2.150697231555845,66.92889456,-1.1244852300000048
2014-03-01 12:00:00,66.89565828,70.30522200583333,2.2332547355966295,65.80440933,1.0912489500000078
2014-03-01 13:00:00,66.20627379,70.08399652875,2.3670968512839163,66.89565828,-0.689384490000009
2014-03-01 14:00:00,65.62264979,69.78794405333333,2.464374013915109,66.20627379,-0.5836240000000004
2014-03-01 15:00:00,66.38603358,69.54162415125,2.4978260389367435,65.62264979,0.763383790000006
2014-03-01 16:00:00,66.57722161,69.33530983666667,2.530831465902405,66.38603358,0.19118802999999218
2014-03-01 17:00:00,67.22633566,69.1115714925,2.466571080958655,66.57722161,0.6491140500000085
2014-03-01 18:00:00,66.59760208,68.88582380291668,2.4369908278359746,67.22633566,-0.6287335800000022
2014-03-01 19:00:00,67.12154486,68.641888915,2.2988696844088565,66.59760208,0.5239427799999987
2014-03-01 20:00:00,65.97349626,68.4238883425,2.2932606964065556,67.12154486,-1.1480485999999956
2014-03-01 21:00:00,66.84503091,68.18721266583334,2.13953778024084,65.97349626,0.871534650000001
2014-03-01 22:00:00,66.34569414,67.93086535166667,1.961767353806608,66.84503091,-0.4993367699999993
2014-03-01 23:00:00,65.04830890000001,67.61526644333334,1.7744776821821415,66.34569414,-1.297385239999997
2014-03-02 00:00:00,65.36668131,67.36400528458334,1.6373570058011961,65.04830890000001,0.31837240999999494
2014-03-02 01:00:00,64.60285133,67.126907095,1.6064563115628685,65.36668131,-0.7638299800000112
2014-03-02 02:00:00,65.00628144,66.91450290416667,1.5309481057125707,64.60285133,0.4034301100000022
2014-03-02 03:00:00,65.10276279,66.70956745333332,1.4223409095753863,65.00628144,0.0964813500000048
2014-03-03 09:00:00,64.73752596,66.47872356,1.2581579311098094,65.10276279,-0.3652368300000006
2014-03-03 10:00:00,66.44422198,66.38205214583333,1.1602284170605526,64.73752596,1.7066960199999954
2014-03-03 11:00:00,66.67119237,66.26921715458333,0.9725793120728823,66.44422198,0.2269703900000053
2014-03-03 12:00:00,68.20387067,66.28666165916667,1.0041936184727942,66.67119237,1.5326783000000006
2014-03-03 13:00:00,67.99377700000001,66.26557876791667,0.9600510279862652,68.20387067,-0.21009366999999202
2014-03-03 14:00:00,68.82246666,66.35544938583334,1.0911281203928924,67.99377700000001,0.8286896599999949
2014-03-03 15:00:00,69.83201105,66.47641257291666,1.29865088258774,68.82246666,1.009544390000002
2014-03-03 16:00:00,70.41675915,66.66859381541666,1.5176884642120132,69.83201105,0.5847480999999988
2014-03-03 17:00:00,69.67662317,66.7844673525,1.637231788852942,70.41675915,-0.7401359800000051
2014-03-03 18:00:00,69.75960523,66.93252282916667,1.7401048171105764,69.67662317,0.08298206000000619
2014-03-03 19:00:00,70.63902199,67.1415383375,1.8721884297513274,69.75960523,0.879416759999998
2014-03-03 20:00:00,71.26261117,67.34472907041668,2.043426761242348,70.63902199,0.6235891799999962
2014-03-03 21:00:00,70.37991099999998,67.50317446166667,2.1270451068640557,71.26261117,-0.882700170000021
2014-03-03 22:00:00,68.99746538,67.57697153333334,2.1476472651052045,70.37991099999998,-1.3824456199999844
2014-03-03 23:00:00,67.80571471,67.62730955958334,2.137829931228389,68.99746538,-1.1917506699999905
2014-03-04 00:00:00,68.65145086,67.69105564291667,2.144891085693343,67.80571471,0.8457361499999934
2014-03-04 01:00:00,67.3954395,67.75030327791667,2.114812774056935,68.65145086,-1.2560113600000022
2014-03-04 02:00:00,67.04867326,67.75878837583333,2.1114285221032922,67.3954395,-0.3467662399999938
2014-03-04 03:00:00,66.58482439,67.76875213625,2.1050247625833496,67.04867326,-0.46384887000000674
2014-03-04 04:00:00,65.50344586,67.78771617624999,2.0813680979742513,66.58482439,-1.081378529999995
2014-03-04 05:00:00,65.72809278,67.8027749875,2.0643278614175173,65.50344586,0.22464691999999786
2014-03-04 06:00:00,65.71347736,67.84905107208333,2.000951911347846,65.72809278,-0.01461541999999838
2014-03-04 07:00:00,66.21746488,67.89951704875,1.9404975544274254,65.71347736,0.5039875199999955
2014-03-04 08:00:00,67.3270938,67.9921975075,1.852224155657779,66.21746488,1.1096289200000058
2014-03-04 09:00:00,67.62303328,68.11242697916667,1.7207602181017827,67.3270938,0.29593948000000125
2014-03-04 10:00:00,68.08086803,68.18062056458332,1.6838083263124641,67.62303328,0.4578347500000035
2014-03-04 11:00:00,68.72680885,68.26627125124999,1.6557373799314432,68.08086803,0.6459408199999928
2014-03-04 12:00:00,70.45355378,68.3600080475,1.7146828478541452,68.72680885,1.7267449299999953
2014-03-04 13:00:00,70.06613398,68.446356255,1.7473079092975274,70.45355378,-0.3874197999999893
2014-03-04 14:00:00,69.97752106,68.49448352166667,1.7738238038051712,70.06613398,-0.08861292000000276
2014-03-04 15:00:00,70.4927163,68.52201290708334,1.8004122225761598,69.97752106,0.5151952399999971
2014-03-04 16:00:00,71.61681198,68.57201510833333,1.8706177616103832,70.4927163,1.1240956799999964
2014-03-04 17:00:00,70.29198332,68.59765511458333,1.8905279050221957,71.61681198,-1.3248286599999943
2014-03-04 18:00:00,71.67066391,68.67728255958333,1.9797374083494137,70.29198332,1.3786805900000019
2014-03-04 19:00:00,70.70533885,68.68004576208334,1.9826386920701002,71.67066391,-0.9653250599999978
2014-03-04 20:00:00,70.4300817,68.64535703416666,1.942362910223936,70.70533885,-0.2752571500000016
2014-03-04 21:00:00,69.29157767,68.60000981208334,1.9125826527395293,70.4300817,-1.138504030000007
2014-03-04 22:00:00,69.34063822,68.61430868041667,1.9169611119501992,69.29157767,0.0490605500000072
2014-03-04 23:00:00,70.38420092,68.72174560583333,1.9417684399277733,69.34063822,1.0435626999999954
2014-03-05 00:00:00,69.63034413,68.76253282541667,1.9504890256477647,70.38420092,-0.7538567900000004
2014-03-05 01:00:00,69.0398113,68.83104831708333,1.9291431455742996,69.63034413,-0.5905328300000008
2014-03-05 02:00:00,67.76196134,68.86076865374999,1.9058437856196313,69.0398113,-1.2778499599999975
2014-03-05 03:00:00,67.67675741,68.90626586291667,1.8616707402559536,67.76196134,-0.08520393000000581
2014-03-05 04:00:00,68.86005963,69.04612477,1.7152425541269127,67.67675741,1.1833022200000016
2014-03-05 05:00:00,67.57048842,69.122891255,1.5974714199217628,68.86005963,-1.2895712099999912
2014-03-05 06:00:00,68.46335363,69.23746943291667,1.4323871003480357,67.57048842,0.8928652099999965
2014-03-05 07:00:00,69.29349205,69.36563723166667,1.2799170816097265,68.46335363,0.8301384199999973
2014-03-05 08:00:00,68.01547296,69.39431969666667,1.2393170936806372,69.29349205,-1.2780190900000008
2014-03-05 09:00:00,68.10090635,69.41423107458333,1.2131849056892734,68.01547296,0.08543339000000572
2014-03-05 10:00:00,68.12754514,69.41617595416666,1.2109898584693393,68.10090635,0.026638789999992696
2014-03-05 11:00:00,70.01662351,69.46991823166667,1.2076821267614404,68.12754514,1.8890783700000071
2014-03-05 12:00:00,70.25863434,69.46179658833333,1.2014187606707307,70.01662351,0.24201082999999812
2014-03-05 13:00:00,71.09608996,69.50471142083333,1.2416653024948414,70.25863434,0.8374556200000001
2014-03-05 14:00:00,71.50280303,69.56826483625,1.3043695275915965,71.09608996,0.406713069999995
2014-03-05 15:00:00,71.42488612,69.60710524541666,1.3462986797777876,71.50280303,-0.077916909999999
2014-03-05 16:00:00,72.71167276,69.65272444458333,1.4331090363344239,71.42488612,1.2867866400000025
2014-03-05 17:00:00,71.59459113,69.70699977,1.4821976864849882,72.71167276,-1.1170816300000013
2014-03-05 18:00:00,72.43328872,69.73877580375,1.5334157803437058,71.59459113,0.8386975899999953
2014-03-05 19:00:00,71.48709146,69.77134882916666,1.5628606775125102,72.43328872,-0.946197259999991
2014-03-05 20:00:00,71.99469951,69.83654123791666,1.623008860235698,71.48709146,0.5076080500000018
2014-03-05 21:00:00,71.35471229,69.92250518041666,1.6473447852789014,71.99469951,-0.639987220000009
2014-03-05 22:00:00,70.39110149,69.96627448333332,1.64516639376681,71.35471229,-0.9636107999999979
2014-03-05 23:00:00,69.43812495,69.92685465125,1.6460512951005641,70.39110149,-0.9529765399999945
2014-03-06 00:00:00,70.2584932,69.95302752916666,1.646125584110272,69.43812495,0.8203682500000014
2014-03-06 01:00:00,69.67190229,69.97936465375001,1.6359041795709484,70.2584932,-0.5865909099999982
2014-03-06 02:00:00,68.22337002,69.99859001541667,1.6112372520917464,69.67190229,-1.4485322700000012
2014-03-06 03:00:00,68.80799396,70.04572487166666,1.5559598986893806,68.22337002,0.5846239400000002
2014-03-06 04:00:00,68.03247815,70.01124231,1.5921284757145153,68.80799396,-0.7755158100000017
2014-03-06 05:00:00,67.80972606,70.021210545,1.5768583292711498,68.03247815,-0.22275209000000018
2014-03-06 06:00:00,66.40552502,69.93546768624999,1.7151360691850732,67.80972606,-1.4042010400000038
2014-03-06 07:00:00,67.83509944,69.8747013275,1.7640085621357422,66.40552502,1.4295744199999945
2014-03-06 08:00:00,65.97248106,69.78957666500001,1.9015598478642617,67.83509944,-1.8626183799999865
2014-03-06 09:00:00,66.31911328,69.71533528708333,2.002461665120795,65.97248106,0.3466322199999894
2014-03-06 10:00:00,66.29172592,69.63884281958333,2.098510960404646,66.31911328,-0.027387359999991645
2014-03-06 11:00:00,66.46979301,69.49105821541667,2.1934903818944487,66.29172592,0.17806708999999898
2014-03-06 12:00:00,67.19727082,69.36350140208333,2.235523389829616,66.46979301,0.7274778099999963
2014-03-06 13:00:00,67.26610171,69.20391855833334,2.243153961160305,67.19727082,0.06883089000000098
2014-03-06 14:00:00,66.58963271,68.99920312833333,2.248418109208542,67.26610171,-0.6764689999999973
2014-03-06 15:00:00,66.13565431,68.77881846958333,2.2595126462715434,66.58963271,-0.4539783999999969
2014-03-06 16:00:00,67.45824979,68.55992584583333,2.1115702317127356,66.13565431,1.3225954799999897
2014-03-06 17:00:00,67.08281943,68.37193535833335,2.0288703562291754,67.45824979,-0.37543035999999574
2014-03-06 18:00:00,66.60154522,68.12894604583333,1.863818917131372,67.08281943,-0.48127420999999515
2014-03-06 19:00:00,66.14435074,67.90633184916668,1.7615456399394842,66.60154522,-0.4571944800000125
2014-03-06 20:00:00,65.70970149,67.64445693166667,1.5857317803688182,66.14435074,-0.43464924999999255
2014-03-06 21:00:00,65.72663154,67.40995356708333,1.4207590892088602,65.70970149,0.01693004999999914
2014-03-06 22:00:00,65.58931781,67.20987924708334,1.3170050836320664,65.72663154,-0.13731373000000247
2014-03-06 23:00:00,65.82957452,67.05952297916667,1.2561353608343881,65.58931781,0.24025670999999704
2014-03-07 00:00:00,65.66945407,66.86831301541667,1.085728769912074,65.82957452,-0.16012044999999375
2014-03-07 01:00:00,64.47296805,66.65169075541667,1.0186077437591925,65.66945407,-1.1964860199999947
2014-03-07 02:00:00,64.33275758,66.48958190375,1.066087780182585,64.47296805,-0.14021046999999953
2014-03-07 03:00:00,64.30729548,66.30205280041666,1.0359582874899964,64.33275758,-0.02546210000001281
2014-03-07 04:00:00,63.27916803,66.10399821208333,1.1399059029498073,64.30729548,-1.0281274499999924
2014-03-07 05:00:00,63.28661915,65.91553542416666,1.2169374551527565,63.27916803,0.007451119999998923
2014-03-07 06:00:00,62.71784797,65.76188221375,1.3749314218017357,63.28661915,-0.5687711799999988
2014-03-07 07:00:00,62.10356599,65.52306832000001,1.4919540097018065,62.71784797,-0.6142819800000012
2014-03-07 08:00:00,62.35873434,65.37249554,1.6213684702953333,62.10356599,0.25516834999999816
2014-03-07 09:00:00,62.26844161,65.20371755375,1.725998424680612,62.35873434,-0.09029272999999449
2014-03-07 10:00:00,64.14762913,65.1143801875,1.722720743974254,62.26844161,1.879187519999995
2014-03-07 11:00:00,66.74519744,65.12585537208334,1.7330282141576316,64.14762913,2.5975683099999998
2014-03-07 12:00:00,66.88478620000001,65.11283517958334,1.717896885149533,66.74519744,0.13958876000000942
2014-03-07 13:00:00,67.39191825,65.11807753541666,1.7249310836885472,66.88478620000001,0.5071320499999956
2014-03-07 14:00:00,66.3784179,65.10927691833334,1.7176200797465107,67.39191825,-1.013500350000001
2014-03-07 15:00:00,67.24728902,65.15559503125,1.760943266952011,66.3784179,0.8688711199999943
2014-03-07 16:00:00,68.80478948,65.21170085166666,1.8563643737799573,67.24728902,1.55750046
2014-03-07 17:00:00,67.78706753,65.24104452249999,1.8924426750121268,68.80478948,-1.017721949999995
2014-03-07 18:00:00,67.6234333,65.2836231925,1.9353924094037722,67.78706753,-0.16363422999999955
2014-03-07 19:00:00,68.13243751,65.36646014125,2.014753312824746,67.6234333,0.5090042100000005
2014-03-07 20:00:00,68.35249809,65.47657666625,2.1045489385096987,68.13243751,0.22006057999999484
2014-03-07 21:00:00,68.76098726,65.60300815458334,2.2087876941891698,68.35249809,0.40848916999999574
2014-03-07 22:00:00,68.27847874,65.71505652666666,2.2752709357774803,68.76098726,-0.4825085199999961
2014-03-07 23:00:00,67.18038204,65.77134017333333,2.2948502483444866,68.27847874,-1.0980966999999993
2014-03-08 00:00:00,66.54164375,65.80768141,2.300066696614329,67.18038204,-0.638738289999992
2014-03-08 01:00:00,67.01120528,65.91344129458334,2.2943751908783936,66.54164375,0.4695615299999929
2014-03-08 02:00:00,66.64272086,66.00968976458334,2.2735394750634543,67.01120528,-0.3684844200000015
2014-03-08 03:00:00,65.06151932,66.04111575791667,2.2541146800219836,66.64272086,-1.581201539999995
2014-03-08 04:00:00,65.17996189,66.12031550208333,2.1851917350055814,65.06151932,0.11844256999999914
2014-03-08 05:00:00,64.67925087,66.17834182374999,2.124315440557864,65.17996189,-0.5007110199999971
2014-03-08 06:00:00,65.55120828,66.29639850333334,1.998654457731443,64.67925087,0.8719574099999932
2014-03-08 07:00:00,64.59678509,66.4002826325,1.8288281722995454,65.55120828,-0.95442319
2014-03-08 08:00:00,65.27563058,66.52181997583334,1.635241039885804,64.59678509,0.6788454900000005
2014-03-08 09:00:00,64.88539882,66.63085985958332,1.411191277708952,65.27563058,-0.3902317599999918
2014-03-08 10:00:00,65.15421592,66.67280097583334,1.3477101998973484,64.88539882,0.2688170999999926
2014-03-08 11:00:00,64.26521212,66.56946825416667,1.4342154835486602,65.15421592,-0.8890037999999976
2014-03-08 12:00:00,64.07879166,66.452551815,1.5192443891989995,64.26521212,-0.1864204600000079
2014-03-08 13:00:00,63.99581719,66.31104760416666,1.5846951968980587,64.07879166,-0.08297446999999636
2014-03-08 14:00:00,63.37198838,66.1857797075,1.6941828247757627,63.99581719,-0.6238288099999991
2014-03-08 15:00:00,63.85857426,66.04458325916667,1.7423932054157742,63.37198838,0.4865858799999998
2014-03-08 16:00:00,65.7786958,65.91849602250001,1.6404783218400516,63.85857426,1.9201215399999967
2014-03-08 17:00:00,66.00473119,65.84423200833334,1.5918324610893928,65.7786958,0.22603539000000694
2014-03-08 18:00:00,65.12337382,65.74006286333334,1.551633832715465,66.00473119,-0.8813573700000035
2014-03-08 19:00:00,66.57607623,65.67521447666667,1.4780802480153141,65.12337382,1.4527024100000006
2014-03-08 20:00:00,65.02660446,65.53663557541667,1.3679647969782984,66.57607623,-1.5494717699999967
2014-03-08 21:00:00,64.95266133,65.37795532833333,1.1865333650494387,65.02660446,-0.07394313000000352
2014-03-08 22:00:00,64.97658136,65.24037627083334,1.0145593577243945,64.95266133,0.023920029999999315
2014-03-08 23:00:00,65.67719536,65.1777434925,0.9326830313926245,64.97658136,0.7006140000000016
2014-03-09 00:00:00,65.24741305,65.12381721333334,0.8866763181017256,65.67719536,-0.4297823099999931
2014-03-09 01:00:00,65.41542891,65.05732653125,0.7939768354149559,65.24741305,0.16801585999999702
2014-03-09 02:00:00,64.98877478,64.98841211125,0.718586334989937,65.41542891,-0.42665413000000285
2014-03-09 03:00:00,64.96988162,64.98459387375,0.7184244294717104,64.98877478,-0.018893160000004627
2014-03-09 04:00:00,63.30792665,64.90659240541667,0.7939471294343137,64.96988162,-1.6619549699999965
2014-03-09 05:00:00,64.40463119,64.89514991875,0.7993267704158941,63.30792665,1.0967045400000046
2014-03-09 06:00:00,63.87984768,64.82550989375,0.8123842538145938,64.40463119,-0.524783510000006
2014-03-09 07:00:00,62.65054877,64.74441671375,0.925474787813558,63.87984768,-1.2292989099999971
2014-03-09 08:00:00,63.64803912,64.67660040291666,0.9442977794481143,62.65054877,0.9974903499999996
2014-03-09 09:00:00,63.06377998,64.60069961791666,0.998442078873417,63.64803912,-0.5842591400000003
2014-03-09 10:00:00,63.08252395,64.51437911916666,1.0373050163507926,63.06377998,0.01874397000000272
2014-03-09 11:00:00,62.42757669,64.43781097624999,1.1209467055251576,63.08252395,-0.6549472600000001
2014-03-09 12:00:00,62.08987607,64.35493949333333,1.2179646948663863,62.42757669,-0.3377006199999997
2014-03-09 13:00:00,61.82403302,64.26444848625,1.322038376143943,62.08987607,-0.26584305000000086
2014-03-09 14:00:00,61.80836032,64.19929731708334,1.4039242765227962,61.82403302,-0.015672700000003204
2014-03-09 15:00:00,63.57034584,64.18728779958333,1.408191931728708,61.80836032,1.7619855200000032
2014-03-09 16:00:00,63.14298573,64.07746654666666,1.381203543983742,63.57034584,-0.4273601100000022
2014-03-09 17:00:00,65.21301797,64.04447849583333,1.3420724603266898,63.14298573,2.070032239999996
2014-03-09 18:00:00,63.94421349,63.99534681541667,1.3222962416230464,65.21301797,-1.268804479999993
2014-03-09 19:00:00,64.45766756,63.9070797875,1.2083286981972154,63.94421349,0.5134540700000016
2014-03-09 20:00:00,63.5914373,63.847281155833336,1.185818617290568,64.45766756,-0.8662302600000018
2014-03-09 21:00:00,62.89815719,63.761676816666665,1.176673826206986,63.5914373,-0.6932801100000034
2014-03-09 22:00:00,64.45257404,63.73984317833333,1.1578618728715637,62.89815719,1.5544168500000026
2014-03-09 23:00:00,64.12681763,63.67524410625,1.0860994723968749,64.45257404,-0.3257564099999968
2014-03-10 00:00:00,63.49055243,63.60204158041666,1.033459085311553,64.12681763,-0.636265200000004
2014-03-10 01:00:00,63.42430336,63.51907801583334,0.9587785040950554,63.49055243,-0.0662490699999978
2014-03-10 02:00:00,62.15728246,63.40109916916666,0.944165502649843,63.42430336,-1.2670209000000057
2014-03-10 03:00:00,62.18439593,63.28503726541666,0.9136480874985891,62.15728246,0.027113470000003304
2014-03-10 04:00:00,62.23825287,63.24046752458333,0.9382424272467575,62.18439593,0.053856939999995745
2014-03-10 05:00:00,61.28489989,63.11047872041667,0.9848926490854188,62.23825287,-0.9533529799999982
2014-03-10 06:00:00,62.43160143,63.050135126666675,0.980059106275008,61.28489989,1.1467015400000022
2014-03-10 07:00:00,62.64010591,63.0497000075,0.980246525102268,62.43160143,0.208504480000002
2014-03-10 08:00:00,62.75477551,63.01248069041666,0.9734751477045811,62.64010591,0.11466959999999915
2014-03-10 09:00:00,63.07107014,63.012784447083334,0.9734929879745794,62.75477551,0.3162946300000016
2014-03-10 10:00:00,65.36263572,63.10778910416667,1.0854202535216142,63.07107014,2.2915655799999968
2014-03-10 11:00:00,67.68834829,63.32698792083334,1.4213103649744976,65.36263572,2.325712569999993
2014-03-10 12:00:00,66.78938507,63.52280079583334,1.56038396126447,67.68834829,-0.8989632199999988
2014-03-10 13:00:00,67.4030453,63.75525964083334,1.7051577914515736,66.78938507,0.6136602300000078
2014-03-10 14:00:00,69.22223465,64.06417107124999,1.9856125921170134,67.4030453,1.819189350000002
2014-03-10 15:00:00,68.72906724,64.27911779625,2.1977227547334293,69.22223465,-0.4931674099999981
2014-03-10 16:00:00,69.43623743,64.54133661708333,2.4204252218796327,68.72906724,0.7071701899999994
2014-03-10 17:00:00,70.25809179999999,64.75154802666667,2.685825448038777,69.43623743,0.8218543699999827
2014-03-10 18:00:00,70.25948981,65.01468454,2.90380556602637,70.25809179999999,0.001398010000016825
2014-03-10 19:00:00,70.60726748,65.27091786999999,3.1160801683656536,70.25948981,0.34777766999999926
2014-03-10 20:00:00,70.2063059,65.54653739499999,3.250706894633955,70.60726748,-0.4009615800000006
2014-03-10 21:00:00,69.81033474,65.83454479291667,3.311498308330639,70.2063059,-0.395971160000002
2014-03-10 22:00:00,68.24486669,65.99255698666667,3.333095336851458,69.81033474,-1.5654680500000069
2014-03-10 23:00:00,68.10978258,66.15851385958334,3.3353164540718634,68.24486669,-0.13508410999999398
2014-03-11 00:00:00,67.63116079,66.33103920791667,3.2981947329249706,68.10978258,-0.4786217900000054
2014-03-11 01:00:00,68.12898944,66.52706779458333,3.2574816506492383,67.63116079,0.4978286500000024
2014-03-11 02:00:00,66.93579537,66.72617249916667,3.121997020850299,68.12898944,-1.193194070000004
2014-03-11 03:00:00,67.28183681,66.93856586916667,2.9692355181660024,66.93579537,0.3460414400000076
2014-03-11 04:00:00,67.12842156,67.14232289791667,2.79536080415731,67.28183681,-0.15341524999999478
2014-03-11 05:00:00,65.79175844,67.33010867083333,2.522862959018549,67.12842156,-1.3366631200000114
2014-03-11 06:00:00,65.13144669,67.44260222333334,2.349156082166071,65.79175844,-0.6603117499999911
2014-03-11 07:00:00,66.1775294,67.58999486875,2.136039987670197,65.13144669,1.0460827099999932
2014-03-11 08:00:00,66.51384686,67.74662284166668,1.8896895262497049,66.1775294,0.3363174600000036
2014-03-11 09:00:00,66.52764863,67.89064694541666,1.6319977631164844,66.51384686,0.013801770000000602
2014-03-11 10:00:00,67.78500622,67.99157904958334,1.5412362108864577,66.52764863,1.257357589999998
2014-03-11 11:00:00,69.36668186,68.06150961499999,1.5647753048635393,67.78500622,1.5816756400000003
2014-03-11 12:00:00,71.10686192,68.24140448375,1.6575935704543623,69.36668186,1.7401800600000001
2014-03-11 13:00:00,71.34507296,68.40565563624999,1.7628732418094661,71.10686192,0.23821103999999593
2014-03-11 14:00:00,71.63930695,68.50636698208332,1.8769063406103061,71.34507296,0.29423399000000927
2014-03-11 15:00:00,70.36000942,68.57432290625,1.914469425447662,71.63930695,-1.279297530000008
2014-03-11 16:00:00,71.98604698,68.68056497083334,2.031550175312374,70.36000942,1.6260375600000003
2014-03-11 17:00:00,71.66471114,68.73917411,2.098235359557399,71.98604698,-0.32133584000000326
2014-03-11 18:00:00,72.72998288,68.84211132125,2.2323753823560737,71.66471114,1.06527174
2014-03-11 19:00:00,72.17540433,68.90745035666667,2.3079550704547263,72.72998288,-0.554578549999988
2014-03-11 20:00:00,71.92709502,68.97914990333334,2.375792319435178,72.17540433,-0.24830931000001044
2014-03-11 21:00:00,70.85195269,69.02255065125,2.401016681252147,71.92709502,-1.0751423299999914
2014-03-11 22:00:00,69.01463509,69.05462433458332,2.3953110571226106,70.85195269,-1.8373176000000058
2014-03-11 23:00:00,68.49462169,69.0706592975,2.389993201086174,69.01463509,-0.5200133999999963
2014-03-12 00:00:00,67.48580392,69.06460276125,2.393980519914757,68.49462169,-1.0088177700000074
2014-03-12 01:00:00,68.07698894,69.06243607375,2.39488747932114,67.48580392,0.5911850200000117
2014-03-12 02:00:00,68.23106386,69.11640559416666,2.359208166200512,68.07698894,0.15407491999999934
2014-03-12 03:00:00,67.01328165,69.10521579583333,2.368904861326281,68.23106386,-1.21778221000001
2014-03-12 04:00:00,67.18611750000001,69.10761979333333,2.3668399376797256,67.01328165,0.17283585000001267
2014-03-12 05:00:00,65.92239173,69.11306284708333,2.359020153448022,67.18611750000001,-1.2637257700000077
2014-03-12 06:00:00,66.38206209,69.16517182208334,2.279725189071768,65.92239173,0.45967036000000405
2014-03-12 07:00:00,66.46286064,69.17706062375,2.264158023780011,66.38206209,0.08079854999999725
2014-03-12 08:00:00,68.24047875,69.24900361916666,2.2024465130706563,66.46286064,1.7776181099999917
2014-03-12 09:00:00,68.02786863,69.31151278583333,2.1423204097045425,68.24047875,-0.21261011999999369
2014-03-12 10:00:00,70.1038357,69.40813068083334,2.1226814241282965,68.02786863,2.0759670700000044
2014-03-12 11:00:00,70.22659164,69.443960255,2.129198746900875,70.1038357,0.12275593999999046
2014-03-12 12:00:00,71.37680632,69.45520793833333,2.1390552943428855,70.22659164,1.1502146800000048
2014-03-12 13:00:00,70.67512681,69.42729351541668,2.117584090985288,71.37680632,-0.7016795100000053
2014-03-12 14:00:00,70.46297529,69.37827969625,2.077390834166579,70.67512681,-0.21215151999999193
2014-03-12 15:00:00,71.28157524,69.41667827208333,2.1046642348402895,70.46297529,0.8185999499999923
2014-03-12 16:00:00,71.05593879999998,69.37792376458334,2.0634557241727594,71.28157524,-0.2256364400000166
2014-03-12 17:00:00,71.70627229,69.37965547916667,2.0654747582755157,71.05593879999998,0.6503334900000226
2014-03-12 18:00:00,72.17357465,69.35647180291666,2.029035630055448,71.70627229,0.467302360000005
2014-03-12 19:00:00,71.84544009,69.34272329291666,2.0101342649294347,72.17357465,-0.3281345600000094
2014-03-12 20:00:00,71.17415427,69.31135076166667,1.9735892605237908,71.84544009,-0.6712858199999943
2014-03-12 21:00:00,71.43730024,69.33574024291667,1.9969344511744243,71.17415427,0.2631459699999965
2014-03-12 22:00:00,71.00435876,69.41864539583334,2.0241413267359687,71.43730024,-0.43294147999999666
2014-03-12 23:00:00,71.1510194,69.52932863375,2.043948520212841,71.00435876,0.14666063999999324
2014-03-13 00:00:00,69.55935905,69.61572676416667,1.9971005614563504,71.1510194,-1.591660349999998
2014-03-13 01:00:00,69.6460687,69.6811050875,1.9700371630434061,69.55935905,0.08670965000000308
2014-03-13 02:00:00,69.7364644,69.74383010999999,1.9456762159258325,69.6460687,0.09039570000000197
2014-03-13 03:00:00,68.79399824,69.81802663458333,1.8694831797173812,69.7364644,-0.9424661600000093
2014-03-13 04:00:00,69.72507825,69.92381666583334,1.783954403724608,68.79399824,0.9310800100000023
2014-03-13 05:00:00,69.23149065,70.0616957875,1.5771328467875139,69.72507825,-0.4935875999999979
2014-03-13 06:00:00,67.21438079,70.09637573333333,1.499965770005807,69.23149065,-2.017109859999991
2014-03-13 07:00:00,68.75934959,70.19206277291666,1.320624043904115,67.21438079,1.5449687999999924
2014-03-13 08:00:00,69.27054515,70.23498220625,1.270217467985318,68.75934959,0.5111955600000044
2014-03-13 09:00:00,69.90997802,70.31340343083333,1.183144035975422,69.27054515,0.6394328699999932
2014-03-13 10:00:00,69.07299661,70.27045180208333,1.2095004332789352,69.90997802,-0.8369814099999928
2014-03-13 11:00:00,70.97799327,70.30176020333333,1.218010956751191,69.07299661,1.9049966599999948
2014-03-13 12:00:00,70.81341304,70.27828548333333,1.201710825022021,70.97799327,-0.16458022999999855
2014-03-13 13:00:00,69.80737543,70.24212917583333,1.202305817539919,70.81341304,-1.006037610000007
2014-03-13 14:00:00,70.50417147,70.24384568333333,1.2026641776871765,69.80737543,0.6967960400000095
2014-03-13 15:00:00,71.00976364,70.2325202,1.1937135178952454,70.50417147,0.5055921699999999
2014-03-13 16:00:00,71.64484062,70.25705777583333,1.217196988440732,71.00976364,0.6350769799999938
2014-03-13 17:00:00,71.60940441,70.25302161416666,1.212333420844817,71.64484062,-0.0354362100000003
2014-03-13 18:00:00,71.17635266,70.21147069791667,1.159589211469505,71.60940441,-0.43305174999998997
2014-03-13 19:00:00,70.46962717,70.15414515958334,1.1081673821680211,71.17635266,-0.7067254900000108
2014-03-13 20:00:00,70.50548628,70.12628399333333,1.0896588198835935,70.46962717,0.03585911000000408
2014-03-13 21:00:00,70.62289581,70.09235047541667,1.0593152012003233,70.50548628,0.11740953000000331
2014-03-13 22:00:00,71.69910104,70.12129807041667,1.094237815814673,70.62289581,1.0762052299999993
2014-03-13 23:00:00,70.73907743,70.10413382166668,1.0805282884641325,71.69910104,-0.9600236100000075
2014-03-14 00:00:00,69.02175496,70.08173365125,1.097748165763291,70.73907743,-1.7173224699999992
2014-03-14 01:00:00,68.78503059,70.04585706333333,1.1263044145016738,69.02175496,-0.23672436999999036
2014-03-14 02:00:00,69.22496356,70.02454452833334,1.137200195159565,68.78503059,0.439932970000001
2014-03-14 03:00:00,67.87748709,69.98635656375,1.1942756638570249,69.22496356,-1.3474764700000037
2014-03-14 04:00:00,67.29471566,69.88509145583333,1.3143906469971918,67.87748709,-0.5827714300000082
2014-03-14 05:00:00,67.28621294,69.80403821791667,1.4127467579251518,67.29471566,-0.008502719999995634
2014-03-14 06:00:00,66.7890731,69.78631706416667,1.4488493241185065,67.28621294,-0.49713984000000266
2014-03-14 07:00:00,67.50432318,69.73402429708334,1.5089297310202017,66.7890731,0.7152500800000041
2014-03-14 08:00:00,67.79009858,69.67233902333334,1.5581580260374994,67.50432318,0.2857754000000057
2014-03-14 09:00:00,69.87567,69.6709095225,1.5579462531111277,67.79009858,2.0855714199999937
2014-03-14 10:00:00,70.21520038,69.71850134625,1.5563322722869888,69.87567,0.33953037999999935
2014-03-14 11:00:00,71.18656942,69.72719201916667,1.5642334496709838,70.21520038,0.971369039999999
2014-03-14 12:00:00,71.67624154,69.76314320666667,1.5997948615230522,71.18656942,0.4896721200000087
2014-03-14 13:00:00,71.22363341,69.82215395583334,1.6273799090939143,71.67624154,-0.45260813000000155
2014-03-14 14:00:00,70.43924193,69.81944855833333,1.6262503884173403,71.22363341,-0.7843914800000107
2014-03-14 15:00:00,70.36288978,69.79249548083334,1.6109532773365989,70.43924193,-0.07635214999999107
2014-03-14 16:00:00,70.79729744,69.75718118166667,1.5775246802954623,70.36288978,0.43440765999999087
2014-03-14 17:00:00,70.23646361,69.699975315,1.5316639882938643,70.79729744,-0.5608338299999929
2014-03-14 18:00:00,71.73164608,69.72311254083334,1.5588878876371084,70.23646361,1.4951824700000031
2014-03-14 19:00:00,70.94221602,69.74280374291666,1.5716599729323575,71.73164608,-0.7894300600000008
2014-03-14 20:00:00,70.53918108,69.74420769291667,1.5723857741984981,70.94221602,-0.40303493999999773
2014-03-14 21:00:00,70.54767727,69.74107358708333,1.5706321953148783,70.53918108,0.008496189999988246
2014-03-14 22:00:00,70.90770815,69.70809888333334,1.5356550095047203,70.54767727,0.3600308800000107
2014-03-14 23:00:00,69.78682182,69.66842156624999,1.5200819868946565,70.90770815,-1.1208863300000047
2014-03-15 00:00:00,70.91189536,69.74717741625,1.534021745219742,69.78682182,1.1250735400000025
2014-03-15 01:00:00,70.07406754,69.80088728916667,1.5213840819055082,70.91189536,-0.8378278200000011
2014-03-15 02:00:00,69.59586543,69.81634153374999,1.5171574232646194,70.07406754,-0.478202109999998
2014-03-15 03:00:00,69.60260984,69.88822164833333,1.4611364776026543,69.59586543,0.006744409999996037
2014-03-15 04:00:00,68.27877452,69.92922410083334,1.397619925053976,69.60260984,-1.3238353200000006
2014-03-15 05:00:00,69.45619825,70.01964015541667,1.2848430357849396,68.27877452,1.177423730000001
2014-03-15 06:00:00,68.44995951,70.08884375583334,1.1398186721067793,69.45619825,-1.0062387400000006
2014-03-15 07:00:00,69.73862286,70.18193957583333,1.0025228183384733,68.44995951,1.2886633500000073
2014-03-15 08:00:00,68.94209701,70.22993951041666,0.9059514916248694,69.73862286,-0.796525850000009
2014-03-15 09:00:00,68.18149599,70.15934892666667,0.9962588204194792,68.94209701,-0.7606010199999957
2014-03-15 10:00:00,68.76664235,70.09899234208333,1.0358216622072949,68.18149599,0.585146359999996
2014-03-15 11:00:00,67.45815017,69.94364154,1.1399717849693256,68.76664235,-1.3084921800000018
2014-03-15 12:00:00,67.66257636,69.77640549083334,1.1687869317136335,67.45815017,0.2044261900000066
2014-03-15 13:00:00,67.77115437,69.6325521975,1.1950870340807347,67.66257636,0.10857801000000222
2014-03-15 14:00:00,67.69510921,69.51821333416666,1.244789757468938,67.77115437,-0.07604516000000672
2014-03-15 15:00:00,68.11376092,69.42449963166666,1.2629635527725172,67.69510921,0.418651710000006
2014-03-15 16:00:00,68.40917826,69.32499466583333,1.2440369676339151,68.11376092,0.2954173400000002
2014-03-15 17:00:00,68.68576669,69.26038229416666,1.2348752098629576,68.40917826,0.27658842999998967
2014-03-15 18:00:00,68.70780771,69.13438902875,1.1207586082270966,68.68576669,0.022041020000003186
2014-03-15 19:00:00,68.52816028,69.03380337291667,1.058028359481399,68.70780771,-0.17964743000000283
2014-03-15 20:00:00,67.29328776,68.89855781791667,1.0646696187289966,68.52816028,-1.2348725199999961
2014-03-15 21:00:00,67.71998071,68.78073712791667,1.0301388678923376,67.29328776,0.4266929500000032
2014-03-15 22:00:00,66.43501296,68.59437482833333,1.0331916440457256,67.71998071,-1.284967750000007
2014-03-15 23:00:00,67.6421382,68.50501301083334,1.018210841936525,66.43501296,1.2071252400000105
2014-03-16 00:00:00,67.50558169,68.36308327458333,0.8984926858528502,67.6421382,-0.13655651000000546
2014-03-16 01:00:00,66.63507662,68.21979198625,0.8879241020369979,67.50558169,-0.870505069999993
2014-03-16 02:00:00,66.03094617,68.07125368375,0.9441203101711563,66.63507662,-0.6041304499999995
2014-03-16 03:00:00,66.85659507,67.95683640166668,0.9164559574776007,66.03094617,0.8256488999999902
2014-03-16 04:00:00,65.17315838,67.82743572916667,1.0746254224074394,66.85659507,-1.6834366899999935
2014-03-16 05:00:00,65.21746396,67.65082180041667,1.1415344580646842,65.17315838,0.04430557999999962
2014-03-16 06:00:00,66.28285507,67.56052578208333,1.1611155080582964,65.21746396,1.065391109999993
2014-03-16 07:00:00,65.42152866,67.38064685708333,1.143279030832647,66.28285507,-0.8613264099999896
2014-03-16 08:00:00,64.94362409,67.21404381875,1.1959677784653198,65.42152866,-0.47790457000000686
2014-03-16 09:00:00,64.89450895,67.07708602541668,1.266489415941307,64.94362409,-0.04911513999999784
2014-03-16 10:00:00,64.55896017,66.90176593458334,1.3128224020370893,64.89450895,-0.3355487799999963
2014-03-16 11:00:00,63.75135279,66.74731604374999,1.4548806357304231,64.55896017,-0.8076073800000074
2014-03-16 12:00:00,64.59758157,66.6196079275,1.5047145970511782,63.75135279,0.8462287800000041
2014-03-16 13:00:00,64.12270321,66.46758912916667,1.5663535503120565,64.59758157,-0.4748783600000053
2014-03-16 14:00:00,63.49946799,66.292770745,1.6550203145281628,64.12270321,-0.623235219999998
2014-03-16 15:00:00,64.70090581,66.15056844875001,1.6382895968840137,63.49946799,1.2014378199999953
2014-03-16 16:00:00,63.79618368,65.95836034125,1.6323760872695325,64.70090581,-0.9047221299999961
2014-03-16 17:00:00,64.00797024,65.76345215583333,1.570662062215159,63.79618368,0.21178656000000728
2014-03-16 18:00:00,64.72220608,65.59738542125,1.4520392276370082,64.00797024,0.7142358400000006
2014-03-16 19:00:00,62.87773689,65.36195111333333,1.4137577965541614,64.72220608,-1.8444691900000052
2014-03-16 20:00:00,63.82235957,65.21732910541667,1.384835004167845,62.87773689,0.9446226800000019
2014-03-16 21:00:00,63.75804636,65.0522485075,1.3075178330717634,63.82235957,-0.06431321000000167
2014-03-16 22:00:00,63.15739889,64.91568125458333,1.327823801819349,63.75804636,-0.6006474699999984
2014-03-16 23:00:00,63.44294756,64.74071497791668,1.225673362904006,63.15739889,0.2855486699999972
2014-03-17 00:00:00,62.12890913,64.51668695458334,1.1891693475432497,63.44294756,-1.3140384300000036
2014-03-17 01:00:00,61.82512301,64.31627222083334,1.2215065906898688,62.12890913,-0.30378611999999805
2014-03-17 02:00:00,61.83080286,64.14126624958334,1.265258232924299,61.82512301,0.005679849999999931
2014-03-17 03:00:00,63.16291422,63.98736288083333,1.138952517857888,61.83080286,1.332111359999999
2014-03-17 04:00:00,61.25053172,63.823920103333336,1.2384931958731744,63.16291422,-1.9123824999999997
2014-03-17 05:00:00,61.01365104,63.64876123166667,1.3269483904852362,61.25053172,-0.23688067999999873
2014-03-17 06:00:00,61.21543911,63.43761890000001,1.292299549515339,61.01365104,0.2017880699999992
2014-03-17 07:00:00,62.37751935,63.310785178749995,1.2373306995717153,61.21543911,1.1620802400000017
2014-03-17 08:00:00,62.92591945,63.22671415208333,1.1891728071452925,62.37751935,0.548400100000002
2014-03-17 09:00:00,64.87107009,63.22573753291667,1.1877523397358138,62.92591945,1.9451506400000014
2014-03-17 10:00:00,64.86490926,63.23848541166666,1.2042114580583416,64.87107009,-0.006160829999998896
2014-03-17 11:00:00,66.04123541,63.33389718750001,1.3306875186013745,64.86490926,1.1763261499999942
2014-03-17 12:00:00,67.6714638,63.46197561374999,1.5818352187105635,66.04123541,1.6302283899999992
2014-03-17 13:00:00,68.92351552,63.66200946,1.9334829284969162,67.6714638,1.2520517199999972
2014-03-17 14:00:00,67.95417072,63.847622073749996,2.1218487932782057,68.92351552,-0.9693448000000018
2014-03-17 15:00:00,69.769521,64.05881437333333,2.439011865096103,67.95417072,1.815350280000004
2014-03-17 16:00:00,70.24593681,64.32755408708333,2.7449567871085474,69.769521,0.476415810000006
2014-03-17 17:00:00,69.82130302,64.56977628624999,2.963334958860418,70.24593681,-0.42463379000000145
2014-03-17 18:00:00,70.83974955,64.82467393083333,3.2282794331688462,69.82130302,1.0184465299999914
2014-03-17 19:00:00,70.51174374,65.14275754958332,3.3996487856787785,70.83974955,-0.3280058099999934
2014-03-17 20:00:00,71.02364643,65.44281116875,3.5904807957780513,70.51174374,0.5119026899999994
2014-03-17 21:00:00,68.7052537,65.64894480791666,3.6313311542246476,71.02364643,-2.3183927299999993
2014-03-17 22:00:00,68.11165389,65.85537209958333,3.624346768176452,68.7052537,-0.5935998100000006
2014-03-17 23:00:00,68.1166531,66.05010983041666,3.614637580004862,68.11165389,0.0049992099999940365
2014-03-18 00:00:00,67.21496653,66.26202888875001,3.522672866760236,68.1166531,-0.9016865699999954
2014-03-18 01:00:00,67.06224246,66.48024219916665,3.3958001792066717,67.21496653,-0.15272407000000499
2014-03-18 02:00:00,67.30972126,66.70853046583333,3.2507091552214527,67.06224246,0.24747880000001032
2014-03-18 05:00:00,66.69399198,66.85565870583333,3.161953343859084,67.30972126,-0.6157292799999965
2014-03-18 06:00:00,65.70506463,67.04126424375,2.9416976616156143,66.69399198,-0.9889273500000115
2014-03-18 07:00:00,64.62101714,67.19157116458332,2.7027821500345404,65.70506463,-1.084047489999989
2014-03-18 08:00:00,65.77618074,67.38160206583332,2.4086638451947624,64.62101714,1.1551635999999945
2014-03-18 09:00:00,67.40523118,67.59109005875,2.1603611230766484,65.77618074,1.6290504400000003
2014-03-18 10:00:00,68.71941661,67.83248577375001,1.9275515308800095,67.40523118,1.3141854299999949
2014-03-18 11:00:00,69.61966828,68.03034403166667,1.8526121615968614,68.71941661,0.900251670000003
2014-03-18 12:00:00,70.27366665,68.25570892291667,1.7782933555748934,69.61966828,0.6539983699999965
2014-03-18 13:00:00,70.56337429,68.44413137625,1.7730210149816277,70.27366665,0.28970764000000315
2014-03-18 14:00:00,70.67077922,68.56910285208333,1.821239395387867,70.56337429,0.10740493000000129
2014-03-18 15:00:00,72.26734255,68.70842897833333,1.9712552122213232,70.67077922,1.596563329999995
2014-03-18 16:00:00,70.62328355,68.81964201291667,2.0019056784259734,72.26734255,-1.6440589999999986
2014-03-18 17:00:00,71.06334712,68.87355143458332,2.0455423331235236,70.62328355,0.4400635700000066
2014-03-18 18:00:00,71.65028164,68.9320658025,2.1057087385482287,71.06334712,0.5869345199999998
2014-03-18 19:00:00,71.77769312,69.01358205666666,2.178248080605733,71.65028164,0.12741147999999214
2014-03-18 20:00:00,70.059985,68.98109186708334,2.15552197676499,71.77769312,-1.7177081199999975
2014-03-18 21:00:00,70.75799228,68.99135222291666,2.1636952906403684,70.059985,0.6980072799999988
2014-03-18 22:00:00,69.98433493,68.94804757708333,2.1314117187707664,70.75799228,-0.7736573499999935
2014-03-18 23:00:00,68.84969949,68.95406615166667,2.1309001992904584,69.98433493,-1.1346354399999967
2014-03-19 00:00:00,69.74606796,69.02216673791666,2.1289232229727024,68.84969949,0.8963684699999988
2014-03-19 01:00:00,69.53952356,69.08145300708334,2.12241218905785,69.74606796,-0.20654439999999852
2014-03-19 02:00:00,67.523201,69.09429611,2.1115313767751247,69.53952356,-2.016322560000006
2014-03-19 03:00:00,67.37990329,69.10753197791668,2.0991994908560403,67.523201,-0.1432977099999988
2014-03-19 04:00:00,67.41747840000001,69.11202185875,2.0952986656206796,67.37990329,0.03757511000000591
2014-03-19 05:00:00,65.93843117,69.08054015833333,2.1384409445202643,67.41747840000001,-1.4790472300000062
2014-03-19 06:00:00,66.82475179,69.12719378999999,2.0728041407045463,65.93843117,0.8863206199999922
2014-03-19 07:00:00,67.27135893,69.23762469791667,1.8843255800560663,66.82475179,0.4466071400000118
2014-03-19 08:00:00,67.13357776,69.29418290708334,1.7941251205291293,67.27135893,-0.1377811700000109
2014-03-19 09:00:00,68.52772342,69.34095341708333,1.7569882307661608,67.13357776,1.3941456600000066
2014-03-19 10:00:00,68.55982584,69.33430380166666,1.759742654876911,68.52772342,0.032102420000001075
2014-03-19 11:00:00,68.81377025,69.30072471708333,1.7617484871674336,68.55982584,0.25394441000000256
2014-03-19 12:00:00,70.36173769,69.30439434374999,1.7639535285813788,68.81377025,1.5479674399999936
2014-03-19 13:00:00,71.70237934,69.3518528875,1.8139134151842344,70.36173769,1.340641649999995
2014-03-19 14:00:00,72.13491131,69.41285839125,1.8834867133549136,71.70237934,0.43253197000001364
2014-03-19 15:00:00,72.18835193,69.40956711541666,1.8783438030559856,72.13491131,0.05344061999998928
2014-03-19 16:00:00,71.92595429,69.46384506291666,1.9329682706387146,72.18835193,-0.262397639999989
2014-03-19 17:00:00,71.92725603,69.4998412675,1.9717054528247793,71.92595429,0.0013017399999881718
2014-03-19 18:00:00,71.54807344,69.49558259250001,1.9669634619775258,71.92725603,-0.3791825899999992
2014-03-19 19:00:00,70.49187639,69.44200689541667,1.919028573783399,71.54807344,-1.0561970499999944
2014-03-19 20:00:00,71.48653484,69.50144647208333,1.9606435212515434,70.49187639,0.9946584500000029
2014-03-19 21:00:00,70.20635388,69.47846153875001,1.948468039425982,71.48653484,-1.2801809600000098
2014-03-19 22:00:00,69.49279694,69.45798078916667,1.9455005800961676,70.20635388,-0.7135569399999895
2014-03-19 23:00:00,68.9205068,69.46093109375,1.9445915063551518,69.49279694,-0.5722901400000069
2014-03-20 00:00:00,68.33056564,69.40195183041666,1.9569937976617715,68.9205068,-0.5899411599999951
2014-03-20 01:00:00,68.82533073,69.37219379583333,1.9602382462978387,68.33056564,0.49476509000000135
2014-03-20 02:00:00,68.84005375,69.42706266041667,1.9243341710818385,68.82533073,0.014723019999991038
2014-03-20 03:00:00,68.31437625,69.46599903375,1.8902639638288135,68.84005375,-0.5256775000000005
2014-03-20 04:00:00,66.64807821,69.4339406925,1.932567855898745,68.31437625,-1.666298040000001
2014-03-20 05:00:00,66.34454369,69.4508620475,1.9021697102207304,66.64807821,-0.3035345199999995
2014-03-20 06:00:00,66.17310237,69.42370998833333,1.945443961227469,66.34454369,-0.17144131999999956
2014-03-20 07:00:00,66.74208658,69.40165697375001,1.973697894587906,66.17310237,0.5689842100000106
2014-03-20 08:00:00,68.01627433,69.43843599750001,1.937487781178464,66.74208658,1.2741877499999958
2014-03-20 09:00:00,68.92086970000001,69.4548170925,1.9311045730571839,68.01627433,0.9045953700000098
2014-03-20 10:00:00,70.1290524,69.5202015325,1.926043172637548,68.92086970000001,1.2081826999999947
2014-03-20 11:00:00,70.85226597,69.60513885416667,1.938443785370325,70.1290524,0.7232135699999986
2014-03-20 12:00:00,70.66374179,69.61772235833334,1.9445394806936926,70.85226597,-0.1885241800000017
2014-03-20 13:00:00,70.4602105,69.56596532333333,1.902722052138528,70.66374179,-0.2035312900000008
2014-03-20 14:00:00,70.72339624,69.50715219541667,1.8406665263129105,70.4602105,0.2631857399999973
2014-03-20 15:00:00,71.44960721,69.47637116541667,1.7995988097424003,70.72339624,0.7262109699999968
2014-03-20 16:00:00,72.70811888,69.50896135666666,1.852202332612378,71.44960721,1.2585116700000043
2014-03-20 17:00:00,72.77820708,69.54441765041666,1.9078177490612829,72.70811888,0.07008820000000071
2014-03-20 18:00:00,71.29761709,69.53398196916666,1.8970358461094166,72.77820708,-1.4805899899999986
2014-03-20 19:00:00,71.33906347,69.56928143083334,1.9233348222845803,71.29761709,0.04144637999999645
2014-03-20 20:00:00,72.43172383,69.60866430541667,1.973327347645645,71.33906347,1.0926603599999964
2014-03-20 21:00:00,70.68626447,69.62866058,1.9820594443925843,72.43172383,-1.7454593599999981
2014-03-20 22:00:00,70.90794649,69.68762514458332,1.9988207564684572,70.68626447,0.22168202000000292
2014-03-20 23:00:00,69.22547767,69.70033226416668,1.9946970567809492,70.90794649,-1.6824688199999969
2014-03-21 00:00:00,69.59225848,69.75290279916666,1.9735409303005211,69.22547767,0.3667808099999945
2014-03-21 01:00:00,69.23210541,69.76985174416667,1.9669642583955704,69.59225848,-0.3601530699999955
2014-03-21 02:00:00,68.15528042,69.74131952208333,1.9859133393639623,69.23210541,-1.0768249900000058
2014-03-21 03:00:00,66.91203197,69.68288851041667,2.049340845876703,68.15528042,-1.2432484499999958
2014-03-21 04:00:00,67.71558241,69.72736785208333,1.9913736749823123,66.91203197,0.8035504399999951
2014-03-21 05:00:00,66.33452731,69.72695050291667,1.992114378816273,67.71558241,-1.3810550999999975
2014-03-21 06:00:00,66.34030271,69.73391718375,1.97939752527641,66.33452731,0.005775400000004538
2014-03-21 07:00:00,66.1824594,69.71059938458333,2.0190730514666124,66.34030271,-0.15784331000000407
2014-03-21 08:00:00,66.26386,69.63758212083333,2.1125340871956784,66.1824594,0.08140059999999494
2014-03-21 09:00:00,68.22384891,69.60853958791667,2.127553482165996,66.26386,1.959988910000007
2014-03-21 10:00:00,69.16427797,69.56834065333334,2.1264052104879183,68.22384891,0.9404290599999996
2014-03-21 11:00:00,69.10930036,69.49571708625,2.1103518471695693,69.16427797,-0.05497760999999457
2014-03-21 12:00:00,70.81803261,69.50214587041667,2.11429603730122,69.10930036,1.708732249999997
2014-03-21 13:00:00,70.01676069,69.483668795,2.10748608525489,70.81803261,-0.8012719200000049
2014-03-21 14:00:00,70.90161589,69.49109461375001,2.1123526054985815,70.01676069,0.8848552000000041
2014-03-21 15:00:00,71.64555322,69.49925903083333,2.1206140589402542,70.90161589,0.7439373299999943
2014-03-21 16:00:00,71.70339358,69.45739547666666,2.0636655642816364,71.64555322,0.057840360000000146
2014-03-21 17:00:00,71.27680445,69.39483703375,1.9796683055977453,71.70339358,-0.42658912999999643
2014-03-21 18:00:00,70.63130618,69.36707407916667,1.9563583855454476,71.27680445,-0.6454982700000045
2014-03-21 19:00:00,70.97130269,69.35175071333333,1.9416258202772432,70.63130618,0.33999651000000597
2014-03-21 20:00:00,71.71353903,69.32182634666667,1.897117578182306,70.97130269,0.7422363400000052
2014-03-21 21:00:00,69.9054085,69.28929068125,1.8793122989889417,71.71353903,-1.808130530000014
2014-03-21 22:00:00,69.66400387,69.23745973875,1.8496489340486337,69.9054085,-0.24140462999999102
2014-03-21 23:00:00,69.16838511,69.23508088208332,1.8497017273248357,69.66400387,-0.49561875999999927
2014-03-22 00:00:00,69.69722981,69.2394546875,1.8507068651043959,69.16838511,0.5288446999999934
2014-03-22 01:00:00,69.15682991,69.23631820833334,1.8507836466523648,69.69722981,-0.540399899999997
2014-03-22 02:00:00,68.72517924,69.26006399250001,1.839934900847832,69.15682991,-0.43165066999999624
2014-03-22 03:00:00,68.35990386,69.32039198791666,1.782438202867399,68.72517924,-0.3652753799999999
2014-03-22 04:00:00,67.18127785,69.29812929791666,1.8065277436686349,68.35990386,-1.1786260100000021
2014-03-22 05:00:00,67.94571484,69.36526211166667,1.7194463442790486,67.18127785,0.764436989999993
2014-03-22 06:00:00,66.71803036,69.38100076375001,1.6920647722581408,67.94571484,-1.2276844799999935
2014-03-22 07:00:00,65.66712074,69.35952831958333,1.7370900935995153,66.71803036,-1.0509096199999988
2014-03-22 08:00:00,66.84586991,69.3837787325,1.695560547558326,65.66712074,1.1787491700000032
2014-03-22 09:00:00,66.29208118,69.30328841041667,1.79590059854035,66.84586991,-0.553788730000008
2014-03-22 10:00:00,66.88373267,69.20826568958333,1.8626673083337404,66.29208118,0.5916514900000038
2014-03-22 11:00:00,65.19948254,69.04535661375,2.0347287174322255,66.88373267,-1.6842501299999952
2014-03-22 12:00:00,65.58210550000001,68.82719298416667,2.115493787132892,65.19948254,0.3826229600000062
2014-03-22 13:00:00,64.70394655,68.60582572833333,2.258724417831867,65.58210550000001,-0.8781589500000138
2014-03-22 14:00:00,66.22315748,68.41088996124999,2.253853555460385,64.70394655,1.5192109299999998
2014-03-22 15:00:00,64.88013387,68.12899748833333,2.25478000397135,66.22315748,-1.343023610000003
2014-03-22 16:00:00,65.55529857,67.87282686291667,2.179004691849781,64.88013387,0.6751647000000105
2014-03-22 17:00:00,64.64947474,67.596688125,2.1485919182454207,65.55529857,-0.9058238300000028
2014-03-22 18:00:00,64.68176215,67.34879045708334,2.126349136187747,64.64947474,0.03228740999999502
2014-03-22 19:00:00,64.80958215,67.09205210124999,2.0401867867897767,64.68176215,0.12781999999999982
2014-03-22 20:00:00,65.33285671,66.82619033791666,1.8150886481396347,64.80958215,0.5232745600000044
2014-03-22 21:00:00,64.36267745,66.59524321083333,1.7579856291265097,65.33285671,-0.9701792599999948
2014-03-22 22:00:00,64.11222793,66.36391921333333,1.7009667808386897,64.36267745,-0.25044952000000364
2014-03-22 23:00:00,65.11150875,66.19488269833333,1.609258086150006,64.11222793,0.9992808199999956
2014-03-23 00:00:00,65.33899224,66.01328946625,1.4331184189039434,65.11150875,0.22748348999999735
2014-03-23 01:00:00,65.61427437,65.86568298541665,1.2682153778982372,65.33899224,0.2752821300000079
2014-03-23 02:00:00,63.77836909,65.65956589583332,1.1823531067167552,65.61427437,-1.8359052800000057
2014-03-23 03:00:00,63.70443845,65.46558817041667,1.0990251728707507,63.77836909,-0.07393064000000038
2014-03-23 04:00:00,63.46343576,65.31067808333333,1.1086573854238884,63.70443845,-0.24100268999999486
2014-03-23 05:00:00,63.6445251,65.13146184416667,1.0071827165868805,63.46343576,0.18108933999999977
2014-03-23 06:00:00,65.44047774,65.078230485,0.9519288626982564,63.6445251,1.795952640000003
2014-03-23 07:00:00,63.66470663,64.99479656375,0.9852403274842328,65.44047774,-1.775771110000008
2014-03-23 08:00:00,64.32136806,64.88960898666666,0.910984960269306,63.66470663,0.6566614299999998
2014-03-23 09:00:00,64.17341,64.80133102083333,0.8709448518365859,64.32136806,-0.14795805999999345
2014-03-23 10:00:00,64.86387244,64.71717017791667,0.7501899807139224,64.17341,0.6904624399999904
2014-03-23 11:00:00,62.98320455,64.62482526166667,0.8212769681513318,64.86387244,-1.880667889999991
2014-03-23 12:00:00,63.83170364,64.55189185083333,0.8102173196831747,62.98320455,0.8484990899999971
2014-03-23 13:00:00,62.81085999,64.47301324416667,0.8835980223268856,63.83170364,-1.0208436500000033
2014-03-23 14:00:00,62.84699795,64.33233993041667,0.8613218112470048,62.81085999,0.03613796000000491
2014-03-23 15:00:00,63.1663355,64.260931665,0.8846576296933154,62.84699795,0.3193375500000002
2014-03-23 16:00:00,63.23431085,64.16422384333335,0.8636209602177066,63.1663355,0.06797534999999755
2014-03-23 17:00:00,63.01982143,64.09632162208332,0.8875437066675369,63.23431085,-0.2144894199999996
2014-03-23 18:00:00,63.70769083,64.05573531708333,0.8818616041420613,63.01982143,0.6878693999999967
2014-03-23 19:00:00,62.51382762,63.96007887833334,0.920213303250472,63.70769083,-1.1938632099999964
2014-03-23 20:00:00,63.21955192,63.872024512083335,0.8835207122629306,62.51382762,0.7057243
2014-03-23 21:00:00,62.20602098,63.78216382583333,0.9393576056556295,63.21955192,-1.0135309400000025
2014-03-23 22:00:00,62.15285065,63.700523105833334,0.9930363297387412,62.20602098,-0.053170330000000376
2014-03-23 23:00:00,63.05547087,63.61485486083333,0.9539360392886798,62.15285065,0.9026202200000029
2014-03-24 00:00:00,62.10293066,63.48001896166667,0.9279896236339262,63.05547087,-0.9525402100000022
2014-03-24 01:00:00,62.5408448,63.35195939625,0.827258672521523,62.10293066,0.4379141400000037
2014-03-24 02:00:00,62.5503174,63.30079057583333,0.8376513663567916,62.5408448,0.009472599999995168
2014-03-24 03:00:00,63.20486663,63.27997508333333,0.8333809252065859,62.5503174,0.6545492300000006
2014-03-24 04:00:00,62.9317748,63.25782254333333,0.8353560710781887,63.20486663,-0.2730918299999985
2014-03-24 19:00:00,71.94336325,63.60360746625,1.9612476064335336,62.9317748,9.011588450000005
2014-03-24 20:00:00,70.71564295,63.82340601666667,2.4183789274889564,71.94336325,-1.2277203000000014
2014-03-24 21:00:00,69.28811871,64.05771485333334,2.6624366645417634,70.71564295,-1.4275242399999968
2014-03-24 22:00:00,68.43786337,64.22923549125001,2.8087380033616034,69.28811871,-0.8502553400000039
2014-03-24 23:00:00,68.24934959,64.39906630750001,2.925994380801474,68.43786337,-0.18851378000000807
2014-03-25 00:00:00,68.47135744,64.5493781825,3.04129873696526,68.24934959,0.22200785000001133
2014-03-25 01:00:00,67.01776467,64.71748485416667,3.062396402527128,68.47135744,-1.4535927700000002
2014-03-25 02:00:00,68.08328348,64.89463401416667,3.131127578086384,67.01776467,1.0655188100000004
2014-03-25 03:00:00,67.68747842,65.09782644875,3.148208957044177,68.08328348,-0.3958050600000007
2014-03-25 04:00:00,67.39799093,65.28745115625,3.14379719622804,67.68747842,-0.28948748999999907
2014-03-25 05:00:00,66.2691171,65.41673372291667,3.1164570148343707,67.39799093,-1.1288738300000034
2014-03-25 06:00:00,65.34304105,65.50459748125,3.0817850525676005,66.2691171,-0.926076050000006
2014-03-25 07:00:00,64.77433465,65.57770219875,3.0408171679151472,65.34304105,-0.5687063999999964
2014-03-25 08:00:00,66.44792487,65.69187861708333,3.0189154616822544,64.77433465,1.6735902199999941
2014-03-25 09:00:00,67.26279954,65.88975244708332,2.9565450616325153,66.44792487,0.8148746700000089
2014-03-25 10:00:00,67.60152815,66.07233479,2.919550172687036,67.26279954,0.33872860999998977
2014-03-25 11:00:00,69.90530838,66.39313843166667,2.8991762584009275,67.60152815,2.303780230000001
2014-03-25 12:00:00,70.73996852,66.75093500958333,2.882952731781466,69.90530838,0.8346601400000111
2014-03-25 13:00:00,70.49826866,67.06105158416666,2.868422515716822,70.73996852,-0.2416998600000113
2014-03-25 14:00:00,70.2611678,67.40097813166666,2.7356350273902317,70.49826866,-0.2371008599999982
2014-03-25 15:00:00,71.53832084,67.77587296666667,2.6559914095930592,70.2611678,1.2771530400000017
2014-03-25 16:00:00,71.27033912,68.139207205,2.5020448917421,71.53832084,-0.26798171999999454
2014-03-25 17:00:00,70.90025791,68.45984850833334,2.3293354391192813,71.27033912,-0.37008121000000926
2014-03-25 18:00:00,71.52148116,68.81775294,2.090695579264452,70.90025791,0.6212232499999999
2014-03-25 19:00:00,70.28414588,68.74861888291667,2.0086697321395994,71.52148116,-1.2373352799999964
2014-03-25 20:00:00,71.60015916,68.785473725,2.0539341221900433,70.28414588,1.316013280000007
2014-03-25 21:00:00,70.28728127,68.82710549833334,2.0745876563881387,71.60015916,-1.31287789000001
2014-03-25 22:00:00,68.83984168,68.84385459458333,2.072930510332241,70.28728127,-1.4474395899999877
2014-03-25 23:00:00,68.49777461,68.85420563708333,2.070451582885066,68.83984168,-0.342067070000013
2014-03-26 00:00:00,69.31375581,68.88930556916667,2.0708195175328417,68.49777461,0.8159812000000102
2014-03-26 01:00:00,67.72785184,68.91889253458334,2.047862618626772,69.31375581,-1.585903970000004
2014-03-26 02:00:00,68.09933961,68.91956154,2.0475803723901325,67.72785184,0.37148777000000166
2014-03-26 03:00:00,67.25783658,68.90165979666666,2.060657065559122,68.09933961,-0.8415030299999984
2014-03-26 04:00:00,66.86402700000001,68.87941129958332,2.0803858434018814,67.25783658,-0.39380957999999566
2014-03-26 05:00:00,66.59775853,68.8931046925,2.063470317283796,66.86402700000001,-0.2662684700000142
2014-03-26 06:00:00,65.53304117,68.90102136416667,2.0495757259579346,66.59775853,-1.0647173599999888
2014-03-26 07:00:00,66.86270078,68.98803661958334,1.9060656377308667,65.53304117,1.329659609999993
2014-03-26 08:00:00,67.50801513,69.03220704708333,1.856275539681638,66.86270078,0.6453143500000067
2014-03-26 09:00:00,67.77407736,69.05351028958334,1.8379294792981395,67.50801513,0.26606223000000284
2014-03-26 10:00:00,68.52400365,69.09194676874999,1.8157561386667707,67.77407736,0.7499262899999906
2014-03-26 11:00:00,69.56611683,69.0778137875,1.8104624020921491,68.52400365,1.0421131800000012
2014-03-26 12:00:00,71.28961034,69.10071552999999,1.8357027133972643,69.56611683,1.7234935099999973
2014-03-26 13:00:00,70.14062086,69.08581353833334,1.825286410820026,71.28961034,-1.1489894799999973
2014-03-26 14:00:00,71.034825,69.118049255,1.8535590878332517,70.14062086,0.8942041399999994
2014-03-26 15:00:00,71.44418165,69.11412678875,1.8483068378120837,71.034825,0.40935665000000654
2014-03-26 16:00:00,70.78327368,69.09383239541667,1.826143392432625,71.44418165,-0.6609079700000109
2014-03-26 17:00:00,70.66347191,69.08396631208332,1.8165740782329087,70.78327368,-0.11980176999999514
2014-03-26 18:00:00,69.90711596,69.01670109541666,1.7511009935785395,70.66347191,-0.7563559499999997
2014-03-26 19:00:00,70.24754496,69.01517605708334,1.749964749739127,69.90711596,0.3404290000000003
2014-03-26 20:00:00,71.0175816,68.99090199208332,1.7162650445581218,70.24754496,0.7700366400000007
2014-03-26 21:00:00,71.11791992,69.02551193583334,1.7515566846500614,71.0175816,0.10033832000000587
2014-03-26 22:00:00,69.28691532,69.04414000416666,1.751873519066031,71.11791992,-1.8310046
2014-03-26 23:00:00,69.27422586,69.07649213958334,1.7485112116565427,69.28691532,-0.01268946000000426
2014-03-27 00:00:00,70.19449054,69.11318942000001,1.7628905280855305,69.27422586,0.9202646800000025
2014-03-27 01:00:00,68.77820054,69.15695394916666,1.7398912840245149,70.19449054,-1.4162900000000036
2014-03-27 02:00:00,68.18678053,69.16059732083333,1.7376704600555108,68.77820054,-0.5914200100000073
2014-03-27 03:00:00,68.85984403,69.22734763125,1.6915581709175738,68.18678053,0.673063500000012
2014-03-27 04:00:00,67.73755512,69.26374463625,1.6473152276393699,68.85984403,-1.1222889100000089
2014-03-27 05:00:00,67.49811369,69.30125943458333,1.593329650643739,67.73755512,-0.2394414299999994
2014-03-27 06:00:00,66.73351538,69.35127919333333,1.485054220196101,67.49811369,-0.7645983099999967
2014-03-27 07:00:00,65.96544261,69.31389343625,1.5598383559363616,66.73351538,-0.7680727700000034
2014-03-27 08:00:00,66.93124294,69.28986126166667,1.5929623329055593,65.96544261,0.9658003300000075
2014-03-27 09:00:00,69.07779412,69.34418279333333,1.560932254999471,66.93124294,2.146551179999989
2014-03-27 10:00:00,69.22374151,69.3733385375,1.5514527484515472,69.07779412,0.14594739000000345
2014-03-27 11:00:00,69.4535237,69.36864715708333,1.5510146395548758,69.22374151,0.22978219000000877
2014-03-27 12:00:00,72.22574727,69.4076528625,1.6119967944514257,69.4535237,2.772223569999994
2014-03-27 13:00:00,72.32609476,69.498714275,1.7137211353711548,72.22574727,0.10034749000000431
2014-03-27 14:00:00,72.0268521,69.5400487375,1.7636198296535048,72.32609476,-0.29924266000000443
2014-03-27 15:00:00,71.58630641,69.54597060249999,1.7705166213841068,72.0268521,-0.44054568999999333
2014-03-27 16:00:00,70.57044597,69.53710278125,1.7645730239386246,71.58630641,-1.0158604400000115
2014-03-27 17:00:00,71.2768215,69.56265901416667,1.785908025138706,70.57044597,0.7063755300000025
2014-03-27 18:00:00,71.55483881,69.63131413291667,1.8308320400170994,71.2768215,0.27801731000000984
2014-03-27 19:00:00,72.03927682,69.70596962708333,1.892543013054823,71.55483881,0.484438009999991
2014-03-27 20:00:00,71.48654663,69.72550983666667,1.9090232320868097,72.03927682,-0.5527301899999912
2014-03-27 21:00:00,70.86464227,69.71495660125,1.9016771439593725,71.48654663,-0.621904360000002
2014-03-27 22:00:00,69.35637651,69.71785081750001,1.9010501260962598,70.86464227,-1.5082657600000005
2014-03-27 23:00:00,69.61239792,69.73194131999999,1.898871044237713,69.35637651,0.25602141000000245
2014-03-28 00:00:00,68.43977756,69.65882827916666,1.9140078776449223,69.61239792,-1.1726203600000105
2014-03-28 01:00:00,68.1853957,69.6341280775,1.9296277804175324,68.43977756,-0.2543818599999952
2014-03-28 02:00:00,67.29170594,69.59683330291666,1.9671033932507105,68.1853957,-0.8936897600000009
2014-03-28 03:00:00,68.42970414,69.5789108075,1.9760493149575136,67.29170594,1.1379981999999984
2014-03-28 04:00:00,67.05828335,69.55060781708333,2.008173268740505,68.42970414,-1.371420790000002
2014-03-28 05:00:00,66.50295007,69.50914266625,2.061950302711188,67.05828335,-0.5553332799999993
2014-03-28 06:00:00,67.00732027,69.52055120333334,2.046625886317465,66.50295007,0.5043701999999968
2014-03-28 07:00:00,65.42638245,69.49809036333333,2.0898397676554152,67.00732027,-1.5809378199999884
2014-03-28 08:00:00,67.67939638,69.52926342333333,2.0551792022909106,65.42638245,2.2530139299999945
2014-03-28 09:00:00,67.02204681,69.44360728541668,2.116731883890231,67.67939638,-0.6573495699999938
2014-03-28 10:00:00,68.54764706,69.41543668333334,2.1242706855785136,67.02204681,1.5256002499999965
2014-03-28 11:00:00,69.4655308,69.41593697916666,2.1242814595054997,68.54764706,0.9178837399999935
2014-03-28 12:00:00,70.43402561,69.34128191,2.0514772940798074,69.4655308,0.9684948100000099
2014-03-28 13:00:00,71.9389561,69.32515113250001,2.0283792804918184,70.43402561,1.5049304899999925
2014-03-28 14:00:00,70.81297494,69.2745729175,1.9724455516984556,71.9389561,-1.125981159999995
2014-03-28 15:00:00,70.81249572,69.24233080541667,1.9390562357772156,70.81297494,-0.00047922000000255593
2014-03-28 16:00:00,70.15898776,69.22518671333334,1.9285939344416545,70.81249572,-0.6535079599999989
2014-03-28 17:00:00,71.64451052,69.24050708916667,1.9469731717057608,70.15898776,1.485522759999995
2014-03-28 18:00:00,70.19782359,69.18396478833334,1.8958742279277174,71.64451052,-1.4466869299999985
2014-03-28 19:00:00,70.58227035,69.12325618541666,1.8223706233692658,70.19782359,0.384446760000003
2014-03-28 20:00:00,71.2087204,69.11168009250001,1.807527749113339,70.58227035,0.6264500500000025
2014-03-28 21:00:00,70.20658031,69.08426084416666,1.7846262243415492,71.2087204,-1.0021400899999975
2014-03-28 22:00:00,71.01175909999998,69.15323511875,1.8270850063673107,70.20658031,0.805178789999971
2014-03-28 23:00:00,68.85446017,69.12165437916667,1.8253529858581168,71.01175909999998,-2.157298929999982
2014-03-29 00:00:00,69.98331416,69.18596840416667,1.827474398303703,68.85446017,1.1288539900000103
2014-03-29 01:00:00,68.46446529,69.19759630375,1.8217098701463186,69.98331416,-1.5188488699999994
2014-03-29 02:00:00,68.73818002,69.25786605708333,1.7793487350331345,68.46446529,0.2737147299999947
2014-03-29 03:00:00,69.062706,69.28424113458334,1.7712121125245122,68.73818002,0.3245259800000042
2014-03-29 04:00:00,68.38697286,69.3396031975,1.718594816542943,69.062706,-0.6757331400000055
2014-03-29 05:00:00,67.58387429,69.38464170666667,1.6539723870624463,68.38697286,-0.8030985700000031
2014-03-29 06:00:00,67.83077241,69.4189522125,1.6104815190445443,67.58387429,0.24689811999999733
2014-03-29 07:00:00,68.81423687,69.56011281333333,1.3768395189992952,67.83077241,0.9834644600000075
2014-03-29 08:00:00,66.69042351,69.51890561041667,1.4485085582151802,68.81423687,-2.1238133599999998
2014-03-29 09:00:00,66.36840797,69.49167065875,1.5026296035393867,66.69042351,-0.3220155399999953
2014-03-29 10:00:00,66.61346754,69.41107984541667,1.6039163648109314,66.36840797,0.24505956999999512
2014-03-29 11:00:00,67.33922911,69.32248394166668,1.658572148692305,66.61346754,0.7257615700000031
2014-03-29 12:00:00,66.9322944,69.17657847458334,1.7097721129928116,67.33922911,-0.4069347100000016
2014-03-29 13:00:00,66.76955124,68.96118660541667,1.671838064107944,66.9322944,-0.1627431600000051
2014-03-29 14:00:00,66.00830414,68.76099198874999,1.7272056268315856,66.76955124,-0.7612470999999914
2014-03-29 15:00:00,66.7799832,68.59297063375,1.7150571472713763,66.00830414,0.7716790599999968
2014-03-29 16:00:00,66.58172048,68.44391783041667,1.728434819088255,66.7799832,-0.19826272000000245
2014-03-29 17:00:00,67.11698683,68.25527101,1.6067121250636498,66.58172048,0.5352663500000006
2014-03-29 18:00:00,66.15598172,68.08686093208333,1.6060736177262773,67.11698683,-0.9610051100000021
2014-03-29 19:00:00,66.69489329,67.92488688791667,1.5380495592988106,66.15598172,0.5389115699999962
2014-03-29 20:00:00,64.82380273,67.65884865166667,1.497000573053647,66.69489329,-1.871090559999999
2014-03-29 21:00:00,65.2430426,67.45203458041668,1.4723819698234855,64.82380273,0.4192398699999984
2014-03-29 22:00:00,65.21164883,67.21036331916666,1.3320117016624433,65.2430426,-0.03139376999999399
2014-03-29 23:00:00,64.54188892,67.03067285041666,1.3901930144699384,65.21164883,-0.6697599099999962
2014-03-30 00:00:00,64.8747141,66.81781451458333,1.3070594531783783,64.54188892,0.3328251800000004
2014-03-30 01:00:00,65.4966696,66.69415636083333,1.2846971305855854,64.8747141,0.6219554999999986
2014-03-30 02:00:00,65.38109608,66.55427786333334,1.234235993624818,65.4966696,-0.1155735199999981
2014-03-30 03:00:00,65.02897391,66.38620569291668,1.1495399372573427,65.38109608,-0.35212217000000123
2014-03-30 04:00:00,64.67595377,66.2315798975,1.1178636584322423,65.02897391,-0.35302013999999815
2014-03-30 05:00:00,64.44424833,66.10076214916667,1.1362863972818091,64.67595377,-0.23170544000001314
2014-03-30 06:00:00,64.25219739,65.95165485666668,1.1341926911837472,64.44424833,-0.19205093999998724
2014-03-30 07:00:00,65.40018788,65.80940281541668,0.9603243338542992,64.25219739,1.147990489999998
2014-03-30 08:00:00,63.73067948,65.6860801475,1.0297955625146251,65.40018788,-1.669508400000005
2014-03-30 09:00:00,64.20889648,65.59610050208333,1.0614428851751574,63.73067948,0.4782170000000079
2014-03-30 10:00:00,63.45681538,65.46457332875,1.1236493839111366,64.20889648,-0.7520811000000052
2014-03-30 11:00:00,64.48807692,65.34577532083334,1.066078190925781,63.45681538,1.0312615399999956
2014-03-30 12:00:00,63.79730874,65.21515091833334,1.0552399818867784,64.48807692,-0.6907681799999992
2014-03-30 13:00:00,64.36082107,65.11478716124999,1.01474332941577,63.79730874,0.5635123300000018
2014-03-30 14:00:00,63.84830762,65.02478730625,1.0277537987438354,64.36082107,-0.5125134500000001
2014-03-30 15:00:00,65.51296869,64.971995035,0.9642548574678299,63.84830762,1.664661069999994
2014-03-30 16:00:00,65.48389278,64.92625221416667,0.909029976325086,65.51296869,-0.02907590999998888
2014-03-30 17:00:00,65.75005021,64.86929652166667,0.8023657035090951,65.48389278,0.2661574299999927
2014-03-30 18:00:00,64.65810145,64.80688484375,0.7547745401218491,65.75005021,-1.091948759999994
2014-03-30 19:00:00,64.36282383,64.70971528291666,0.6429806296740626,64.65810145,-0.29527762000000735
2014-03-30 20:00:00,64.99007209,64.71664317291668,0.645155396548127,64.36282383,0.6272482600000018
2014-03-30 21:00:00,65.34666001,64.720960565,0.6491654733839722,64.99007209,0.3565879199999955
2014-03-30 22:00:00,65.39531562,64.72861334791666,0.6562455093643763,65.34666001,0.04865561000001151
2014-03-30 23:00:00,64.45329069,64.72492175500001,0.6575893843122582,65.39531562,-0.9420249300000023
2014-03-31 00:00:00,64.61712504,64.7141888775,0.6571402165113559,64.45329069,0.1638343500000019
2014-03-31 01:00:00,63.75428142,64.64158937,0.6631550018083141,64.61712504,-0.8628436200000067
2014-03-31 02:00:00,63.49502357,64.56300301541667,0.6831620278334143,63.75428142,-0.25925784999999735
2014-03-31 03:00:00,64.12967698,64.52553231,0.6811525872057704,63.49502357,0.6346534099999985
2014-03-31 04:00:00,63.69871435,64.48481400083334,0.7006982005185713,64.12967698,-0.43096262999999624
2014-03-31 05:00:00,62.31748849,64.39619900749999,0.828820134576921,63.69871435,-1.3812258600000007
2014-03-31 06:00:00,62.56249792,64.32579486291667,0.9094299725104531,62.31748849,0.2450094299999961
2014-03-31 07:00:00,62.083133,64.18758424291666,0.9877335890461402,62.56249792,-0.47936492000000186
2014-03-31 08:00:00,64.28414943,64.21064549083333,0.9830521449444874,62.083133,2.201016430000003
2014-03-31 09:00:00,63.94397227,64.19960698208332,0.9845588756679261,64.28414943,-0.3401771599999961
2014-03-31 10:00:00,65.76317725,64.29570539333334,1.0207960882952583,63.94397227,1.819204979999995
2014-03-31 11:00:00,67.38934556,64.41659158666667,1.200533330649924,65.76317725,1.626168309999997
2014-03-31 12:00:00,66.79761934,64.54160452833334,1.286386084751687,67.38934556,-0.5917262199999982
2014-03-31 13:00:00,67.51730856,64.67312484041666,1.4213762507649088,66.79761934,0.7196892200000065
2014-03-31 14:00:00,69.42271076,64.90539163791667,1.7074088486536576,67.51730856,1.9054021999999975
2014-03-31 15:00:00,69.86566479,65.08675397541667,1.9835889650102576,69.42271076,0.44295402999999567
2014-03-31 16:00:00,69.47338876,65.25298297458333,2.1761359329327084,69.86566479,-0.3922760299999908
2014-03-31 17:00:00,70.95110588,65.4696936275,2.467285600627209,69.47338876,1.477717119999994
2014-03-31 18:00:00,71.56889705,65.75764344416666,2.754948887767469,70.95110588,0.6177911700000038
2014-03-31 19:00:00,70.99062865,66.03380197833333,2.9353348461049844,71.56889705,-0.5782683999999989
2014-03-31 20:00:00,70.60246289,66.267651595,3.0690829968821185,70.99062865,-0.3881657600000068
2014-03-31 21:00:00,68.00017618,66.37821476875,3.0822299587552346,70.60246289,-2.6022867100000013
2014-03-31 22:00:00,68.25783759999999,66.49748651791667,3.0978865739507144,68.00017618,0.2576614199999909
2014-03-31 23:00:00,68.63980318,66.67192453833333,3.095643680505557,68.25783759999999,0.38196558000001346
2014-04-01 00:00:00,68.32316289,66.82634278208333,3.0810877002507753,68.63980318,-0.31664028999999516
2014-04-01 01:00:00,66.43383631,66.9379909025,3.0127170001861563,68.32316289,-1.8893265800000023
2014-04-01 02:00:00,67.18821052,67.09187369208333,2.9221711220303805,66.43383631,0.7543742099999946
2014-04-01 03:00:00,67.27079193,67.22275348166667,2.853260739079164,67.18821052,0.08258141000000307
2014-04-01 04:00:00,65.27791142,67.28855335958333,2.78587177291467,67.27079193,-1.9928805100000062
2014-04-01 05:00:00,64.67375005,67.38673092458333,2.640810594393189,65.27791142,-0.6041613699999999
2014-04-01 06:00:00,63.96850495,67.44531455083333,2.54291795278762,64.67375005,-0.705245099999992
2014-04-01 07:00:00,64.60849643,67.55053802708333,2.3568286354088763,63.96850495,0.6399914799999991
2014-04-01 08:00:00,65.56452156,67.60388686583333,2.2933117173526814,64.60849643,0.9560251300000004
2014-04-01 09:00:00,66.5334125,67.71178020875,2.1713046139831245,65.56452156,0.9688909399999943
2014-04-01 10:00:00,68.23406291,67.81473377791666,2.133137156413778,66.5334125,1.7006504100000086
2014-04-01 11:00:00,68.56959033,67.86391064333333,2.136505858168686,68.23406291,0.33552741999999114
2014-04-01 12:00:00,69.70420104,67.98501821416666,2.1557284659729166,68.56959033,1.134610710000004
2014-04-01 13:00:00,69.63981849,68.07345612791667,2.179117305533255,69.70420104,-0.06438255000000481
2014-04-01 14:00:00,70.22222824,68.10676935625,2.2065790987548026,69.63981849,0.5824097500000107
2014-04-01 15:00:00,70.31535411,68.12550641125,2.2240044959342753,70.22222824,0.09312586999999439
2014-04-01 16:00:00,71.95951248,68.22909489958333,2.344167506476851,70.31535411,1.6441583699999995
2014-04-01 17:00:00,71.24637137,68.24139762833333,2.3597970695167145,71.95951248,-0.7131411099999951
2014-04-01 18:00:00,71.58768312,68.24218038125001,2.3609516347695956,71.24637137,0.3413117499999885
2014-04-01 19:00:00,70.42108950000002,68.21844958333334,2.334842809557649,71.58768312,-1.166593619999972
2014-04-01 20:00:00,71.20646965,68.24361653166666,2.364721099543547,70.42108950000002,0.7853801499999804
2014-04-01 21:00:00,70.61530009,68.35258002791667,2.4127784980959013,71.20646965,-0.5911695599999973
2014-04-01 22:00:00,70.06998582,68.42808620375,2.4379087617571344,70.61530009,-0.5453142700000058
2014-04-01 23:00:00,69.29171113,68.455249035,2.443994380860375,70.06998582,-0.7782746900000035
2014-04-02 00:00:00,67.85447566,68.43572040041666,2.4469664036297445,69.29171113,-1.4372354699999903
2014-04-02 01:00:00,68.24887826,68.51134714833334,2.410177061015979,67.85447566,0.3944025999999923
2014-04-02 02:00:00,68.76715290000001,68.57713641416667,2.3939852010972653,68.24887826,0.5182746400000156
2014-04-02 03:00:00,68.21590455,68.61651610666667,2.379290473290549,68.76715290000001,-0.5512483500000087
2014-04-02 04:00:00,66.42226253,68.66419740291667,2.32020834854648,68.21590455,-1.7936420200000072
2014-04-02 05:00:00,67.39517591,68.77759014708334,2.1789067011379273,66.42226253,0.9729133800000085
2014-04-02 06:00:00,65.36892099,68.83594081541666,2.0600295614155293,67.39517591,-2.0262549199999995
2014-04-02 07:00:00,66.25362724,68.9044879325,1.9369394241563562,65.36892099,0.8847062499999936
2014-04-02 08:00:00,66.59754547,68.94753059541667,1.8698062409673417,66.25362724,0.3439182299999999
2014-04-02 09:00:00,67.72967658,68.99737493208333,1.817877512329835,66.59754547,1.132131110000003
2014-04-02 10:00:00,68.48225745,69.00771637125,1.8140483555554392,67.72967658,0.7525808700000027
2014-04-02 11:00:00,69.92320652,69.06411704583334,1.8208641755441728,68.48225745,1.4409490699999878
2014-04-02 12:00:00,70.58513885,69.10082278791667,1.8430719899839896,69.92320652,0.6619323300000133
2014-04-02 13:00:00,71.41308851,69.17470903875,1.9002753394914846,70.58513885,0.8279496599999874
2014-04-02 14:00:00,70.3227835,69.17889884125,1.9027945535578357,71.41308851,-1.0903050099999945
2014-04-02 15:00:00,71.11789389,69.21233799875,1.9304849420855745,70.3227835,0.7951103900000049
2014-04-02 16:00:00,69.47243025,69.1087095725,1.8412980593629558,71.11789389,-1.6454636400000027
2014-04-02 17:00:00,70.89176392,69.09393426208334,1.8247471761626806,69.47243025,1.4193336700000003
2014-04-02 18:00:00,71.46215140000002,69.08870377375,1.8174535980295063,70.89176392,0.5703874800000222
2014-04-02 19:00:00,71.40483009,69.129692965,1.8594182238925716,71.46215140000002,-0.057321310000020276
2014-04-02 20:00:00,72.2868221,69.17470765041666,1.9238419698154636,71.40483009,0.8819920099999905
2014-04-02 21:00:00,69.7696442,69.13947198833334,1.9039513597505213,72.2868221,-2.517177899999993
2014-04-02 22:00:00,69.85857394,69.13066316,1.8999439039981496,69.7696442,0.08892973999999754
2014-04-02 23:00:00,70.29044092,69.17227690125,1.9145062299364357,69.85857394,0.43186697999999524
2014-04-03 00:00:00,69.18897735,69.22788113833333,1.893836217700395,70.29044092,-1.1014635699999928
2014-04-03 01:00:00,68.25903615,69.22830438375,1.893609033200764,69.18897735,-0.9299412000000018
2014-04-03 02:00:00,69.48405619,69.25817535416667,1.8916717086116352,68.25903615,1.225020040000004
2014-04-03 03:00:00,69.03729828,69.29240009291668,1.8793852936945532,69.48405619,-0.4467579100000023
2014-04-03 04:00:00,68.99054634,69.39941191833333,1.779309077056071,69.03729828,-0.04675194000000715
2014-04-03 05:00:00,66.96693467,69.38156853333334,1.8022809282805283,68.99054634,-2.023611669999994
2014-04-03 06:00:00,67.79585605,69.48269082750001,1.6269029934728083,66.96693467,0.828921379999997
2014-04-03 07:00:00,67.30111228,69.5263360375,1.5486799800809397,67.79585605,-0.49474376999999947
2014-04-03 08:00:00,68.06321777,69.58740571666667,1.4541816075130587,67.30111228,0.7621054899999962
2014-04-03 09:00:00,68.92309559,69.63713150875,1.407551405951153,68.06321777,0.8598778200000083
2014-04-10 15:00:00,69.95467957,69.69848243041668,1.3869640024571317,68.92309559,1.0315839799999935
2014-04-10 16:00:00,69.99969109999999,69.70166928791666,1.3875905346931365,69.95467957,0.04501152999999647
2014-04-10 17:00:00,70.46057561,69.69647915291667,1.3843715597283497,69.99969109999999,0.46088451000001385
2014-04-10 18:00:00,69.69177635,69.62475781291667,1.3352896733554287,70.46057561,-0.7687992600000086
2014-04-10 19:00:00,71.01239837,69.65349176583334,1.3581870407359677,69.69177635,1.3206220200000018
2014-04-10 20:00:00,69.3636139,69.58039676625,1.3226913170736714,71.01239837,-1.6487844699999954
2014-04-10 21:00:00,69.23956202,69.57069392333334,1.3243708176008286,69.3636139,-0.12405188000001033
2014-04-10 22:00:00,69.02602271,69.49295470625,1.2979487993416383,69.23956202,-0.21353930999998738
2014-04-10 23:00:00,67.66881974,69.33489922041666,1.2785455535805255,69.02602271,-1.357202970000003
2014-04-11 00:00:00,66.9784945,69.15046857083333,1.2862025045569527,67.66881974,-0.6903252400000071
2014-04-11 01:00:00,66.1376634,68.894253625,1.2461080886363354,66.9784945,-0.8408311000000026
2014-04-11 02:00:00,65.64125076,68.72223723166665,1.395951150074623,66.1376634,-0.4964126399999884
2014-04-11 03:00:00,64.99436157,68.51956171625001,1.5664910967568675,65.64125076,-0.6468891900000102
2014-04-11 04:00:00,64.15511608,68.26392318125001,1.7542930856303371,64.99436157,-0.8392454899999962
2014-04-11 05:00:00,62.70299143,67.99367376791666,2.0757284748905342,64.15511608,-1.4521246500000018
2014-04-11 06:00:00,63.83944116,67.80952397666665,2.2406548344650963,62.70299143,1.1364497300000025
2014-04-11 07:00:00,62.44194873,67.5161028325,2.4619962444143892,63.83944116,-1.3974924299999998
2014-04-11 08:00:00,62.37114409,67.23834640791667,2.6516425130533343,62.44194873,-0.07080463999999864
2014-04-11 09:00:00,65.37565585,67.08772597083333,2.65045295159865,62.37114409,3.0045117599999998
2014-04-11 10:00:00,65.96957647,67.04616937916667,2.6602299710908186,65.37565585,0.5939206200000058
2014-04-11 11:00:00,66.59359265,66.99607507083333,2.6568165775650754,65.96957647,0.6240161799999981
2014-04-11 12:00:00,68.33141592,67.03900438916666,2.6702496770453834,66.59359265,1.7378232699999927
2014-04-11 13:00:00,68.92824643,67.07504725,2.6904372612148766,68.33141592,0.5968305100000038
2014-04-11 14:00:00,69.4470812,67.09687998375,2.7081538188840404,68.92824643,0.518834769999998
2014-04-11 15:00:00,70.69379188,67.12767633,2.7460028516604744,69.4470812,1.2467106800000067
2014-04-11 16:00:00,68.80751333,67.07800225625,2.702224457187649,70.69379188,-1.88627855
2014-04-11 17:00:00,69.77099451,67.04926971041667,2.6681452828267647,68.80751333,0.9634811799999881
2014-04-11 18:00:00,69.4302069,67.03837098333334,2.6573945440459257,69.77099451,-0.34078760999999247
2014-04-11 19:00:00,69.69943799,66.98366430083333,2.5845419136627115,69.4302069,0.2692310900000052
2014-04-11 20:00:00,68.39255358,66.94320345416666,2.5530734058801645,69.69943799,-1.3068844100000092
2014-04-11 21:00:00,69.67023519,66.96114816958332,2.5713635266441286,68.39255358,1.277681610000002
2014-04-11 22:00:00,68.57844056,66.94249891333334,2.5573212854878453,69.67023519,-1.0917946299999954
2014-04-11 23:00:00,67.05017892,66.9167222125,2.552795791634158,68.57844056,-1.5282616400000109
2014-04-12 00:00:00,68.53844670000001,66.98172022083334,2.574206562847949,67.05017892,1.4882677800000153
2014-04-12 01:00:00,66.58977222,67.00055808833334,2.569411042321915,68.53844670000001,-1.9486744800000082
2014-04-12 02:00:00,66.4437355,67.03399495250001,2.5561399550894195,66.58977222,-0.1460367199999979
2014-04-12 03:00:00,66.63975574,67.10255304291667,2.5208788921938265,66.4437355,0.19602023999999574
2014-04-12 04:00:00,65.35200151,67.15242326916668,2.471388062900949,66.63975574,-1.2877542300000044
2014-04-12 05:00:00,66.56495507,67.31333842083335,2.2880092234357146,65.35200151,1.2129535600000025
2014-04-12 06:00:00,64.62244069,67.34596340125,2.241429142550969,66.56495507,-1.9425143799999915
2014-04-12 07:00:00,64.9923665,67.45223080833334,2.0512047151465786,64.62244069,0.369925809999998
2014-04-12 08:00:00,63.97746263,67.51916074750001,1.8987432785567464,64.9923665,-1.0149038700000048
2014-04-12 09:00:00,64.18268808,67.46945375708333,1.971518247980228,63.97746263,0.20522545000000747
2014-04-12 10:00:00,64.55629521,67.41056703791666,2.0382427853445675,64.18268808,0.37360712999999635
2014-04-12 11:00:00,63.96192594,67.30091425833334,2.151734211587278,64.55629521,-0.5943692700000014
2014-04-12 12:00:00,63.56770877,67.10242646041668,2.2690587447081842,63.96192594,-0.39421716999999745
2014-04-12 13:00:00,63.45102885,66.87420906125,2.3513874174233487,63.56770877,-0.11667992000000282
2014-04-12 14:00:00,62.75664373,66.59544083333334,2.428428691418785,63.45102885,-0.6943851199999997
2014-04-12 15:00:00,61.88488434,66.22840301916666,2.4476854632446448,62.75664373,-0.8717593900000011
2014-04-12 16:00:00,61.97105163,65.94355044833333,2.530875618241871,61.88488434,0.08616728999999879
2014-04-12 17:00:00,62.03644725,65.62127764583333,2.5147055772079594,61.97105163,0.06539562000000387
2014-04-12 18:00:00,62.85879831,65.34746895458333,2.438550500077902,62.03644725,0.8223510599999955
2014-04-12 19:00:00,61.75532146,65.01646409916667,2.3600341232525297,62.85879831,-1.1034768499999998
2014-04-12 20:00:00,60.33080311,64.68055782958334,2.4312633202333895,61.75532146,-1.4245183499999996
2014-04-12 21:00:00,61.31862007,64.33257386625,2.27895349602227,60.33080311,0.9878169600000035
2014-04-12 22:00:00,61.26515428,64.02785360458334,2.1730227422313857,61.31862007,-0.053465790000004176
2014-04-12 23:00:00,59.564727100000006,63.715959778750005,2.255977778541957,61.26515428,-1.7004271799999913
2014-04-13 00:00:00,59.92144785,63.35691816,2.137706017666415,59.564727100000006,0.3567207499999938
2014-04-13 01:00:00,60.09354127,63.08624187041667,2.121781543034714,59.92144785,0.17209342000000305
2014-04-13 02:00:00,59.92218636,62.81451065625,2.090468892799998,60.09354127,-0.17135491000000513
2014-04-13 03:00:00,58.86227492,62.49044895541667,2.0744686916641966,59.92218636,-1.0599114400000005
2014-04-13 04:00:00,58.77714115,62.21649644041667,2.1139046954752927,58.86227492,-0.08513376999999878
2014-04-13 05:00:00,59.41074654,61.91840441833333,1.9738306167040032,58.77714115,0.6336053899999996
2014-04-13 06:00:00,57.84457312,61.63599326958334,2.0533992167955497,59.41074654,-1.5661734199999984
2014-04-13 07:00:00,58.38952164,61.360874733749995,2.0263061667343285,57.84457312,0.5449485199999984
2014-04-13 08:00:00,59.12502309,61.158689752916665,1.995729066189908,58.38952164,0.735501450000001
2014-04-13 09:00:00,57.45840559,60.87851131583333,2.0245346397669777,59.12502309,-1.666617500000001
2014-04-13 10:00:00,58.23364994,60.615067762916674,1.9345212739634305,57.45840559,0.7752443500000012
2014-04-13 11:00:00,58.73348655,60.397216121666666,1.8329642536374413,58.23364994,0.4998366100000027
2014-04-13 12:00:00,58.97261213,60.205753761666664,1.7241521901502863,58.73348655,0.23912557999999962
2014-04-13 13:00:00,60.25792529,60.07270778,1.5800137546471387,58.97261213,1.2853131600000012
2014-04-13 14:00:00,59.15943501,59.922824083333325,1.4819140343574388,60.25792529,-1.09849028
2014-04-13 15:00:00,60.26702164,59.8554131375,1.4244651410048716,59.15943501,1.1075866300000001
2014-04-13 16:00:00,59.20056905,59.73997636333334,1.3561839132147606,60.26702164,-1.0664525900000044
2014-04-13 17:00:00,59.42050888,59.630978931250006,1.2656936734183108,59.20056905,0.21993983000000128
2014-04-13 18:00:00,59.61076035,59.49564401625,1.0629648616093659,59.42050888,0.19025146999999976
2014-04-13 19:00:00,59.3758448,59.39649915541667,0.9477631710112102,59.61076035,-0.23491554999999664
2014-04-13 20:00:00,60.45036956,59.40148109083333,0.9531866218399017,59.3758448,1.0745247599999956
2014-04-13 21:00:00,60.38321276,59.362505786250004,0.8883033742757274,60.45036956,-0.06715679999999935
2014-04-13 22:00:00,59.91094693,59.30608048,0.8009019693087143,60.38321276,-0.4722658299999978
2014-04-13 23:00:00,60.28396361,59.336048667916664,0.8241204615723992,59.91094693,0.3730166799999992
2014-04-14 00:00:00,58.83249363,59.290675575416664,0.8204579994142964,60.28396361,-1.4514699799999988
2014-04-14 01:00:00,60.184197,59.2944528975,0.8245136996047705,58.83249363,1.3517033699999956
2014-04-14 02:00:00,60.57384958,59.32160553166667,0.8562059265068314,60.184197,0.38965258000000347
2014-04-14 03:00:00,60.58416247,59.39335084625,0.8876095299279291,60.57384958,0.010312890000001573
2014-04-14 04:00:00,59.54132737,59.42519193875,0.8782001287946942,60.58416247,-1.042835100000005
2014-04-14 05:00:00,60.5789119,59.47386549541667,0.9091902283265298,59.54132737,1.0375845300000037
2014-04-14 06:00:00,59.20245134,59.53044375458333,0.8432510496484901,60.5789119,-1.3764605599999982
2014-04-14 07:00:00,59.53629772,59.57822609125,0.8075243705972892,59.20245134,0.3338463799999971
2014-04-14 08:00:00,61.42760267,59.67416690708333,0.8844572989854762,59.53629772,1.8913049499999985
2014-04-14 09:00:00,62.35052077,59.878005039583336,0.9148095686550419,61.42760267,0.922918100000004
2014-04-14 10:00:00,63.87302969,60.11297919583333,1.164313015289208,62.35052077,1.52250892
2014-04-14 11:00:00,63.95474106,60.33053146708334,1.3657233921321599,63.87302969,0.08171137000000073
2014-04-14 12:00:00,64.33255339,60.55386235291667,1.5586337794428429,63.95474106,0.3778123299999976
2014-04-14 13:00:00,66.89048639,60.830219065416664,2.0227733394563794,64.33255339,2.5579330000000056
2014-04-14 14:00:00,66.76290578,61.1470303475,2.322886721445848,66.89048639,-0.12758061000000964
2014-04-14 15:00:00,68.22765033,61.478723209583336,2.7252741614978486,66.76290578,1.464744550000006
2014-04-14 16:00:00,68.66217484,61.87295678416666,3.0467777073375517,68.22765033,0.4345245100000028
2014-04-14 17:00:00,68.77584664,62.26276252416667,3.3067406416288994,68.66217484,0.11367179999999166
2014-04-14 18:00:00,69.85149804,62.689459927916666,3.5975859626294553,68.77584664,1.0756513999999981
2014-04-14 19:00:00,69.64134024,63.11718890458334,3.791512914986706,69.85149804,-0.2101577999999904
2014-04-14 20:00:00,68.67883235,63.460041520833336,3.910059026830093,69.64134024,-0.9625078900000119
2014-04-14 21:00:00,66.53906385,63.716535316249995,3.9013458230613787,68.67883235,-2.139768499999988
2014-04-14 22:00:00,66.75587974,64.00174085,3.861033772139227,66.53906385,0.21681588999999235
2014-04-14 23:00:00,66.67419463,64.26800047583333,3.8135517066309474,66.75587974,-0.08168510999999512
2014-04-15 00:00:00,65.2054392,64.53353987458333,3.636379295732575,66.67419463,-1.4687554300000016
2014-04-15 01:00:00,65.2363275,64.74404531208333,3.517956897556444,65.2054392,0.030888300000000868
2014-04-15 02:00:00,63.50605093,64.86622036833334,3.4162802848165805,65.2363275,-1.730276570000001
2014-04-15 03:00:00,64.46464095,65.02790697166667,3.294462794775127,63.50605093,0.9585900200000026
2014-04-15 04:00:00,63.51738461,65.19357602333334,3.1008453958696256,64.46464095,-0.9472563400000027
2014-04-15 05:00:00,63.61950823,65.32026753708332,2.963164558256396,63.51738461,0.10212362000000041
2014-04-15 06:00:00,62.96296552,65.47695562791667,2.7145973083946098,63.61950823,-0.6565427100000036
2014-04-15 07:00:00,61.77349005,65.57017197500001,2.534145809146097,62.96296552,-1.1894754699999979
2014-04-15 08:00:00,63.95443765,65.67545676583335,2.4036861570459607,61.77349005,2.180947600000003
2014-04-15 09:00:00,63.98985647,65.74376242000001,2.327167875147726,63.95443765,0.03541881999999674
2014-04-15 10:00:00,66.04334863,65.83419237583334,2.2932337756405983,63.98985647,2.0534921599999976
2014-04-15 11:00:00,68.14218819999999,66.00866934,2.3032970777748822,66.04334863,2.0988395699999955
2014-04-15 12:00:00,68.61566659,66.18713239,2.333515479995288,68.14218819999999,0.473478390000011
2014-04-15 13:00:00,68.80427879999999,66.26687374041667,2.3905967372599948,68.61566659,0.18861220999998807
2014-04-15 14:00:00,70.24867959,66.41211431583334,2.5241991216337936,68.80427879999999,1.444400790000003
2014-04-15 15:00:00,68.84215496,66.43771867541666,2.5464345085540345,70.24867959,-1.4065246299999927
2014-04-15 16:00:00,71.07422118,66.53822060625001,2.682034393147411,68.84215496,2.232066219999993
2014-04-15 17:00:00,70.7975171,66.62245687541666,2.7851347134409026,71.07422118,-0.2767040800000018
2014-04-15 18:00:00,70.00379538,66.62880259791667,2.792974185030364,70.7975171,-0.7937217199999935
2014-04-15 19:00:00,69.63818207,66.62867100749999,2.792826149309203,70.00379538,-0.3656133100000005
2014-04-15 20:00:00,71.11138859,66.7300275175,2.9120606157795614,69.63818207,1.473206520000005
2014-04-15 21:00:00,68.9745537,66.83150626125,2.9473386071582253,71.11138859,-2.136834890000003
2014-04-15 22:00:00,68.41451411,66.90061602666667,2.96488197981193,68.9745537,-0.5600395900000024
2014-04-15 23:00:00,67.63084599,66.9404765,2.9681344977243262,68.41451411,-0.7836681200000015
2014-04-16 00:00:00,65.73481705,66.96253391041667,2.9566248287521093,67.63084599,-1.8960289399999937
2014-04-16 01:00:00,65.50434383,66.9737012575,2.950320803498069,65.73481705,-0.23047322000000747
2014-04-16 02:00:00,64.79166617,67.02726855916666,2.8957903989097664,65.50434383,-0.7126776599999971
2014-04-16 03:00:00,63.9183871,67.00450798208333,2.9188629218646986,64.79166617,-0.8732790700000024
2014-04-16 04:00:00,64.49704161,67.04532702374999,2.8744894967381907,63.9183871,0.5786545099999998
2014-04-16 05:00:00,63.67515316,67.0476455625,2.8716271359866656,64.49704161,-0.8218884499999959
2014-04-16 06:00:00,62.46829544,67.02703430916667,2.9038147032721695,63.67515316,-1.2068577200000021
2014-04-16 07:00:00,63.58707467,67.10260033499999,2.7822087391248393,62.46829544,1.1187792300000012
2014-04-16 08:00:00,64.98478124,67.14553131791666,2.7391347533426713,63.58707467,1.397706570000004
2014-04-16 09:00:00,64.79823783,67.17921387458334,2.7033798181887674,64.98478124,-0.18654340999999874
2014-04-16 10:00:00,67.37766731,67.23481048625,2.692703881640678,64.79823783,2.5794294800000017
2014-04-16 11:00:00,67.53637026,67.20956807208333,2.686660753822938,67.37766731,0.15870294999999146
2014-04-16 12:00:00,68.93675906,67.22294692499999,2.6947544694055776,67.53637026,1.4003888000000018
2014-04-16 13:00:00,69.01582856,67.23176149833334,2.7004918013941146,68.93675906,0.07906950000000279
2014-04-16 14:00:00,70.01135347,67.22187290999999,2.6893758548014977,69.01582856,0.9955249100000003
2014-04-16 15:00:00,70.54341131,67.29275859124999,2.755546074963909,70.01135347,0.5320578399999931
2014-04-16 16:00:00,70.35620490000001,67.26284124625,2.716323832702223,70.54341131,-0.1872064099999875
2014-04-16 17:00:00,72.05054652,67.31505080541667,2.7980297187253096,70.35620490000001,1.6943416199999888
2014-04-16 18:00:00,70.83587447,67.34972076749999,2.8376683692414555,72.05054652,-1.2146720500000043
2014-04-16 19:00:00,71.22103625,67.415673025,2.910624887506724,70.83587447,0.38516178000000423
2014-04-16 20:00:00,70.22217235,67.37862234833334,2.86686569712607,71.22103625,-0.9988639000000035
2014-04-16 21:00:00,69.83271805,67.41437919625,2.8928700872917825,70.22217235,-0.38945429999999703
2014-04-16 22:00:00,67.95233259,67.39512163291667,2.887456097035304,69.83271805,-1.8803854599999994
2014-04-16 23:00:00,67.65108997,67.39596513208333,2.8875309079793765,67.95233259,-0.30124261999999646
2014-04-17 00:00:00,67.466994,67.46813917166666,2.8657711085063866,67.65108997,-0.18409597000000133
2014-04-17 01:00:00,65.22016644,67.45629844708334,2.874810673979474,67.466994,-2.24682756
2014-04-17 02:00:00,65.24342103,67.47512156625,2.858035166619718,65.22016644,0.023254589999993414
2014-04-17 03:00:00,64.62596906,67.50460414791667,2.8231869434870642,65.24342103,-0.6174519699999905
2014-04-17 04:00:00,63.67041499,67.47016137208334,2.8661893098296356,64.62596906,-0.9555540700000051
2014-04-17 05:00:00,64.21771116,67.49276795541667,2.8369458956744933,63.67041499,0.5472961699999956
2014-04-17 06:00:00,62.40771234,67.49024365958333,2.841634097920452,64.21771116,-1.80999881999999
2014-04-17 07:00:00,64.25745568,67.51817620166666,2.804653000954855,62.40771234,1.8497433400000034
2014-04-17 08:00:00,63.78224775,67.46807063958333,2.8620350180941054,64.25745568,-0.4752079300000034
2014-04-17 09:00:00,65.71063960000001,67.50608738,2.830920055671315,63.78224775,1.9283918500000041
2014-04-17 10:00:00,66.77957199,67.48116674166667,2.834729649690691,65.71063960000001,1.0689323899999863
2014-04-17 11:00:00,68.38229729,67.51641370125,2.840698725880842,66.77957199,1.602725300000003
2014-04-17 12:00:00,68.29797018,67.48979749791667,2.8297836776649743,68.38229729,-0.08432711000000381
2014-04-17 13:00:00,70.41445853,67.54807374666667,2.8765914663381946,68.29797018,2.1164883500000116
2014-04-17 14:00:00,68.73075749,67.49471558083333,2.840564612166389,70.41445853,-1.6837010400000025
2014-04-17 15:00:00,70.53796369999998,67.49448859708333,2.84031061141872,68.73075749,1.8072062099999755
2014-04-17 16:00:00,69.84495909999998,67.47318668874999,2.819757786162116,70.53796369999998,-0.6930045999999948
2014-04-17 17:00:00,69.92419335,67.38458863999999,2.7005683882989966,69.84495909999998,0.07923425000001316
2014-04-17 18:00:00,70.06645502,67.35252949625,2.6621090668564107,69.92419335,0.14226167000001055
2014-04-17 19:00:00,70.01194478,67.302150685,2.5963452597916636,70.06645502,-0.054510240000013255
2014-04-17 20:00:00,70.75213902,67.32423262958334,2.6243623704079977,70.01194478,0.7401942400000081
2014-04-17 21:00:00,70.23146023,67.34084688708334,2.6421354916121182,70.75213902,-0.5206787900000052
2014-04-17 22:00:00,68.89087654,67.379952885,2.65847466441824,70.23146023,-1.3405836900000025
2014-04-17 23:00:00,68.74794199,67.4256550525,2.6727283227714786,68.89087654,-0.14293454999999256
2014-04-18 00:00:00,68.6134614,67.4734245275,2.683722047696403,68.74794199,-0.13448058999999546
2014-04-18 01:00:00,67.80409959999999,67.58108840916667,2.6408854772794736,68.6134614,-0.8093618000000191
2014-04-18 02:00:00,66.81999556,67.64677901458333,2.599492908814798,67.80409959999999,-0.9841040399999912
2014-04-18 03:00:00,66.76963018,67.73609822791667,2.5270018752244,66.81999556,-0.05036538000000235
2014-04-18 04:00:00,65.69553058,67.82047804416666,2.4167463056330787,66.76963018,-1.0740995999999967
2014-04-18 05:00:00,65.73002042,67.88349093000001,2.3371297067244603,65.69553058,0.03448984000000621
2014-04-18 06:00:00,65.04376513,67.99332646291667,2.1205043525245832,65.73002042,-0.6862552900000054
2014-04-18 07:00:00,64.66042336,68.01011678291667,2.091027799486945,65.04376513,-0.38334177000000125
2014-04-18 08:00:00,66.66369506,68.1301770875,1.9128531432300373,64.66042336,2.003271699999999
2014-04-18 09:00:00,66.91478029,68.18034961625,1.8617403888106658,66.66369506,0.25108523000000105
2014-04-18 10:00:00,68.35124962,68.24583618416666,1.8378139472917883,66.91478029,1.4364693300000084
2014-04-18 11:00:00,68.53892428,68.25236230875,1.8385975189405435,68.35124962,0.187674659999999
2014-04-18 12:00:00,69.18079834,68.28914681541666,1.8483550645972922,68.53892428,0.6418740599999921
2014-04-18 13:00:00,70.04821235,68.27388655791667,1.8314801674995338,69.18079834,0.8674140100000045
2014-04-18 14:00:00,69.09186246,68.28893259833333,1.836872001156458,70.04821235,-0.9563498899999985
2014-04-18 15:00:00,70.13679966,68.27221743,1.8172367637303024,69.09186246,1.0449371999999926
2014-04-18 16:00:00,68.64486802,68.222213635,1.7883606832581858,70.13679966,-1.49193163999999
2014-04-18 17:00:00,69.10913357,68.18825281083333,1.7621823474181462,68.64486802,0.46426554999999325
2014-04-18 18:00:00,69.34877115,68.15834931625,1.7348009584989323,69.10913357,0.23963758000000723
2014-04-18 19:00:00,70.06810868,68.16068947875,1.7374459473675017,69.34877115,0.71933752999999
2014-04-18 20:00:00,69.68681363,68.11630092083332,1.681054012051017,70.06810868,-0.3812950499999914
2014-04-18 21:00:00,69.28946496,68.07705111791667,1.6400175162624682,69.68681363,-0.3973486699999995
2014-04-18 22:00:00,68.10328878,68.04423496125,1.6308793630625782,69.28946496,-1.186176180000004
2014-04-18 23:00:00,68.52704977,68.03503111875,1.627354827932524,68.10328878,0.4237609900000052
2014-04-19 00:00:00,67.80210719,68.00122469333333,1.6232384285825112,68.52704977,-0.724942580000004
2014-04-19 01:00:00,66.29263566,67.93824702916666,1.6601204595189942,67.80210719,-1.509471529999999
2014-04-19 02:00:00,66.15580573,67.91057245291667,1.6849232737943347,66.29263566,-0.13682993000000465
2014-04-19 03:00:00,65.50262029,67.85778037416667,1.7411368643613216,66.15580573,-0.6531854400000014
2014-04-19 04:00:00,65.67858252,67.857074205,1.7420551518388048,65.50262029,0.17596223000001032
2014-04-19 05:00:00,66.76499604,67.90019818916666,1.6993993330003272,65.67858252,1.0864135199999936
2014-04-19 06:00:00,65.38745208,67.91451847875,1.6755634695337471,66.76499604,-1.377543959999997
2014-04-19 07:00:00,64.95897072,67.92695795208333,1.651286868008043,65.38745208,-0.42848136000000636
2014-04-19 08:00:00,64.77271857,67.84816726499999,1.755978768052127,64.95897072,-0.1862521500000014
2014-04-19 09:00:00,64.36173315,67.74179030083333,1.8873957116890716,64.77271857,-0.4109854199999887
2014-04-19 10:00:00,65.1175339,67.60705214583334,1.956167673897523,64.36173315,0.7558007499999917
2014-04-19 11:00:00,64.06584001,67.42067363458334,2.073117020993223,65.1175339,-1.0516938899999957
2014-04-19 12:00:00,63.84447255,67.19832672666666,2.1604587463992626,64.06584001,-0.2213674600000033
2014-04-19 13:00:00,63.69995847,66.93381614833332,2.1848483975911237,63.84447255,-0.14451408000000043
2014-04-19 14:00:00,64.95980589,66.76164712458333,2.170154056257255,63.69995847,1.2598474199999998
2014-04-19 15:00:00,64.54564962,66.52868253958333,2.0907303570523825,64.95980589,-0.41415626999999233
2014-04-19 16:00:00,64.92641544,66.37374701541667,2.0647078671876864,64.54564962,0.3807658199999935
2014-04-19 17:00:00,64.05690668,66.16323756166666,2.030969946912205,64.92641544,-0.8695087600000022
2014-04-19 18:00:00,65.14093075,65.98791087833332,1.9227588371517785,64.05690668,1.0840240699999981
2014-04-19 19:00:00,65.37596399,65.79240484958333,1.717431827305823,65.14093075,0.23503324000000703
2014-04-19 20:00:00,64.49955643,65.57626913291666,1.5212129543595572,65.37596399,-0.8764075600000041
2014-04-19 21:00:00,64.61511022,65.38150435208333,1.309657225929791,64.49955643,0.11555379000000698
2014-04-19 22:00:00,64.38633566,65.22663130541666,1.1879145324352638,64.61511022,-0.22877456000000507
2014-04-19 23:00:00,64.6986036,65.067112715,0.9607873676975914,64.38633566,0.31226793999999813
2014-04-20 00:00:00,63.69621365,64.8960338175,0.8056410395073397,64.6986036,-1.0023899500000013
2014-04-20 01:00:00,63.46227468,64.77810211,0.7994482172930392,63.69621365,-0.23393896999999697
2014-04-20 02:00:00,61.73732749,64.59399885,0.9608530669898391,63.46227468,-1.7249471900000017
2014-04-20 03:00:00,62.88858987,64.48508091583334,1.0007084501480208,61.73732749,1.1512623799999986
2014-04-20 04:00:00,62.02517391,64.33285555708333,1.085540442689307,62.88858987,-0.8634159599999975
2014-04-20 05:00:00,61.32938908,64.10637193375,1.1224504017980774,62.02517391,-0.6957848300000009
2014-04-20 06:00:00,61.58004254,63.94772986958333,1.1999047309913602,61.32938908,0.2506534600000023
2014-04-20 07:00:00,60.95237553,63.78078840333333,1.3252631247497164,61.58004254,-0.6276670100000032
2014-04-20 08:00:00,60.85101193,63.617383960000005,1.4348800053392763,60.95237553,-0.10136359999999911
2014-04-20 09:00:00,59.91009200000001,63.431898912083334,1.611352383283694,60.85101193,-0.9409199299999855
2014-04-20 10:00:00,60.32414667,63.23217444416667,1.6885535557325637,59.91009200000001,0.4140546699999845
2014-04-20 11:00:00,61.24486641,63.11463387749999,1.7257728911844172,60.32414667,0.9207197400000027
2014-04-20 12:00:00,59.66938197,62.94067177,1.8546241423596226,61.24486641,-1.5754844399999968
2014-04-20 13:00:00,61.12053222,62.83319567625,1.883228857088633,59.66938197,1.4511502499999978
2014-04-20 14:00:00,61.88004071,62.70487212708333,1.836365720157519,61.12053222,0.7595084900000018
2014-04-20 15:00:00,60.49012871,62.53589208916667,1.8461808155573887,61.88004071,-1.3899120000000025
2014-04-20 16:00:00,61.00233827,62.37238887375,1.7984100354189476,60.49012871,0.5122095600000023
2014-04-20 17:00:00,61.7659068,62.27693054541666,1.7656127686621643,61.00233827,0.7635685300000006
2014-04-20 18:00:00,60.26541206,62.07378393333334,1.7010635888369585,61.7659068,-1.5004947400000006
2014-04-20 19:00:00,60.71115886,61.879417052916665,1.5687002236425593,60.26541206,0.4457467999999949
2014-04-20 20:00:00,60.52159375,61.71366860791667,1.4878943634518575,60.71115886,-0.18956510999999665
2014-04-20 21:00:00,61.72193037,61.59311944750001,1.3537551007208983,60.52159375,1.2003366200000016
2014-04-20 22:00:00,60.84591691,61.44560199958334,1.2227018790626025,61.72193037,-0.8760134600000029
2014-04-20 23:00:00,60.77650542,61.28218124208333,1.0131679958852617,60.84591691,-0.06941149000000024
2014-04-21 00:00:00,60.2969507,61.14054528583333,0.891295706005087,60.77650542,-0.479554720000003
2014-04-21 01:00:00,60.50295653,61.017240362916674,0.7495673639983856,60.2969507,0.20600583000000228
2014-04-21 02:00:00,60.86537483,60.98090900208333,0.7341199050777146,60.50295653,0.36241830000000164
2014-04-21 03:00:00,60.31204125,60.87355280958334,0.6229999697133383,60.86537483,-0.5533335800000003
2014-04-21 04:00:00,59.84361371,60.782654467916664,0.6066017000485858,60.31204125,-0.4684275400000004
2014-04-21 05:00:00,60.93695396,60.76630300458333,0.5964271166623452,59.84361371,1.0933402499999971
2014-04-21 06:00:00,61.29175138,60.75429087291667,0.5820556897989628,60.93695396,0.35479742000000414
2014-04-21 07:00:00,61.35624139,60.77111861708334,0.5937520248351648,61.29175138,0.0644900100000001
2014-04-21 08:00:00,62.51476508,60.84044166500001,0.6924134649357785,61.35624139,1.1585236899999956
2014-04-21 09:00:00,62.43283694,60.945556037500005,0.7352028057704851,62.51476508,-0.08192813999999515
2014-04-21 10:00:00,64.91681271,61.1369171225,1.0822260715665217,62.43283694,2.4839757700000007
2014-04-21 11:00:00,65.39698618,61.309922112916674,1.3887138731572255,64.91681271,0.4801734699999969
2014-04-21 12:00:00,65.915587,61.57018065583333,1.6319000923998437,65.39698618,0.5186008200000032
2014-04-21 13:00:00,67.29050932,61.82726303500001,2.002010249335167,65.915587,1.374922319999996
2014-04-21 14:00:00,68.45738752,62.101319152083335,2.416773261660341,67.29050932,1.1668781999999993
2014-04-21 15:00:00,70.07377229,62.500637634583335,2.885310527669095,68.45738752,1.6163847699999963
2014-04-21 16:00:00,69.70332453,62.86317872875,3.2164976888404873,70.07377229,-0.37044775999999047
2014-04-21 17:00:00,69.7202728,63.194610645416674,3.4961725808087936,69.70332453,0.01694827000000032
2014-04-21 18:00:00,69.40144364,63.57527862791667,3.657041446190802,69.7202728,-0.31882916000000705
2014-04-21 19:00:00,68.60855551,63.90433682166667,3.742429403071438,69.40144364,-0.7928881299999944
2014-04-21 20:00:00,68.59433384,64.24070099208333,3.787683880283725,68.60855551,-0.014221669999997744
2014-04-21 21:00:00,67.36680577,64.47590413374999,3.7997211812902885,68.59433384,-1.2275280700000053
2014-04-21 22:00:00,67.03274551,64.73368865875,3.752315379025123,67.36680577,-0.3340602600000011
2014-04-21 23:00:00,67.24095409,65.00304068666667,3.6873632300852623,67.03274551,0.20820858000000442
2014-04-22 00:00:00,65.7964252,65.2321854575,3.550535138984981,67.24095409,-1.4445288900000008
2014-04-22 01:00:00,64.99226274,65.41923988291667,3.4058588066606803,65.7964252,-0.8041624600000006
2014-04-22 02:00:00,64.49559793,65.57049917875001,3.2728356897483213,64.99226274,-0.4966648099999986
2014-04-22 03:00:00,65.11700189,65.77070587208334,3.078365772820138,64.49559793,0.621403959999995
2014-04-22 04:00:00,64.3213603,65.95727864666667,2.8291224603763565,65.11700189,-0.7956415900000025
2014-04-22 05:00:00,63.60761024,66.06855599166667,2.6711874718528787,64.3213603,-0.7137500599999953
2014-04-22 06:00:00,64.31240029,66.19441636291667,2.5021435878085048,63.60761024,0.7047900499999997
2014-04-22 07:00:00,63.6046907,66.28810175083332,2.3506216881373065,64.31240029,-0.7077095900000003
2014-04-22 08:00:00,64.44609818,66.36857396333333,2.2465839019249514,63.6046907,0.841407480000008
2014-04-22 09:00:00,65.51557705,66.49702146791667,2.0947741374133675,64.44609818,1.0694788699999975
2014-04-22 10:00:00,66.98431814,66.58316752750001,2.0693214670085296,65.51557705,1.4687410899999946
2014-04-22 11:00:00,67.61193771,66.67545717458334,2.063502989137749,66.98431814,0.6276195700000073
2014-04-22 12:00:00,69.98132266,66.84486282708333,2.162904757850335,67.61193771,2.369384949999997
2014-04-22 13:00:00,70.67558021,66.9859074475,2.299300079112907,69.98132266,0.6942575500000032
2014-04-22 14:00:00,69.62883752,67.03471786416667,2.343896852228149,70.67558021,-1.046742690000002
2014-04-22 15:00:00,69.69713146,67.01902449625,2.323839495583142,69.62883752,0.06829393999998956
2014-04-22 16:00:00,69.91198782,67.0277188,2.3346840952647145,69.69713146,0.21485635999999886
2014-04-22 17:00:00,70.55887454,67.06266053916666,2.3825192875868995,69.91198782,0.6468867200000119
2014-04-22 18:00:00,70.51507392,67.10906180083335,2.440195425985698,70.55887454,-0.04380061999999896
2014-04-22 19:00:00,69.61686927,67.15107487416667,2.4755586989051306,70.51507392,-0.8982046500000109
2014-04-22 20:00:00,69.95093901,67.20760008958334,2.524941242423286,69.61686927,0.3340697400000039
2014-04-22 21:00:00,68.91740485,67.27220838458334,2.5489166897037028,69.95093901,-1.033534160000002
2014-04-22 22:00:00,67.98366316,67.31182995333334,2.552420873655536,68.91740485,-0.9337416899999909
2014-04-22 23:00:00,69.21152689,67.39393715333334,2.5815703859274306,67.98366316,1.2278637299999957
2014-04-23 00:00:00,68.4994454,67.50656299500001,2.56777101985854,69.21152689,-0.7120814900000028
2014-04-23 01:00:00,68.2065762,67.6404927225,2.5141955652625114,68.4994454,-0.2928691999999984
2014-04-23 02:00:00,67.17531475,67.75214758999999,2.426430091025696,68.2065762,-1.0312614500000024
2014-04-23 03:00:00,66.98745597,67.83008317666666,2.367432421054855,67.17531475,-0.18785877999999911
2014-04-23 04:00:00,66.01118571,67.90049256875001,2.2821348353944244,66.98745597,-0.9762702599999926
2014-04-23 05:00:00,66.26108706,68.01105410291667,2.1239078587308637,66.01118571,0.2499013499999876
2014-04-23 06:00:00,66.03229855,68.08271653041668,2.0201681704721612,66.26108706,-0.2287885100000011
2014-04-23 07:00:00,66.26457169,68.19354490500001,1.8276020412467553,66.03229855,0.23227314000000376
2014-04-23 08:00:00,66.5901253,68.28287936833334,1.6831522451450134,66.26457169,0.32555361000000005
2014-04-23 09:00:00,67.33860469,68.35883885333334,1.5914752570049902,66.5901253,0.74847939
2014-04-23 10:00:00,67.71813475,68.38941454541667,1.5708348370282048,67.33860469,0.37953006000000755
2014-04-23 11:00:00,68.74407883,68.43658709208334,1.5634537924433594,67.71813475,1.0259440800000021
2014-04-23 12:00:00,70.07146655,68.44034308750001,1.567429393632335,68.74407883,1.3273877199999902
2014-04-23 13:00:00,69.09664385,68.3745540725,1.5012715164689527,70.07146655,-0.97482269999999
2014-04-23 14:00:00,68.54085218,68.32922135,1.4779962725446454,69.09664385,-0.555791670000005
2014-04-23 15:00:00,68.74793879,68.28967165541667,1.452276840948971,68.54085218,0.2070866100000046
2014-04-23 16:00:00,70.2110304,68.30213176291667,1.4679987576737654,68.74793879,1.4630916099999922
2014-04-23 17:00:00,69.08812898,68.24085069791667,1.3987609877147347,70.2110304,-1.1229014200000051
2014-04-23 18:00:00,71.14090948,68.26692717958333,1.4479696880607273,69.08812898,2.0527805000000114
2014-04-23 19:00:00,71.35406032,68.33931014,1.5576526005451354,71.14090948,0.2131508399999973
2014-04-23 20:00:00,70.40898557,68.35839541333333,1.580890560505406,71.35406032,-0.9450747500000034
2014-04-23 21:00:00,70.11680124,68.40837026291668,1.617855585880385,70.40898557,-0.29218432999999777
2014-04-23 22:00:00,68.45657214,68.42807480375,1.6153359169960324,70.11680124,-1.6602290999999951
2014-04-23 23:00:00,68.04369977,68.37941534041666,1.6082836385029522,68.45657214,-0.4128723700000023
2014-04-24 00:00:00,67.86825922,68.35311591624999,1.6113932339858543,68.04369977,-0.1754405500000047
2014-04-24 01:00:00,68.25265298,68.35503578208333,1.6112384921328138,67.86825922,0.3843937599999947
2014-04-24 02:00:00,67.93389846,68.38664343666667,1.594442738754421,68.25265298,-0.3187545199999988
2014-04-24 03:00:00,67.41557857,68.40448187833333,1.5804416038509144,67.93389846,-0.5183198900000008
2014-04-24 04:00:00,66.82858317,68.43854010583333,1.5347716348202585,67.41557857,-0.5869953999999922
2014-04-24 05:00:00,66.46827942,68.44717312083334,1.5225249058104753,66.82858317,-0.3603037499999999
2014-04-24 06:00:00,66.70529771,68.47521475250001,1.4817663783787691,66.46827942,0.23701828999999464
2014-04-24 07:00:00,65.99333339,68.46391315666666,1.5002790135325106,66.70529771,-0.7119643199999928
2014-04-24 08:00:00,66.39954920000001,68.45597248583333,1.5110931550712583,65.99333339,0.40621581000000617
2014-04-24 09:00:00,68.68937881,68.51225474083333,1.492709837313707,66.39954920000001,2.289829609999984
2014-04-24 10:00:00,68.86981543,68.56024143583333,1.4845605246432878,68.68937881,0.18043662000000893
2014-04-24 11:00:00,69.28930829,68.58295933,1.4916508902926957,68.86981543,0.4194928599999912
2014-04-24 12:00:00,70.13701442,68.58569049124999,1.4945519782764785,69.28930829,0.8477061300000059
2014-04-24 13:00:00,70.87920902,68.65996403999999,1.5637402990845344,70.13701442,0.7421946000000048
2014-04-24 14:00:00,69.73387857,68.70967347291666,1.5786803204467554,70.87920902,-1.145330450000003
2014-04-24 15:00:00,71.07672883,68.80670639124999,1.651045035082935,69.73387857,1.3428502599999916
2014-04-24 16:00:00,70.8997397,68.83540261208333,1.6822053645616457,71.07672883,-0.1769891299999955
2014-04-24 17:00:00,70.81721973,68.90744806,1.7298516874241527,70.8997397,-0.08251996999999278
2014-04-24 18:00:00,70.08894813,68.86361633708334,1.683505413964571,70.81721973,-0.7282715999999994
2014-04-24 19:00:00,71.49812440000002,68.86961900708333,1.6930014220428655,70.08894813,1.4091762700000174
2014-04-24 20:00:00,70.33872212,68.86669136333333,1.6902822838714924,71.49812440000002,-1.1594022800000232
2014-04-24 21:00:00,69.97998584,68.86099072166667,1.6861084153777064,70.33872212,-0.35873628000000224
2014-04-24 22:00:00,69.11046806,68.888236385,1.68457174609979,69.97998584,-0.8695177799999954
2014-04-24 23:00:00,68.18636306,68.89418068875,1.681711360422036,69.11046806,-0.9241049999999973
2014-04-25 00:00:00,67.39351909,68.87439985,1.6970255424626988,68.18636306,-0.792843970000007
2014-04-25 01:00:00,66.57525861,68.80450841791667,1.7572192296866547,67.39351909,-0.8182604799999922
2014-04-25 02:00:00,67.73318644,68.79614541708334,1.7620138825627132,66.57525861,1.1579278299999913
2014-04-25 03:00:00,66.68982673,68.76590575708333,1.7926978008299175,67.73318644,-1.0433597100000043
2014-04-25 04:00:00,65.83218116,68.72438900666667,1.85013228844122,66.68982673,-0.8576455699999883
2014-04-25 05:00:00,65.95237266,68.70289289166666,1.8802371764932522,65.83218116,0.12019149999999001
2014-04-25 06:00:00,67.28099527,68.72688029,1.8571753817458003,65.95237266,1.3286226100000107
2014-04-25 07:00:00,66.90419491,68.76483285333335,1.8075282543631201,67.28099527,-0.3768003600000043
2014-04-25 08:00:00,67.80676658,68.82346691083333,1.7493533753931145,66.90419491,0.9025716700000004
2014-04-25 09:00:00,68.71115712,68.82437434041667,1.7492864438919173,67.80676658,0.9043905399999943
2014-04-25 10:00:00,70.02939458,68.87269013833334,1.7665251242670847,68.71115712,1.318237460000006
2014-04-25 11:00:00,69.32625844,68.87422972791667,1.7669200662175333,70.02939458,-0.703136139999998
2014-04-25 12:00:00,70.95509984,68.90831662041667,1.7999234189540845,69.32625844,1.6288413999999989
2014-04-25 13:00:00,70.33649459,68.88570351916667,1.7773534579108616,70.95509984,-0.6186052500000017
2014-04-25 14:00:00,70.46790053,68.91628776750001,1.7987696179469204,70.33649459,0.1314059399999934
2014-04-25 15:00:00,71.4753647,68.93289759541666,1.8212860610621184,70.46790053,1.0074641700000058
2014-04-25 16:00:00,71.6850702,68.96561969958334,1.864697149762823,71.4753647,0.20970549999999832
2014-04-25 17:00:00,70.43496647,68.94969248041667,1.8497669020637022,71.6850702,-1.2501037299999922
2014-04-25 18:00:00,70.80912379,68.97969979958333,1.8747247384544845,70.43496647,0.3741573199999948
2014-04-25 19:00:00,70.67649218,68.94546512375,1.833790906433678,70.80912379,-0.13263161000000423
2014-04-25 20:00:00,70.53630655,68.95369780833333,1.8407481202597635,70.67649218,-0.14018562999999062
2014-04-25 21:00:00,70.9107218,68.99247847333334,1.8728345755781908,70.53630655,0.3744152499999984
2014-04-25 22:00:00,69.72934336,69.01826494416666,1.8787808801689625,70.9107218,-1.1813784400000031
2014-04-25 23:00:00,69.6017667,69.07724009583333,1.8737400939283737,69.72934336,-0.12757666000000256
2014-04-26 00:00:00,69.48880205,69.1645435525,1.840395585810304,69.6017667,-0.112964649999995
2014-04-26 01:00:00,67.24793666,69.19257180458334,1.8040102363921597,69.48880205,-2.2408653900000104
2014-04-26 02:00:00,67.33153476,69.17583631791666,1.8199301092862437,67.24793666,0.08359810000000323
2014-04-26 03:00:00,66.89338891,69.18431807541667,1.8082774026733397,67.33153476,-0.43814584999999795
2014-04-26 04:00:00,66.56130689,69.21469831416667,1.7548462036018555,66.89338891,-0.3320820200000014
2014-04-26 05:00:00,66.53741504,69.23907508,1.7110761319682632,66.56130689,-0.02389184999999827
2014-04-26 06:00:00,67.13725522,69.23308591125,1.7184634753951988,66.53741504,0.599840180000001
2014-04-26 07:00:00,66.5594858,69.21872303166667,1.740079180081021,67.13725522,-0.5777694199999956
2014-04-26 08:00:00,65.90565072,69.13950987083334,1.84712904662566,66.5594858,-0.6538350800000075
2014-04-26 09:00:00,65.53921771,69.00734572875,1.9872722440546906,65.90565072,-0.3664330099999944
2014-04-26 10:00:00,65.83948867,68.83276631583334,2.075656371118133,65.53921771,0.30027095999999176
2014-04-26 11:00:00,64.57393058,68.634752655,2.246206048112819,65.83948867,-1.265558089999999
2014-04-26 12:00:00,65.47092598,68.40624541083334,2.278612962523342,64.57393058,0.8969954000000087
2014-04-26 13:00:00,64.06228730000001,68.14482010708333,2.4039970826407573,65.47092598,-1.4086386799999957
2014-04-26 14:00:00,65.61321875,67.94254169958334,2.4042711167692117,64.06228730000001,1.550931449999993
2014-04-26 15:00:00,65.0033148,67.67287295375,2.353211105876351,65.61321875,-0.6099039500000032
2014-04-26 16:00:00,65.06987305,67.39723973916666,2.2478914893681567,65.0033148,0.06655824999999993
2014-04-26 17:00:00,65.49571691,67.19143767416666,2.1828468549820514,65.06987305,0.4258438600000005
2014-04-26 18:00:00,64.89058829999999,66.94483202875,2.0886606876644764,65.49571691,-0.6051286100000084
2014-04-26 19:00:00,63.93327257,66.66386454500001,2.0171779384278685,64.89058829999999,-0.9573157299999906
2014-04-26 20:00:00,65.74230017,66.46411427916667,1.8472426805306792,63.93327257,1.8090275999999932
2014-04-26 21:00:00,64.87334743,66.21255701374999,1.611406384323159,65.74230017,-0.8689527399999974
2014-04-26 22:00:00,64.59101491,65.998459995,1.4578723940940563,64.87334743,-0.2823325199999971
2014-04-26 23:00:00,64.52446439,65.78690573208333,1.2683219483456782,64.59101491,-0.06655051999999273
2014-04-27 00:00:00,65.86073905,65.63573644041666,0.9945874452443568,64.52446439,1.3362746600000008
2014-04-27 01:00:00,65.70163338,65.57130713708334,0.9338378478323294,65.86073905,-0.15910567000000242
2014-04-27 02:00:00,65.48002454,65.49416087791667,0.8552730568243442,65.70163338,-0.2216088400000018
2014-04-27 03:00:00,65.01981817,65.41609543041666,0.8060967905073805,65.48002454,-0.46020637000000875
2014-04-27 04:00:00,64.07651163,65.31256229458333,0.8121611974909431,65.01981817,-0.9433065399999947
2014-04-27 05:00:00,64.19020524,65.21476188625,0.7994780003352131,64.07651163,0.11369360999999856
2014-04-27 06:00:00,64.54513799,65.10675700166667,0.6969888933467296,64.19020524,0.35493275000000324
2014-04-27 07:00:00,64.16276662,65.0068937025,0.649903119736642,64.54513799,-0.3823713700000013
2014-04-27 08:00:00,64.68808942,64.95616198166667,0.623688415451144,64.16276662,0.5253227999999979
2014-04-27 09:00:00,65.0067767,64.93397693958333,0.6113954868637154,64.68808942,0.318687280000006
2014-04-27 10:00:00,64.86726485,64.89346761374999,0.5802030015315975,65.0067767,-0.1395118500000052
2014-04-27 11:00:00,65.27562701,64.922704965,0.581080072754131,64.86726485,0.4083621599999958
2014-04-27 12:00:00,64.76188253,64.89316148791666,0.5699127750686933,65.27562701,-0.5137444799999997
2014-04-27 13:00:00,64.21479337,64.8995159075,0.5610268317613272,64.76188253,-0.5470891599999987
2014-04-27 14:00:00,64.22497124,64.84167226125,0.5557843224228696,64.21479337,0.010177870000006806
2014-04-27 15:00:00,63.48983416,64.77861056791666,0.6189229139977723,64.22497124,-0.7351370800000012
2014-04-27 16:00:00,64.02881119,64.73523299041666,0.6339220471204419,63.48983416,0.5389770299999981
2014-04-27 17:00:00,65.14115001,64.72045936958334,0.6193934382114091,64.02881119,1.112338820000005
2014-04-27 18:00:00,64.16580322,64.69025999125,0.6283422237142128,65.14115001,-0.9753467900000032
2014-04-27 19:00:00,63.82552427,64.68577047875,0.6343423512201263,64.16580322,-0.3402789499999983
2014-04-27 20:00:00,64.51645768,64.63469370833333,0.5936173114558458,63.82552427,0.6909334099999995
2014-04-27 21:00:00,64.81548712,64.63228286208333,0.5927227503907122,64.51645768,0.2990294399999982
2014-04-27 22:00:00,63.65811355,64.59341197208333,0.6252445104915574,64.81548712,-1.1573735699999972
2014-04-27 23:00:00,63.04274263,64.53167356541667,0.7009232591657873,63.65811355,-0.6153709200000037
2014-04-28 00:00:00,63.66900707,64.44035139958332,0.6619264788798348,63.04274263,0.6262644399999999
2014-04-28 01:00:00,62.84663436,64.32139310708332,0.6816491899859197,63.66900707,-0.8223727099999962
2014-04-28 02:00:00,64.00274294,64.25983970708333,0.6377620056714325,62.84663436,1.1561085800000015
2014-04-28 03:00:00,64.17028398,64.22444244916666,0.6169846178238269,64.00274294,0.16754103999998904
2014-04-28 04:00:00,64.29074432,64.23336881125,0.6163006931534887,64.17028398,0.12046034000000816
2014-04-28 05:00:00,62.8534311,64.17766988875,0.6777173527362209,64.29074432,-1.43731322
2014-04-28 06:00:00,64.27748755,64.16651778708332,0.6735972390259567,62.8534311,1.424056450000002
2014-04-28 07:00:00,63.93818963,64.1571604125,0.6752095569970048,64.27748755,-0.339297920000007
2014-04-28 08:00:00,64.19242071,64.13650754958333,0.6657785065305998,63.93818963,0.2542310799999967
2014-04-28 09:00:00,66.39555183,64.19437318,0.7929184884021868,64.19242071,2.203131120000009
2014-04-28 10:00:00,66.35592434,64.25640065875,0.8989785555214753,66.39555183,-0.039627490000000876
2014-04-28 11:00:00,66.93708398,64.32562803249999,1.0346173122953275,66.35592434,0.5811596399999956
2014-04-28 12:00:00,67.94603672,64.45830112375,1.270305476874243,66.93708398,1.008952739999998
2014-04-28 13:00:00,67.83616225,64.60919149375,1.4434073241308176,67.94603672,-0.10987446999999406
2014-04-28 14:00:00,68.02972643,64.76772296,1.5998373396241392,67.83616225,0.19356417999999564
2014-04-28 15:00:00,67.63528784,64.94045019666667,1.6777563252859669,68.02972643,-0.39443858999999293
2014-04-28 16:00:00,67.95345262,65.10397692291667,1.7735648057151245,67.63528784,0.3181647799999894
2014-04-28 17:00:00,67.94164899,65.22066438041666,1.8658423506012782,67.95345262,-0.01180362999998863
2014-04-28 18:00:00,66.31355879,65.31015419583333,1.864554270678955,67.94164899,-1.6280902000000026
2014-04-28 19:00:00,66.90239851,65.43835728916666,1.8638155300936248,66.31355879,0.5888397199999957
2014-04-28 20:00:00,67.92545865,65.58039899625,1.9195690817095652,66.90239851,1.0230601399999983
2014-04-28 21:00:00,66.24886617,65.64012312333334,1.9170323128855216,67.92545865,-1.6765924799999965
2014-04-28 22:00:00,66.61769712,65.76343910541667,1.8788019014737418,66.24886617,0.3688309500000031
2014-04-28 23:00:00,66.45853965,65.90576398125,1.7910701686005326,66.61769712,-0.1591574699999967
2014-04-29 00:00:00,65.70015178,65.99039501083334,1.7276490818803656,66.45853965,-0.7583878700000071
2014-04-29 01:00:00,66.15509081,66.12824736291667,1.5926127866134738,65.70015178,0.4549390300000056
2014-04-29 02:00:00,64.37093221,66.1435885825,1.572899499931399,66.15509081,-1.7841585999999978
2014-04-29 03:00:00,64.73766535,66.16722947291667,1.5459845734224686,64.37093221,0.3667331399999938
2014-04-29 04:00:00,63.71676928,66.14331384625,1.5803329668990789,64.73766535,-1.0208960699999992
2014-04-29 05:00:00,65.12909065,66.23813299416666,1.4360414595629734,63.71676928,1.4123213699999937
2014-04-29 06:00:00,64.59083625,66.25118918999999,1.418761118417204,65.12909065,-0.5382543999999996
2014-04-29 07:00:00,65.39479955,66.31188127,1.344737619812446,64.59083625,0.8039633000000066
2014-04-29 08:00:00,64.99259943,66.34522205,1.2990474109647718,65.39479955,-0.4022001200000034
2014-04-29 09:00:00,63.55132406,66.22671255958333,1.4185007540818,64.99259943,-1.4412753699999996
2014-04-29 10:00:00,63.86318351,66.12284835833333,1.497679194524944,63.55132406,0.31185945000000004
2014-04-29 11:00:00,63.4598629,65.97796414666666,1.5813410073089682,63.86318351,-0.4033206100000015
2014-04-29 12:00:00,63.08150923,65.77527550125,1.6291483866940426,63.4598629,-0.37835366999999565
2014-04-29 13:00:00,63.48047822,65.59378866666667,1.6321924942258228,63.08150923,0.3989689900000002
2014-04-29 14:00:00,64.82342973,65.46019297083333,1.5534606031100235,63.48047822,1.342951509999999
2014-04-29 15:00:00,64.45813978,65.32781180166667,1.4942934171028073,64.82342973,-0.36528995000000464
2014-04-29 16:00:00,63.80209508,65.15483857083333,1.415331315628318,64.45813978,-0.6560446999999954
2014-04-29 17:00:00,65.04887616,65.03430636958333,1.2848445397785695,63.80209508,1.2467810800000052
2014-04-29 18:00:00,65.88072103,65.01627146291666,1.269048105022284,65.04887616,0.8318448699999976
2014-04-29 19:00:00,65.4814587,64.95706563750001,1.2089504458014446,65.88072103,-0.3992623299999991
2014-04-29 20:00:00,64.19984122,64.80183157791667,1.0383849536024385,65.4814587,-1.2816174800000084
2014-04-29 21:00:00,65.87838087,64.78639469041667,1.0185011643429986,64.19984122,1.6785396500000047
2014-04-29 22:00:00,64.72572253,64.70756241583334,0.9408550727635092,65.87838087,-1.1526583400000021
2014-04-29 23:00:00,65.00936847,64.64718028333334,0.867215728045172,64.72572253,0.28364593999999954
2014-04-30 00:00:00,64.37972197,64.59216237458334,0.8389327958280473,65.00936847,-0.6296464999999927
2014-04-30 01:00:00,64.81705324,64.53641080916667,0.7723713441215608,64.37972197,0.4373312700000014
2014-04-30 02:00:00,64.01853731,64.52172768833334,0.7789752990871538,64.81705324,-0.7985159300000078
2014-04-30 03:00:00,62.59835239,64.43258964833333,0.8702450225138103,64.01853731,-1.420184919999997
2014-04-30 04:00:00,62.15358748,64.36745707333333,0.9779780652281405,62.59835239,-0.4447649100000035
2014-04-30 05:00:00,63.65464859,64.3060219875,0.9743576025045052,62.15358748,1.501061110000002
2014-04-30 06:00:00,62.66869499,64.22593276833334,1.0274779317172469,63.65464859,-0.985953600000002
2014-04-30 07:00:00,63.19330523,64.13420383833333,1.016804031075893,62.66869499,0.5246102400000012
2014-04-30 08:00:00,64.24502053,64.1030547175,1.0006873938959042,63.19330523,1.051715300000005
2014-04-30 09:00:00,65.1453243,64.16947139416668,1.0152678368524997,64.24502053,0.9003037699999936
2014-04-30 10:00:00,64.9329398,64.21404457291668,1.0246753728349256,65.1453243,-0.21238449999999887
2014-04-30 11:00:00,66.64151484,64.34661340375,1.1238734509640143,64.9329398,1.7085750399999995
2014-04-30 12:00:00,66.82120203,64.50243393708332,1.1976695604582899,66.64151484,0.17968718999999567
2014-04-30 13:00:00,67.1960497,64.65724941541667,1.2959372814888486,66.82120203,0.3748476700000083
2014-04-30 14:00:00,66.13772358,64.71201165916666,1.3305710320170092,67.1960497,-1.0583261200000038
2014-04-30 15:00:00,66.37318638,64.79180526750001,1.3714778649381236,66.13772358,0.23546280000000763
2014-04-30 16:00:00,67.38361772,64.9410353775,1.4516164872383757,66.37318638,1.0104313399999967
2014-04-30 17:00:00,67.98871109999999,65.0635285,1.5795151693151894,67.38361772,0.6050933799999854
2014-04-30 18:00:00,66.25593843,65.07916255833334,1.5897790323840353,67.98871109999999,-1.7327726699999886
2014-04-30 19:00:00,65.92849928,65.09778924916667,1.5972985801588313,66.25593843,-0.32743915000000356
2014-04-30 20:00:00,67.21492219,65.22341762291667,1.6415595031286516,65.92849928,1.2864229099999989
2014-04-30 21:00:00,66.24671438,65.2387648525,1.6496509690427168,67.21492219,-0.9682078099999956
2014-04-30 22:00:00,66.61478769,65.31747590083333,1.6690604943551999,66.24671438,0.36807330999999976
2014-04-30 23:00:00,64.84814958,65.31075844708333,1.6706780907093175,66.61478769,-1.7666381100000024
2014-05-01 00:00:00,64.94889814,65.33447412083333,1.6608983565434436,64.84814958,0.10074855999999954
2014-05-01 01:00:00,64.45625398,65.31944081833333,1.667405421489713,64.94889814,-0.49264415999999756
2014-05-01 02:00:00,63.9798679,65.31782959291667,1.6687353017949982,64.45625398,-0.4763860799999975
2014-05-01 03:00:00,64.26732464,65.38737010333334,1.5830560138444945,63.9798679,0.2874567399999961
2014-05-01 04:00:00,64.59177699,65.48896133291667,1.4381063267975398,64.26732464,0.3244523500000014
2014-05-01 05:00:00,65.37702424,65.560726985,1.3845681296113999,64.59177699,0.7852472499999976
2014-05-01 06:00:00,65.19211401,65.66586944416666,1.2440881558881276,65.37702424,-0.18491022999999984
2014-05-01 07:00:00,65.37953893,65.756962515,1.1299794811557855,65.19211401,0.187424919999998
2014-05-01 08:00:00,65.05709023,65.7907987525,1.0943334025438145,65.37953893,-0.32244869999999537
2014-05-01 09:00:00,65.87109317,65.82103912208333,1.085714974047321,65.05709023,0.8140029399999946
2014-05-01 10:00:00,66.54947805,65.8883948825,1.0783419400972705,65.87109317,0.6783848800000101
2014-05-01 11:00:00,66.4332683,65.87971794333333,1.072842247873802,66.54947805,-0.1162097500000101
2014-05-01 12:00:00,67.94196795,65.92641652333333,1.1380174574671886,66.4332683,1.5086996500000112
2014-05-01 13:00:00,67.73779434,65.94898921666667,1.1692401550895504,67.94196795,-0.20417361000001222
2014-05-01 14:00:00,67.94409258,66.02425459166666,1.238032769050894,67.73779434,0.20629824000000951
2014-05-01 15:00:00,68.59569962,66.11685931,1.34386592053864,67.94409258,0.6516070400000018
2014-05-01 16:00:00,67.76281833,66.13265933541668,1.361520121229542,68.59569962,-0.8328812900000031
2014-05-01 17:00:00,66.3713461,66.06526912708334,1.3044905816692758,67.76281833,-1.391472230000005
2014-05-01 18:00:00,66.45491031,66.07355962208332,1.3063859287169575,66.3713461,0.0835642100000058
2014-05-01 19:00:00,67.7664687,66.15014168124999,1.350635271457597,66.45491031,1.3115583900000019
2014-05-01 20:00:00,66.30486725,66.11222272541666,1.3320894632503035,67.7664687,-1.4616014500000034
2014-05-01 21:00:00,66.77500592,66.13423487291666,1.3387566993771511,66.30486725,0.4701386699999972
2014-05-01 22:00:00,66.08791142,66.112281695,1.3348480901473907,66.77500592,-0.6870945000000006
2014-05-01 23:00:00,66.23633214,66.170122635,1.3074853307229801,66.08791142,0.14842072000000428
2014-05-02 00:00:00,66.08952394,66.21764870999999,1.2816397256506342,66.23633214,-0.14680819999999528
2014-05-02 01:00:00,65.49363114,66.26087275833333,1.2363455843860174,66.08952394,-0.5958928000000014
2014-05-02 02:00:00,65.20911118,66.31209122833333,1.1609014223694865,65.49363114,-0.28451996000001145
2014-05-02 03:00:00,64.65270388,66.32814869666667,1.1337361540819957,65.20911118,-0.5564072999999894
2014-05-02 04:00:00,65.68346791,66.37363581833334,1.0817496913305498,64.65270388,1.0307640300000003
2014-05-02 05:00:00,64.53848669,66.33869675375,1.1278959835925086,65.68346791,-1.1449812200000054
2014-05-02 06:00:00,64.87436222,66.32545709583333,1.1436944666292006,64.53848669,0.3358755299999956
2014-05-02 07:00:00,65.83693065,66.34451508416667,1.1309870968533526,64.87436222,0.9625684300000046
2014-05-02 08:00:00,66.45562134,66.40278721374999,1.0972974342846074,65.83693065,0.618690689999994
2014-05-02 09:00:00,66.22132242,66.41738009916666,1.0922362028249055,66.45562134,-0.2342989199999863
2014-05-02 10:00:00,67.40617703,66.45307589,1.1105859631925266,66.22132242,1.184854609999988
2014-05-02 11:00:00,66.82972449,66.46959489791668,1.1132238718176148,67.40617703,-0.5764525399999911
2014-05-02 12:00:00,66.3484439,66.4031980625,1.0681992190793264,66.82972449,-0.48128058999999723
2014-05-02 13:00:00,66.56058031,66.35414747791667,1.0306186208823593,66.3484439,0.2121364099999994
2014-05-02 14:00:00,67.87466603,66.351254705,1.026049186541665,66.56058031,1.3140857199999942
2014-05-02 15:00:00,68.36875479999999,66.34179867083334,1.0053011039862672,67.87466603,0.4940887699999905
2014-05-02 16:00:00,68.32191349,66.3650943025,1.0453422670814385,68.36875479999999,-0.0468413099999907
2014-05-02 17:00:00,68.61482576,66.45857262166666,1.1417866684008957,68.32191349,0.2929122700000022
2014-05-02 18:00:00,67.74306346,66.51224566958334,1.17149719342512,68.61482576,-0.8717623000000003
2014-05-02 19:00:00,67.08645996,66.48391197208333,1.1478280053331216,67.74306346,-0.6566035000000028
2014-05-02 20:00:00,68.34330065,66.56884669708334,1.2078519461680124,67.08645996,1.2568406900000042
2014-05-02 21:00:00,68.30007946,66.63239142791667,1.2582354848967383,68.34330065,-0.04322118999999702
2014-05-02 22:00:00,68.22785404,66.72155570375001,1.2933077973355709,68.30007946,-0.07222542000000942
2014-05-02 23:00:00,66.69875824,66.74082345791668,1.2892027238644237,68.22785404,-1.5290957999999932
2014-05-03 00:00:00,66.4911086,66.75755615208334,1.2829729589643473,66.69875824,-0.20764963999999964
2014-05-03 01:00:00,66.35595511,66.7934863175,1.2578664584357069,66.4911086,-0.13515349000000754
2014-05-03 02:00:00,66.81821492,66.86053230666666,1.2117850218736723,66.35595511,0.46225981000000615
2014-05-03 03:00:00,65.56948969,66.89873171541666,1.152143401457747,66.81821492,-1.2487252300000051
2014-05-03 04:00:00,66.61559763,66.93757045375,1.1247818658918907,65.56948969,1.0461079399999988
2014-05-03 05:00:00,65.6976645,66.98586952916666,1.0388928953979797,66.61559763,-0.9179331299999944
2014-05-03 06:00:00,64.59377619,66.97417844458333,1.064939912126184,65.6976645,-1.103888310000002
2014-05-03 07:00:00,64.74378706,66.92863079499999,1.1366570826055744,64.59377619,0.15001087000000268
2014-05-03 08:00:00,65.25902071,66.87877243541668,1.1835825091274403,64.74378706,0.515233649999999
2014-05-03 09:00:00,64.47503572,66.80601048958333,1.275839028997054,65.25902071,-0.7839849900000075
2014-05-03 10:00:00,64.61145531,66.68956375125,1.3443769620992423,64.47503572,0.1364195900000027
2014-05-03 11:00:00,63.68596001,66.55857356458333,1.4767653353193884,64.61145531,-0.9254952999999944
2014-05-03 12:00:00,65.43821188,66.52064723041667,1.4939844412117849,63.68596001,1.752251869999995
2014-05-03 13:00:00,64.12205423,66.41904197708334,1.5720333746607655,65.43821188,-1.3161576499999939
2014-05-03 14:00:00,65.42301205,66.31688972791666,1.5528716411310262,64.12205423,1.3009578199999936
2014-05-03 15:00:00,65.95634267,66.21637255583333,1.491130192020882,65.42301205,0.533330620000001
2014-05-03 16:00:00,65.81969209,66.11211333083334,1.423452108850179,65.95634267,-0.1366505799999942
2014-05-03 17:00:00,64.85601416,65.95549618083334,1.340481534278379,65.81969209,-0.9636779300000029
2014-05-03 18:00:00,65.00620928,65.84146059,1.2975250213747704,64.85601416,0.15019511999999224
2014-05-03 19:00:00,63.94392708,65.71052172,1.3247028781083545,65.00620928,-1.0622821999999914
2014-05-03 20:00:00,65.20208745,65.57963783666666,1.2028428966381923,63.94392708,1.2581603699999917
2014-05-03 21:00:00,63.84740672,65.39410980583334,1.104355806558333,65.20208745,-1.3546807299999912
2014-05-03 22:00:00,63.75022634,65.20754198499999,0.9755200489123758,63.84740672,-0.09718038000000462
2014-05-03 23:00:00,64.87600042,65.1315937425,0.9239674389920337,63.75022634,1.1257740799999993
2014-05-04 00:00:00,64.18060217,65.03532264125,0.8961059083380295,64.87600042,-0.6953982499999967
2014-05-04 01:00:00,64.07250966,64.94017908083333,0.8706523532550224,64.18060217,-0.10809251000000586
2014-05-04 02:00:00,62.43332813,64.75747546458334,0.9181968475216691,64.07250966,-1.6391815299999948
2014-05-04 03:00:00,62.52641171,64.63068054875,1.0070058271658124,62.43332813,0.09308357999999828
2014-05-04 04:00:00,62.30957888,64.45126310083333,1.0214746196847195,62.52641171,-0.2168328300000013
2014-05-04 05:00:00,62.35436891,64.31195911791666,1.070882479995875,62.30957888,0.04479003000000148
2014-05-04 06:00:00,63.42459056,64.26324305,1.0840182403814025,62.35436891,1.0702216500000006
2014-05-04 07:00:00,63.09408094,64.194505295,1.1043356835444997,63.42459056,-0.33050962000000084
2014-05-04 08:00:00,62.58243369,64.08298083583333,1.1270757625839567,63.09408094,-0.5116472499999958
2014-05-04 09:00:00,63.37961637,64.03733836291667,1.1326750120550315,62.58243369,0.7971826799999988
2014-05-04 10:00:00,62.86781634,63.964686739166666,1.1500360107449108,63.37961637,-0.5118000300000034
2014-05-04 11:00:00,62.88417215,63.93127891166667,1.1699580482178262,62.86781634,0.016355810000000304
2014-05-04 12:00:00,62.11991599,63.793016582916664,1.1801590817834071,62.88417215,-0.7642561599999951
2014-05-04 13:00:00,62.70773678,63.734086689166666,1.19818806032142,62.11991599,0.587820789999995
2014-05-04 14:00:00,63.59298753,63.657835667499995,1.142992930491871,62.70773678,0.8852507500000044
2014-05-04 15:00:00,62.71663598,63.52284788875,1.0470114176918148,63.59298753,-0.8763515500000025
2014-05-04 16:00:00,63.60890306,63.430731679166676,0.9264617030007055,62.71663598,0.8922670800000034
2014-05-04 17:00:00,62.82802932,63.34623231083333,0.8822421078909057,63.60890306,-0.7808737400000041
2014-05-04 18:00:00,63.79858076,63.29591445583333,0.8153528565052272,62.82802932,0.9705514400000013
2014-05-04 19:00:00,63.11692463,63.26145602041667,0.8041746035861381,63.79858076,-0.6816561300000004
2014-05-04 20:00:00,62.12890815,63.13340688291667,0.7222285142037136,63.11692463,-0.9880164799999989
2014-05-04 21:00:00,61.59769629,63.03966894833332,0.769947786583328,62.12890815,-0.5312118599999991
2014-05-04 22:00:00,62.8583145,63.002505955,0.755550538660052,61.59769629,1.260618209999997
2014-05-04 23:00:00,61.41615236,62.85834561916666,0.7113204359107073,62.8583145,-1.4421621400000006
2014-05-05 00:00:00,61.49160445,62.7463040475,0.7057467536012507,61.41615236,0.07545208999999886
2014-05-05 01:00:00,61.82814205,62.65278873041667,0.6701759153663471,61.49160445,0.33653759999999977
2014-05-05 02:00:00,61.69737845,62.62212416041666,0.6969561364672368,61.82814205,-0.13076359999999454
2014-05-05 03:00:00,61.65254063,62.58571286541667,0.7244582162544839,61.69737845,-0.044837820000005024
2014-05-05 04:00:00,60.6068837,62.51476723291666,0.8285668445330732,61.65254063,-1.0456569299999998
2014-05-05 05:00:00,60.47320097,62.43638523541667,0.9274754150704229,60.6068837,-0.13368272999999675
2014-05-05 06:00:00,61.5530172,62.35840301208333,0.9194205339233117,60.47320097,1.0798162299999987
2014-05-05 07:00:00,62.01910222,62.31361223208334,0.9081380520682031,61.5530172,0.4660850200000013
2014-05-05 08:00:00,61.23608102,62.257514204166675,0.9320785422268985,62.01910222,-0.7830212000000003
2014-05-05 09:00:00,63.67999575,62.27003001166667,0.9496521191744417,61.23608102,2.443914730000003
2014-05-05 10:00:00,63.36326181,62.29067357291666,0.9684115165310018,63.67999575,-0.316733940000006
2014-05-05 11:00:00,64.13721032,62.342883496666666,1.0333970210798877,63.36326181,0.7739485099999968
2014-05-05 12:00:00,64.5332446,62.443438855416666,1.1241849299144422,64.13721032,0.3960342800000092
2014-05-05 13:00:00,64.19481423,62.50540041583333,1.179029281514395,64.5332446,-0.33843036999999754
2014-05-05 14:00:00,65.1361502,62.56969886041667,1.2787784050131814,64.19481423,0.9413359699999972
2014-05-05 15:00:00,65.97596267,62.70550413916666,1.455868419514947,65.1361502,0.8398124699999983
2014-05-05 16:00:00,65.85552001,62.79911317875,1.5831433012808833,65.97596267,-0.12044265999999482
2014-05-05 17:00:00,66.32755106,62.944926584583335,1.739373237191117,65.85552001,0.47203104999999823
2014-05-05 18:00:00,66.92969566,63.07538970541666,1.9147687685525376,66.32755106,0.6021445999999884
2014-05-05 19:00:00,67.2613918,63.248075837500004,2.0969025130490584,66.92969566,0.33169614000000536
2014-05-05 20:00:00,65.80789035,63.401366762500004,2.145441708584612,67.2613918,-1.4535014500000045
2014-05-05 21:00:00,66.20385124,63.593289885416674,2.1827767248653096,65.80789035,0.395960890000012
2014-05-05 22:00:00,66.51044071,63.74546181083334,2.2554056450253244,66.20385124,0.3065894699999916
2014-05-05 23:00:00,64.8207324,63.887319312500004,2.2091235272266854,66.51044071,-1.6897083100000003
2014-05-06 00:00:00,63.59220664,63.97484440374999,2.1509249965222565,64.8207324,-1.2285257599999966
2014-05-06 01:00:00,63.23531713,64.03347669875,2.108626850984111,63.59220664,-0.356889510000002
2014-05-06 02:00:00,62.49046863,64.06652212291667,2.0763929467574296,63.23531713,-0.7448484999999962
2014-05-06 03:00:00,62.28369414,64.09282018583333,2.048296718153076,62.49046863,-0.2067744900000008
2014-05-06 04:00:00,63.30749881,64.20534581541666,1.9185369801116676,62.28369414,1.023804669999997
2014-05-06 05:00:00,62.80276256,64.30241088166666,1.7750719630780045,63.30749881,-0.5047362500000006
2014-05-06 06:00:00,62.34187092,64.33527978666667,1.7286445239092303,62.80276256,-0.4608916399999998
2014-05-06 07:00:00,64.17473372,64.42509776583333,1.657609010448853,62.34187092,1.832862800000008
2014-05-06 08:00:00,63.97093501,64.53905001541666,1.5168782124758384,64.17473372,-0.20379871000000804
2014-05-06 09:00:00,65.0523434,64.5962311675,1.5089324215163247,63.97093501,1.08140839
2014-05-06 10:00:00,64.75464232,64.65420535541666,1.4860567710164079,65.0523434,-0.29770107999999595
2014-05-06 11:00:00,65.04876411,64.69218676333334,1.4839160787469154,64.75464232,0.2941217899999913
2014-05-06 12:00:00,65.74920338,64.7428517125,1.4989354829694483,65.04876411,0.7004392700000039
2014-05-06 13:00:00,66.40186825,64.83481229666667,1.5312058788805354,65.74920338,0.6526648700000095
2014-05-06 14:00:00,66.18664212,64.87858279333334,1.5550235841509144,66.40186825,-0.2152261300000049
2014-05-06 15:00:00,67.31747692,64.93447922041666,1.618980329942399,66.18664212,1.1308348000000024
2014-05-06 16:00:00,66.95425995,64.98026005125,1.6611433324701044,67.31747692,-0.3632169700000105
2014-05-06 17:00:00,66.93790428,65.00569143541667,1.687135347655675,66.95425995,-0.016355669999995825
2014-05-06 18:00:00,67.73969822,65.03944154208334,1.7347278177588434,66.93790428,0.801793939999996
2014-05-06 19:00:00,66.72610529,65.0171379375,1.7081554591514942,67.73969822,-1.0135929299999873
2014-05-06 20:00:00,66.08638956,65.02874207125,1.7146943520605333,66.72610529,-0.639715730000006
2014-05-06 21:00:00,66.71634147,65.05009583083334,1.7330575037720262,66.08638956,0.6299519100000026
2014-05-06 22:00:00,65.14686479999999,64.99328016791667,1.7052287333473963,66.71634147,-1.5694766700000145
2014-05-06 23:00:00,64.64265197,64.98586015,1.7063992320565329,65.14686479999999,-0.504212829999986
2014-05-07 00:00:00,65.62693199,65.07064037291666,1.684553357526179,64.64265197,0.9842800199999999
2014-05-07 01:00:00,64.08219838,65.10592709166666,1.6530115183717302,65.62693199,-1.5447336100000086
2014-05-07 02:00:00,64.54200752,65.19140787875001,1.562443710242542,64.08219838,0.4598091400000044
2014-05-07 03:00:00,65.09258433,65.30844497,1.4351870135123876,64.54200752,0.5505768099999955
2014-05-07 04:00:00,64.43853993,65.35557168333334,1.3842933774112274,65.09258433,-0.6540443999999894
2014-05-07 05:00:00,64.62081306,65.4313237875,1.284683723937699,64.43853993,0.18227312999999867
2014-05-07 06:00:00,63.29588419,65.47107434041666,1.1966791535737857,64.62081306,-1.3249288700000008
2014-05-07 07:00:00,64.71917156,65.49375925041667,1.1760185443933335,63.29588419,1.4232873700000042
2014-05-07 08:00:00,63.73179147,65.48379493624999,1.1904074033356127,64.71917156,-0.9873800900000091
2014-05-07 09:00:00,66.29709464,65.53565957125,1.1978849565022978,63.73179147,2.56530317
2014-05-07 10:00:00,67.19427577,65.637310965,1.2317604950517085,66.29709464,0.897181130000007
2014-05-07 11:00:00,67.06897531,65.72148643166666,1.2585292187207975,67.19427577,-0.1253004600000054
2014-05-07 12:00:00,68.72099133,65.84531092958333,1.399656549885845,67.06897531,1.652016020000005
2014-05-07 13:00:00,69.96068224,65.99359484583333,1.6306399733491481,68.72099133,1.239690909999993
2014-05-07 14:00:00,70.56685636,66.1761037725,1.879346788105329,69.96068224,0.6061741200000057
2014-05-07 15:00:00,69.75004488,66.27746077083334,2.0049773352345923,70.56685636,-0.8168114799999984
2014-05-07 16:00:00,69.17335133,66.36992291166666,2.087034797969871,69.75004488,-0.5766935500000017
2014-05-07 17:00:00,70.50844769,66.51869555374999,2.250169201675484,69.17335133,1.3350963599999943
2014-05-07 18:00:00,70.24540175,66.6230998675,2.3645102290598112,70.50844769,-0.2630459399999978
2014-05-07 19:00:00,70.81293524,66.79338444875,2.5146447976453565,70.24540175,0.5675334900000024
2014-05-07 20:00:00,69.94704581,66.95424512583334,2.5898110974576265,70.81293524,-0.8658894299999957
2014-05-07 21:00:00,68.86682809,67.043848735,2.6182675906572843,69.94704581,-1.0802177200000074
2014-05-07 22:00:00,68.39329009,67.17911645541668,2.5997975374937186,68.86682809,-0.4735380000000049
2014-05-07 23:00:00,66.6067577,67.26095419416667,2.5468564674614793,68.39329009,-1.7865323899999908
2014-05-08 00:00:00,66.76001378,67.30816593541667,2.5256631405143177,66.6067577,0.15325607999999136
2014-05-08 01:00:00,66.27637613,67.39959000833333,2.4421438528336727,66.76001378,-0.4836376499999915
2014-05-08 02:00:00,65.75512541,67.45013658708332,2.3924764224093744,66.27637613,-0.5212507199999976
2014-05-08 03:00:00,65.81007339,67.48003196458333,2.366073650681173,65.75512541,0.054947979999994345
2014-05-08 04:00:00,65.37270606,67.51895555333333,2.3211203399082643,65.81007339,-0.4373673300000007
2014-05-08 05:00:00,66.28889617,67.58845901625,2.254586341756565,65.37270606,0.9161901100000023
2014-05-08 06:00:00,66.23410255,67.71088478125,2.0847379079798842,66.28889617,-0.0547936199999981
2014-05-08 07:00:00,64.91234651,67.7189337375,2.073025020665294,66.23410255,-1.3217560399999968
2014-05-08 08:00:00,67.05133706,67.85724813708333,1.8988577097406782,64.91234651,2.1389905499999884
2014-05-08 09:00:00,67.83863065,67.92147880416665,1.8696366495690084,67.05133706,0.7872935900000044
2014-05-08 10:00:00,68.10943196,67.95961031208334,1.8634826381623872,67.83863065,0.27080130999999596
2014-05-08 11:00:00,69.65642273,68.06742062125001,1.8844448110000036,68.10943196,1.5469907700000078
2014-05-08 12:00:00,70.60573585,68.14595164291667,1.9509631987664713,69.65642273,0.9493131199999993
2014-05-08 13:00:00,70.62927012,68.17380947125001,1.9825205561727461,70.60573585,0.02353426999999897
2014-05-08 14:00:00,70.21115072,68.15898840291668,1.9651057322411007,70.62927012,-0.4181193999999948
2014-05-08 15:00:00,70.29113189,68.181533695,1.9871337077391016,70.21115072,0.07998116999999638
2014-05-08 16:00:00,70.64550484,68.24287342458334,2.041070250479715,70.29113189,0.35437294999999835
2014-05-08 17:00:00,71.27645212,68.27487360916666,2.0837096446700656,70.64550484,0.6309472800000009
2014-05-08 18:00:00,71.83727293,68.341201575,2.172601901404772,71.27645212,0.5608208099999956
2014-05-08 19:00:00,71.46726041,68.36846512375,2.208772183114733,71.83727293,-0.37001252000000306
2014-05-08 20:00:00,69.75939304,68.36064625833333,2.2032664590693605,71.46726041,-1.7078673699999882
2014-05-08 21:00:00,70.11417736,68.41261914458333,2.23027229764967,69.75939304,0.35478431999999316
2014-05-08 22:00:00,70.05504972,68.48185912916666,2.2553007932984794,70.11417736,-0.059127639999999815
2014-05-08 23:00:00,69.37027812,68.59700581333333,2.2257568433391746,70.05504972,-0.6847716000000048
2014-05-09 00:00:00,67.98228281,68.64793368958333,2.1956770587445242,69.37027812,-1.3879953099999938
2014-05-09 01:00:00,67.7865791,68.71085881333333,2.14583079002493,67.98228281,-0.19570371000000364
2014-05-09 02:00:00,68.43446290000001,68.82249787541667,2.05306219808341,67.7865791,0.6478838000000167
2014-05-09 03:00:00,68.07785549,68.91698879625001,1.9583931649333266,68.43446290000001,-0.3566074100000094
2014-05-09 04:00:00,67.81285784,69.01866178708333,1.8251986748205828,68.07785549,-0.264997649999998
2014-05-09 05:00:00,67.56774369,69.07194710041666,1.7595262933214977,67.81285784,-0.24511415000000625
2014-05-09 06:00:00,66.24760777,69.07250981791667,1.7585811626551593,67.56774369,-1.3201359199999985
2014-05-09 07:00:00,67.65004294,69.18658050250001,1.553875094221086,66.24760777,1.402435170000004
2014-05-09 08:00:00,67.05143804,69.18658471,1.5538690612697401,67.65004294,-0.5986049000000122
2014-05-09 09:00:00,69.05576366,69.23729858541667,1.5276027943432104,67.05143804,2.004325620000003
2014-05-09 10:00:00,70.10149255,69.32030111,1.5177431595623627,69.05576366,1.0457288900000066
2014-05-09 11:00:00,70.63274013,69.36098100166667,1.5400638159404134,70.10149255,0.5312475799999987
2014-05-09 12:00:00,71.06084806,69.37994401041666,1.5587456481808546,70.63274013,0.4281079299999959
2014-05-09 13:00:00,71.07378866,69.39846561625,1.5767727728176142,71.06084806,0.012940600000007407
2014-05-09 14:00:00,69.87334432,69.38439034958334,1.5706988566922775,71.07378866,-1.2004443400000042
2014-05-09 15:00:00,70.92486991,69.41079610041668,1.5917906978186702,69.87334432,1.0515255899999971
2014-05-09 16:00:00,71.2245648,69.43492359875,1.6155309444372972,70.92486991,0.2996948899999978
2014-05-09 17:00:00,70.78867373,69.41459949916667,1.5942849537004709,71.2245648,-0.4358910699999967
2014-05-09 18:00:00,71.99197043,69.42104522833334,1.6047838949345863,70.78867373,1.2032966999999957
2014-05-09 19:00:00,70.89590208,69.39723863125,1.5771083211512598,71.99197043,-1.096068349999996
2014-05-09 20:00:00,72.38733933,69.50673639333333,1.6904979616011457,70.89590208,1.4914372500000042
2014-05-09 21:00:00,70.14675317,69.50809371875,1.6910198873761833,72.38733933,-2.2405861600000065
2014-05-09 22:00:00,69.74583888,69.49520993375,1.6878464289423898,70.14675317,-0.4009142900000029
2014-05-09 23:00:00,69.43160284,69.49776513041667,1.6876954864486544,69.74583888,-0.3142360399999973
2014-05-10 00:00:00,68.23254059,69.50819253791667,1.6786739875483754,69.43160284,-1.1990622499999972
2014-05-10 01:00:00,69.47792142,69.57866513458333,1.6382723724368902,68.23254059,1.245380830000002
2014-05-10 02:00:00,68.91530719,69.59870031333334,1.6265694445457337,69.47792142,-0.5626142300000083
2014-05-10 03:00:00,68.35492212,69.61024475625,1.616256601856703,68.91530719,-0.5603850699999953
2014-05-10 04:00:00,68.39336374,69.63443250208333,1.5923556902996616,68.35492212,0.0384416200000004
2014-05-10 05:00:00,68.42272702,69.6700568075,1.5531915551944713,68.39336374,0.029363279999998326
2014-05-10 06:00:00,67.0775277,69.70463680458333,1.481254510822306,68.42272702,-1.3451993199999919
2014-05-10 07:00:00,66.90356792,69.67353367874999,1.5331986532203075,67.0775277,-0.17395978000000412
2014-05-10 08:00:00,66.37013021,69.6451458525,1.589145307961062,66.90356792,-0.5334377100000012
2014-05-10 09:00:00,68.21760218,69.6102224575,1.6117104436963183,66.37013021,1.8474719700000009
2014-05-10 10:00:00,67.53453251,69.50326578916666,1.6620787365603145,68.21760218,-0.6830696699999947
2014-05-10 11:00:00,67.42839785,69.36975152749999,1.695764172935049,67.53453251,-0.10613466000000926
2014-05-10 12:00:00,66.96098515,69.19892390625,1.7242660586792065,67.42839785,-0.467412699999997
2014-05-10 13:00:00,67.33616722,69.04318967958334,1.7163385977433296,66.96098515,0.37518206999999393
2014-05-10 14:00:00,66.84359334,68.91695005541666,1.7634009987305184,67.33616722,-0.4925738799999948
2014-05-10 15:00:00,65.89084398,68.707198975,1.81287777895691,66.84359334,-0.9527493599999985
2014-05-10 16:00:00,66.81261725,68.52336782708333,1.7696886263356222,65.89084398,0.9217732700000028
2014-05-10 17:00:00,65.32919958,68.29588973749999,1.8161179260849873,66.81261725,-1.4834176700000086
2014-05-10 18:00:00,65.92892671,68.04326291583332,1.6974450547136266,65.32919958,0.5997271300000051
2014-05-10 19:00:00,66.58894429,67.86380634125,1.6080630258763622,65.92892671,0.6600175800000017
2014-05-10 20:00:00,65.10538195,67.56039145041667,1.3895891496003827,66.58894429,-1.483562340000006
2014-05-10 21:00:00,65.63011787,67.37219831291667,1.328593952601877,65.10538195,0.5247359200000119
2014-05-10 22:00:00,65.81492917,67.20841040833334,1.2639793213041102,65.63011787,0.18481129999999268
2014-05-10 23:00:00,65.57018764,67.04751810833334,1.2134342737690251,65.81492917,-0.24474152999999887
2014-05-11 00:00:00,63.91974669,66.8678183625,1.3427646810744127,65.57018764,-1.6504409500000037
2014-05-11 01:00:00,64.51176296,66.66089509333334,1.3051759182805778,63.91974669,0.592016270000002
2014-05-11 02:00:00,64.43387227,66.47416863833332,1.2890945656998773,64.51176296,-0.07789069000000381
2014-05-11 03:00:00,64.33383818,66.30662347416667,1.2953203066607628,64.43387227,-0.10003408999999408
2014-05-11 04:00:00,64.57554395,66.14754764958333,1.261908261294348,64.33383818,0.24170576999999582
2014-05-11 05:00:00,65.03499427,66.00639211833332,1.1833743796782912,64.57554395,0.45945032000000197
2014-05-11 06:00:00,63.11467108,65.8412730925,1.298309926850176,65.03499427,-1.9203231899999977
2014-05-11 07:00:00,63.87061555,65.71490007708333,1.337433246351912,63.11467108,0.7559444699999958
2014-05-11 08:00:00,64.64784774,65.6431383075,1.3469194637089141,63.87061555,0.7772321900000065
2014-05-11 09:00:00,63.64523071,65.45262282958333,1.2890690938581681,64.64784774,-1.0026170300000032
2014-05-11 10:00:00,64.05141919,65.30749310791667,1.2396107456450032,63.64523071,0.4061884800000044
2014-05-11 11:00:00,62.7828001,65.113926535,1.2566208282902478,64.05141919,-1.2686190900000014
2014-05-11 12:00:00,63.82347474,64.98319693458333,1.218742771053747,62.7828001,1.0406746399999989
2014-05-11 13:00:00,63.58691465,64.8269780775,1.1418922466617554,63.82347474,-0.23656009000000466
2014-05-11 14:00:00,62.08829654,64.62884071083333,1.1883775792505171,63.58691465,-1.4986181099999953
2014-05-11 15:00:00,63.01928506,64.50919242249999,1.2002896255924995,62.08829654,0.9309885199999997
2014-05-11 16:00:00,63.90711168,64.38812969041668,1.1002168976708222,63.01928506,0.8878266199999985
2014-05-11 17:00:00,63.07839314,64.29434608875,1.1123747543370188,63.90711168,-0.828718539999997
2014-05-11 18:00:00,62.69840054,64.15974083166667,1.1013830681695584,63.07839314,-0.37999260000000135
2014-05-11 19:00:00,61.72789308,63.95719703125,1.0820332210758679,62.69840054,-0.9705074600000003
2014-05-11 20:00:00,62.289274,63.8398592,1.1045657839735776,61.72789308,0.5613809199999977
2014-05-11 21:00:00,63.08826676,63.73394873708333,1.0457401081760502,62.289274,0.7989927600000044
2014-05-11 22:00:00,61.55557216,63.55647552833333,1.0386255087777208,63.08826676,-1.5326946000000063
2014-05-11 23:00:00,63.00932675,63.44977299125,0.9505644262638625,61.55557216,1.4537545900000026
2014-05-12 00:00:00,62.18412627,63.37745547375,0.9788556615273923,63.00932675,-0.8252004799999995
2014-05-12 01:00:00,62.39660826,63.28932402791667,0.9674403583882052,62.18412627,0.21248199000000056
2014-05-12 02:00:00,61.14767562,63.1523991675,1.029000035681536,62.39660826,-1.2489326399999996
2014-05-12 03:00:00,61.13299926,63.01903087916667,1.0755914879752135,61.14767562,-0.01467636000000283
2014-05-12 04:00:00,62.20171526,62.92012135041667,1.034599475783486,61.13299926,1.068716000000002
2014-05-12 05:00:00,61.03856972,62.753603660833335,1.000460403166102,62.20171526,-1.1631455400000021
2014-05-12 06:00:00,62.82075925,62.741357334583334,0.9976434030686864,61.03856972,1.7821895300000037
2014-05-12 07:00:00,62.2872788,62.67538497,0.9717360305802549,62.82075925,-0.533480449999999
2014-05-12 08:00:00,61.74042901,62.55424252291667,0.8932002173521608,62.2872788,-0.5468497900000031
2014-05-12 09:00:00,64.34959977,62.583591233750006,0.9409045727806885,61.74042901,2.609170759999998
2014-05-12 10:00:00,66.00850439,62.66513645041666,1.13784412527776,64.34959977,1.6589046200000013
2014-05-12 11:00:00,65.98530817,62.79857428666667,1.3246855671954625,66.00850439,-0.023196220000002654
2014-05-12 12:00:00,67.03067426,62.9322076,1.5713726088055118,65.98530817,1.0453660900000017
2014-05-12 13:00:00,68.11149661,63.12073184833333,1.892034481898745,67.03067426,1.0808223500000054
2014-05-12 14:00:00,68.18592974,63.37479989833333,2.1404628338899645,68.11149661,0.07443313000000273
2014-05-12 15:00:00,69.09194409999999,63.62782735833333,2.4352409382193145,68.18592974,0.9060143599999861
2014-05-12 16:00:00,70.46158593,63.90093045208334,2.807066960006249,69.09194409999999,1.3696418300000062
2014-05-12 17:00:00,68.55542525,64.12914012333333,2.955975639791021,70.46158593,-1.9061606799999993
2014-05-12 18:00:00,68.18348692,64.35768538916666,3.051060665731265,68.55542525,-0.3719383299999919
2014-05-12 19:00:00,68.79946301,64.65233413625,3.1265781330058164,68.18348692,0.6159760899999895
2014-05-12 20:00:00,68.94392853,64.92961140833334,3.202070211321706,68.79946301,0.14446551999999713
2014-05-12 21:00:00,68.37912217,65.15006371708333,3.2515349336548867,68.94392853,-0.5648063599999915
2014-05-12 22:00:00,68.03272736,65.41994518375,3.208740391824848,68.37912217,-0.3463948100000067
2014-05-12 23:00:00,66.7522962,65.57590224416667,3.177288139782584,68.03272736,-1.280431159999992
2014-05-13 00:00:00,65.70093962,65.72243613375,3.094067507069547,66.7522962,-1.0513565800000038
2014-05-13 01:00:00,65.23145055,65.8405545625,3.014673712689567,65.70093962,-0.4694890699999945
2014-05-13 02:00:00,65.58334605,66.02537416375,2.845692162087118,65.23145055,0.3518954999999977
2014-05-13 03:00:00,64.43826513,66.163093575,2.6733918602787226,65.58334605,-1.145080919999998
2014-05-13 04:00:00,64.76745107,66.26999923375,2.5568540542438263,64.43826513,0.3291859400000021
2014-05-13 05:00:00,63.63936741,66.37836580416666,2.3740727303513585,64.76745107,-1.1280836600000086
2014-05-13 06:00:00,64.99365642,66.46890318624999,2.2717281090183796,63.63936741,1.3542890099999951
2014-05-13 07:00:00,65.42791053,66.59976284166667,2.104693709480419,64.99365642,0.4342541100000119
2014-05-13 08:00:00,64.54368408,66.71656513625,1.890144082486258,65.42791053,-0.8842264499999999
2014-05-13 09:00:00,65.7424681,66.77460131666668,1.834883366061593,64.54368408,1.1987840199999908
2014-05-13 10:00:00,68.2490268,66.86795641708333,1.851135868130524,65.7424681,2.5065586999999994
2014-05-13 11:00:00,68.81523729,66.98587013041667,1.8823359616891264,68.2490268,0.5662104900000031
2014-05-13 12:00:00,69.61897566,67.09371602208334,1.9576543097475176,68.81523729,0.8037383700000049
2014-05-13 13:00:00,69.27540087,67.14221203291667,1.997964897804637,69.61897566,-0.34357479000000524
2014-05-13 14:00:00,69.46898521,67.1956726775,2.0437476195845488,69.27540087,0.19358434000000102
2014-05-13 15:00:00,70.39851654,67.25011319583334,2.1126948859702805,69.46898521,0.9295313300000032
2014-05-13 16:00:00,70.72748205,67.26119220083332,2.1308869742219754,70.39851654,0.3289655100000033
2014-05-13 17:00:00,70.07376172,67.32445622041666,2.1926267339835372,70.72748205,-0.653720330000013
2014-05-13 18:00:00,70.43111508,67.41810739375,2.2772788718873778,70.07376172,0.3573533600000047
2014-05-13 19:00:00,69.18648323,67.43423323625,2.288826803337036,70.43111508,-1.2446318500000046
2014-05-13 20:00:00,69.33720712,67.45061984416667,2.3014780916006683,69.18648323,0.15072389000000896
2014-05-13 21:00:00,68.52452572,67.45667832541666,2.304218330887004,69.33720712,-0.8126814000000024
2014-05-13 22:00:00,68.66320083,67.48294805333333,2.3146415853113225,68.52452572,0.1386751099999941
2014-05-13 23:00:00,67.39728285,67.50982249708333,2.3095281196293187,68.66320083,-1.2659179799999976
2014-05-14 00:00:00,68.3111207,67.61858004208334,2.2819357512387484,67.39728285,0.9138378500000073
2014-05-14 01:00:00,67.1601394,67.6989420775,2.227526362725434,68.3111207,-1.150981299999998
2014-05-14 02:00:00,66.97372975,67.75687473166666,2.187839243488199,67.1601394,-0.18640965000000165
2014-05-14 03:00:00,66.48481188,67.84214751291667,2.090591680861097,66.97372975,-0.48891787000000875
2014-05-14 04:00:00,64.8808456,67.846872285,2.083456652130106,66.48481188,-1.6039662799999945
2014-05-14 05:00:00,64.70801495,67.89139926583333,1.9993471949594814,64.8808456,-0.17283064999999453
2014-05-14 06:00:00,64.5459563,67.87274509416667,2.029421370735952,64.70801495,-0.16205865000000585
2014-05-14 07:00:00,65.67840491,67.88318235999999,2.016906516568578,64.5459563,1.1324486099999973
2014-05-14 08:00:00,65.05875661,67.90464371541667,1.9822697960734346,65.67840491,-0.6196482999999944
2014-05-14 09:00:00,67.03858825,67.95864872166668,1.9379628840867607,65.05875661,1.9798316400000004
2014-05-14 10:00:00,69.05639384,67.992289015,1.9501913849743389,67.03858825,2.0178055899999947
2014-05-14 11:00:00,68.99189609999999,67.99964979875,1.9537626818237719,69.05639384,-0.0644977400000073
2014-05-14 12:00:00,69.97788528,68.01460436625,1.9680178753234578,68.99189609999999,0.9859891800000042
2014-05-14 13:00:00,70.175432,68.05210566333334,2.001379808040609,69.97788528,0.1975467200000054
2014-05-14 14:00:00,68.16664370000001,67.99784143375,1.9788214200040364,70.175432,-2.008788299999992
2014-05-14 15:00:00,68.57300267,67.92177835583334,1.9166388396755836,68.16664370000001,0.4063589699999852
2014-05-14 16:00:00,69.83526008,67.88460244041666,1.8678850174216084,68.57300267,1.2622574100000037
2014-05-14 17:00:00,70.27480031,67.89297904833334,1.878549574215003,69.83526008,0.43954023000000575
2014-05-14 18:00:00,70.20609040000001,67.88360302,1.8658493267865561,70.27480031,-0.06870990999999549
2014-05-14 19:00:00,69.40921677,67.89288358416667,1.8731511315320586,70.20609040000001,-0.7968736300000074
2014-05-14 20:00:00,70.27798951,67.93208285041668,1.9140870287988885,69.40921677,0.8687727399999972
2014-05-14 21:00:00,68.30333556,67.92286659375,1.9116413618206127,70.27798951,-1.974653950000004
2014-05-14 22:00:00,68.09324242,67.89911832666667,1.905574997433402,68.30333556,-0.2100931399999979
2014-05-14 23:00:00,68.36429597,67.93941054,1.9047259066160094,68.09324242,0.27105355000000486
2014-05-15 00:00:00,67.72416061,67.91495386958333,1.903513535367578,68.36429597,-0.6401353600000022
2014-05-15 01:00:00,67.8085136,67.94196946125,1.8969246891997416,67.72416061,0.0843529899999993
2014-05-15 02:00:00,68.26962214,67.99596497750001,1.8865811166170308,67.8085136,0.4611085399999979
2014-05-15 03:00:00,66.64600393,68.00268131291666,1.8812468072606907,68.26962214,-1.6236182099999894
2014-05-15 04:00:00,67.56801604,68.11464674791667,1.7636580699841407,66.64600393,0.9220121099999972
2014-05-15 05:00:00,67.36462946,68.22533901916667,1.6178969730126074,67.56801604,-0.2033865800000001
2014-05-15 06:00:00,64.81152604,68.236404425,1.5923445576610273,67.36462946,-2.5531034199999993
2014-05-15 07:00:00,66.53328753,68.27202453416668,1.5413813963065481,64.81152604,1.7217614899999916
2014-05-15 08:00:00,67.08670333,68.35652231416667,1.4073292716441976,66.53328753,0.5534158000000104
2014-05-15 09:00:00,66.85800575,68.34899804333334,1.4151430033279402,67.08670333,-0.22869758000000218
2014-05-15 10:00:00,69.47031702,68.3662448425,1.4266149070789964,66.85800575,2.612311269999992
2014-05-15 11:00:00,70.77703377,68.44062557875,1.5050346817330778,69.47031702,1.3067167500000068
2014-05-15 12:00:00,71.07003789,68.4861319375,1.5687009007598944,70.77703377,0.293004119999992
2014-05-15 13:00:00,70.78202725,68.51140673958334,1.6016429998861923,71.07003789,-0.288010639999996
2014-05-15 14:00:00,70.7083186,68.61730986041667,1.6607931021034161,70.78202725,-0.07370865000000038
2014-05-15 15:00:00,70.96353620000002,68.71691542416666,1.728332700124919,70.7083186,0.255217600000023
2014-05-15 16:00:00,70.2180453,68.73286480833333,1.740822783475464,70.96353620000002,-0.7454909000000214
2014-05-15 17:00:00,71.14732103,68.76921983833333,1.7830236214612463,70.2180453,0.9292757300000005
2014-05-15 18:00:00,71.78243404,68.83490082333333,1.8653862102619116,71.14732103,0.6351130099999978
2014-05-15 19:00:00,70.94431125,68.89886309333333,1.9116791710879315,71.78243404,-0.8381227899999999
2014-05-15 20:00:00,70.25408586,68.89786710791667,1.910935487835623,70.94431125,-0.6902253899999948
2014-05-15 21:00:00,69.97385592,68.96747212291667,1.9187464165886063,70.25408586,-0.2802299399999981
2014-05-15 22:00:00,71.20814017,69.09725952916666,1.961904142508359,69.97385592,1.2342842499999875
2014-05-15 23:00:00,70.28109027,69.17712595833333,1.9697681722862497,71.20814017,-0.9270498999999859
2014-05-16 00:00:00,68.42534022,69.20634177541667,1.9524041029322154,70.28109027,-1.8557500500000117
2014-05-16 01:00:00,68.14026632,69.22016480541667,1.9432300363639639,68.42534022,-0.28507390000000044
2014-05-16 02:00:00,68.31516842,69.22206256708334,1.942283383591935,68.14026632,0.17490210000001127
2014-05-16 03:00:00,68.80554576,69.31204347666666,1.8662888037938743,68.31516842,0.4903773399999949
2014-05-16 04:00:00,68.70805438,69.35954507416666,1.8342016053374033,68.80554576,-0.09749138000000812
2014-05-16 05:00:00,68.21126844,69.39482169833333,1.8020252076041652,68.70805438,-0.4967859399999952
2014-05-16 06:00:00,67.02311979,69.48697143791667,1.6030182752153446,68.21126844,-1.1881486500000022
2014-05-16 07:00:00,68.13634615,69.55376554708333,1.5049948685962258,67.02311979,1.1132263599999987
2014-05-16 08:00:00,68.50810021,69.61299041708334,1.4297773879981024,68.13634615,0.37175406000000066
2014-05-16 09:00:00,68.78472332,69.69327031583333,1.318092609056171,68.50810021,0.2766231100000027
2014-05-16 10:00:00,70.26313322,69.72630432416666,1.3221904184309081,68.78472332,1.4784099000000026
2014-05-16 11:00:00,69.48894493,69.67263395583333,1.3036985426211651,70.26313322,-0.7741882899999979
2014-05-16 12:00:00,69.78809126,69.61921951291667,1.2697758384766245,69.48894493,0.29914632999999924
2014-05-16 13:00:00,69.96723012,69.5852696325,1.248040776291948,69.78809126,0.1791388599999948
2014-05-16 14:00:00,69.74249505,69.54502698458333,1.225624002117713,69.96723012,-0.22473506999999415
2014-05-16 15:00:00,70.69057352,69.53365353958334,1.2130907421450836,69.74249505,0.9480784699999987
2014-05-16 16:00:00,70.63243838,69.55091991791666,1.2261344595339556,70.69057352,-0.058135140000004526
2014-05-16 17:00:00,70.67548445,69.53126006041667,1.20298910385637,70.63243838,0.0430460700000026
2014-05-16 18:00:00,71.48839758,69.51900854125,1.1803500700845238,70.67548445,0.8129131299999983
2014-05-16 19:00:00,70.21791457,69.48874201291666,1.1511657785380174,71.48839758,-1.2704830099999924
2014-05-16 20:00:00,69.93428517,69.47541698416667,1.1437485488655728,70.21791457,-0.28362940000000947
2014-05-16 21:00:00,70.22321349,69.48580688291666,1.1495909391797436,69.93428517,0.2889283200000108
2014-05-16 22:00:00,70.68873242,69.46416489333333,1.120272121640483,70.22321349,0.46551892999998756
2014-05-16 23:00:00,68.72204475,69.39920466333332,1.1160356993395841,70.68873242,-1.9666876699999989
2014-05-17 00:00:00,69.45225691,69.44199285875,1.0965912275039786,68.72204475,0.7302121600000078
2014-05-17 01:00:00,68.41224787,69.45332542333333,1.0838856003563997,69.45225691,-1.040009040000001
2014-05-17 02:00:00,68.36748732,69.45550537749999,1.0815470571440262,68.41224787,-0.04476055000000656
2014-05-17 03:00:00,67.63648402,69.40679447166667,1.1369975332678857,68.36748732,-0.7310032999999976
2014-05-17 04:00:00,67.66201157,69.36320935458333,1.1840240109384765,67.63648402,0.025527550000006727
2014-05-17 05:00:00,65.90307781,69.267034745,1.3620245296816686,67.66201157,-1.758933760000005
2014-05-17 06:00:00,66.21437481,69.2333370375,1.4283446537735078,65.90307781,0.31129699999999616
2014-05-17 07:00:00,65.82644339,69.13709108916667,1.5756998567314071,66.21437481,-0.387931420000001
2014-05-17 08:00:00,65.50506941,69.01196480583333,1.7386312051713124,65.82644339,-0.32137397999998996
2014-05-17 09:00:00,65.74501564,68.88531031916666,1.862228799025033,65.50506941,0.23994623000000104
2014-05-17 10:00:00,65.36640537,68.68127999208333,1.969846886661244,65.74501564,-0.37861027000001
2014-05-17 11:00:00,65.90704699,68.53203424458333,2.040420762988827,65.36640537,0.5406416200000024
2014-05-17 12:00:00,63.77248723,68.28138407666667,2.23921652514046,65.90704699,-2.134559759999995
2014-05-17 13:00:00,64.55949992,68.056061985,2.332342996091671,63.77248723,0.7870126899999903
2014-05-17 14:00:00,64.5256338,67.83869276624999,2.4101400844645173,64.55949992,-0.033866119999999
2014-05-17 15:00:00,64.67400160000001,67.58800226958333,2.413508893853662,64.5256338,0.14836780000001681
2014-05-17 16:00:00,62.79405286,67.26140287291666,2.5119620504428606,64.67400160000001,-1.8799487400000103
2014-05-17 17:00:00,64.31443601,66.99635918791667,2.4713280344877377,62.79405286,1.5203831499999936
2014-05-17 18:00:00,62.55982025,66.62433513250001,2.4375188304941684,64.31443601,-1.754615759999993
2014-05-17 19:00:00,62.74968304,66.31315881875001,2.435512927262628,62.55982025,0.1898627899999994
2014-05-17 20:00:00,62.73063243,66.01300662125,2.41363320858358,62.74968304,-0.019050610000000745
2014-05-17 21:00:00,63.65406403,65.73929206041667,2.2844472028491576,62.73063243,0.9234316000000007
2014-05-17 22:00:00,63.42070867,65.43645773749999,2.071629683353516,63.65406403,-0.23335535999999735
2014-05-17 23:00:00,61.94114934,65.15392042875,2.0664418313144233,63.42070867,-1.4795593300000007
2014-05-18 00:00:00,62.89319989,64.88062638625,1.900306520023731,61.94114934,0.9520505499999956
2014-05-18 01:00:00,61.96136235,64.61183948958333,1.8341285185661216,62.89319989,-0.9318375399999965
2014-05-18 02:00:00,61.33631343,64.31887391083333,1.7685282401540363,61.96136235,-0.6250489200000047
2014-05-18 03:00:00,61.95426535,64.08211479958332,1.6833770264145809,61.33631343,0.617951920000003
2014-05-18 04:00:00,61.38195858,63.820445925,1.588112459404688,61.95426535,-0.5723067699999973
2014-05-18 05:00:00,62.38443786,63.67383592708333,1.549435002551903,61.38195858,1.0024792799999958
2014-05-18 06:00:00,61.0947659,63.46051888916666,1.5368288581851677,62.38443786,-1.2896719599999997
2014-05-18 07:00:00,61.36331427,63.274555175833335,1.5078501253487722,61.0947659,0.26854836999999776
2014-05-18 08:00:00,60.59300743,63.069885926666664,1.5251975287451685,61.36331427,-0.7703068399999964
2014-05-18 09:00:00,60.43062383,62.84845293458333,1.5055814461243755,60.59300743,-0.1623835999999983
2014-05-18 10:00:00,60.58242408,62.64912038083333,1.4740809279029996,60.43062383,0.15180025000000086
2014-05-18 11:00:00,60.31117133,62.415958894999996,1.3756297004947124,60.58242408,-0.27125275000000215
2014-05-18 12:00:00,59.76775547,62.249095071666666,1.4450632614395427,60.31117133,-0.5434158600000032
2014-05-18 13:00:00,59.86404445,62.05345109375,1.4364908692086276,59.76775547,0.09628898000000419
2014-05-18 14:00:00,60.24787212,61.875211023750005,1.3807149684513316,59.86404445,0.3838276699999952
2014-05-18 15:00:00,60.87471092,61.71690724541667,1.2582411404449596,60.24787212,0.6268388000000016
2014-05-18 16:00:00,60.28561460000001,61.61238898458333,1.269013756223624,60.87471092,-0.5890963199999888
2014-05-18 17:00:00,59.52889185,61.41299131125,1.200086624070165,60.28561460000001,-0.7567227500000087
2014-05-18 18:00:00,59.31666076,61.277859665833326,1.2470123166012717,59.52889185,-0.21223109000000306
2014-05-18 19:00:00,59.14006513,61.127458919583326,1.2790438975660146,59.31666076,-0.17659562999999423
2014-05-18 20:00:00,59.33578729,60.986007038749996,1.281755596442626,59.14006513,0.19572215999999543
2014-05-18 21:00:00,58.5039748,60.771419987499996,1.2462718991380053,59.33578729,-0.8318124899999972
2014-05-18 22:00:00,59.10760819,60.59170746750001,1.155287934923982,58.5039748,0.6036333899999988
2014-05-18 23:00:00,58.16034228,60.43417384,1.2192801501749784,59.10760819,-0.9472659099999987
2014-05-19 00:00:00,58.42363855,60.2479421175,1.1676040662423208,58.16034228,0.2632962699999979
2014-05-19 01:00:00,57.8619057,60.07713142375001,1.2052965129456177,58.42363855,-0.5617328499999985
2014-05-19 02:00:00,58.63929497,59.964755654583335,1.208516293961124,57.8619057,0.7773892700000005
2014-05-19 03:00:00,59.07469099,59.84477338958334,1.143608628302247,58.63929497,0.4353960199999989
2014-05-19 04:00:00,60.49092523,59.807646999999996,1.1053590606613506,59.07469099,1.4162342400000014
2014-05-19 05:00:00,59.71185823,59.69628951541666,0.9594731712498663,60.49092523,-0.7790670000000048
2014-05-19 06:00:00,60.37589367,59.666336505833335,0.9245006842216413,59.71185823,0.6640354400000064
2014-05-19 07:00:00,60.17109245,59.61666059666667,0.8590681295086263,60.37589367,-0.20480122000000023
2014-05-19 08:00:00,60.29668226,59.604313714583334,0.8464625317954303,60.17109245,0.12558980999999392
2014-05-19 09:00:00,62.032778,59.671070138333334,0.9687995508537686,60.29668226,1.7360957400000032
2014-05-19 10:00:00,63.30565358,59.78453803416667,1.2097035348293204,62.032778,1.2728755799999973
2014-05-19 11:00:00,66.46108503,60.04078443833333,1.8223353943419962,63.30565358,3.155431450000009
2014-05-19 12:00:00,68.26175947,60.39470127166666,2.4749577011194144,66.46108503,1.8006744399999945
2014-05-19 13:00:00,70.71157984,60.846681912916665,3.2446482360651347,68.26175947,2.4498203699999976
2014-05-19 14:00:00,71.27550282,61.30616652541667,3.8756361372283337,70.71157984,0.563922980000001
2014-05-19 15:00:00,72.16832368,61.77673372375,4.462202011311362,71.27550282,0.8928208600000005
2014-05-19 16:00:00,71.18424703,62.230843408333335,4.842238846160777,72.16832368,-0.9840766500000058
2014-05-19 17:00:00,72.14062818,62.756332422083325,5.206865597695295,71.18424703,0.9563811499999986
2014-05-19 18:00:00,71.21197512,63.25197052041667,5.426721792125908,72.14062818,-0.9286530599999878
2014-05-19 19:00:00,69.21714746,63.67184895083333,5.484280052148267,71.21197512,-1.9948276599999986
2014-05-19 20:00:00,68.35285951,64.04756029333333,5.483180407225995,69.21714746,-0.8642879500000049
2014-05-19 21:00:00,65.94373646,64.35755036249999,5.365181796830233,68.35285951,-2.409123050000005
2014-05-19 22:00:00,63.16581259,64.5266422125,5.255354115458893,65.94373646,-2.777923869999995
2014-05-19 23:00:00,63.4757356,64.74811693416667,5.084625516694958,63.16581259,0.30992300999999856
2014-05-20 00:00:00,63.46895245,64.95833834666666,4.913181846769538,63.4757356,-0.006783149999996851
2014-05-20 01:00:00,61.42920712,65.10697590583332,4.740071365713326,63.46895245,-2.0397453300000024
2014-05-20 02:00:00,61.67708270000001,65.23355039458333,4.598294225244564,61.42920712,0.24787558000000587
2014-05-20 03:00:00,61.78693595,65.34656060125,4.471942558085782,61.67708270000001,0.10985324999999335
2014-05-20 04:00:00,60.88555024,65.36300331,4.454002330417452,61.78693595,-0.9013857099999996
2014-05-20 05:00:00,61.49993807,65.43750663666667,4.369517732329374,60.88555024,0.6143878299999983
2014-05-20 06:00:00,61.05565421,65.4658299925,4.337366520524021,61.49993807,-0.44428385999999875
2014-05-20 07:00:00,61.47083928,65.51998611041667,4.276063445525966,61.05565421,0.4151850699999997
2014-05-20 08:00:00,62.30626718,65.60371881541667,4.188106066939023,61.47083928,0.8354278999999991
2014-05-20 09:00:00,62.87057976,65.63862722208334,4.16044798124535,62.30626718,0.5643125799999993
2014-05-20 10:00:00,63.4008645,65.64259434374999,4.158171465708279,62.87057976,0.530284739999999
2014-05-20 11:00:00,67.54217170000001,65.68763962166668,4.173251979070174,63.4008645,4.141307200000014
2014-05-20 12:00:00,69.71421777,65.7481587175,4.2224455873998386,67.54217170000001,2.1720460699999933
2014-05-20 13:00:00,69.51084605,65.69812814291667,4.167838916127742,69.71421777,-0.20337172000000692
2014-05-20 14:00:00,71.30924261,65.69953396749999,4.1698072009963285,69.51084605,1.7983965600000005
2014-05-20 15:00:00,71.54100964,65.6733958825,4.129264167790792,71.30924261,0.23176703000000032
2014-05-20 16:00:00,72.16153754,65.71411632041666,4.190338915164002,71.54100964,0.620527899999999
2014-05-20 17:00:00,70.88654096,65.66186268625,4.113836760445141,72.16153754,-1.2749965799999927
2014-05-20 18:00:00,70.91172121,65.64935210666667,4.096645110162663,70.88654096,0.025180249999991133
2014-05-20 19:00:00,72.16415303,65.77214400541668,4.249547933123809,70.91172121,1.2524318199999982
2014-05-20 20:00:00,70.52750726,65.86275432833334,4.329401340574537,72.16415303,-1.6366457700000012
2014-05-20 21:00:00,67.87157133,65.94308078125,4.348809925976752,70.52750726,-2.6559359299999983
2014-05-20 22:00:00,68.33303676,66.15838178833333,4.333216303057498,67.87157133,0.46146543000000406
2014-05-20 23:00:00,66.90035458,66.30107424583333,4.297273285733732,68.33303676,-1.4326821800000005
2014-05-21 00:00:00,66.99561858,66.44801866791667,4.25632052247927,66.90035458,0.09526400000000024
2014-05-21 01:00:00,65.40626786,66.61372953208333,4.127910378787993,66.99561858,-1.5893507199999988
2014-05-21 02:00:00,64.32359927,66.72400105583334,4.024350843951063,65.40626786,-1.0826685899999973
2014-05-21 03:00:00,63.56365044,66.79803082625,3.9451448854189874,64.32359927,-0.759948829999999
2014-05-21 04:00:00,64.11854793,66.93273906333333,3.786489473911609,63.56365044,0.5548974900000019
2014-05-21 05:00:00,62.70245453,66.98284391583333,3.718825708876034,64.11854793,-1.4160934000000083
2014-05-21 06:00:00,62.74071071,67.05305460333334,3.616556699948634,62.70245453,0.03825618000000475
2014-05-21 07:00:00,64.71093807,67.18805871958334,3.4560284421424963,62.74071071,1.9702273599999955
2014-05-21 08:00:00,65.83512160000001,67.33509432041667,3.3113423825992636,64.71093807,1.1241835300000105
2014-05-21 09:00:00,66.70320421,67.49478700583333,3.176339740488973,65.83512160000001,0.8680826099999877
2014-05-21 10:00:00,68.58472225,67.71078107875,3.0599670372272096,66.70320421,1.8815180400000031
2014-05-21 11:00:00,71.45729537,67.87391123166667,3.153517192196826,68.58472225,2.8725731199999984
2014-05-21 12:00:00,71.66573622,67.95522450041666,3.2273286161143715,71.45729537,0.20844085000000234
2014-05-21 13:00:00,72.395749,68.07542879,3.339561749647119,71.66573622,0.7300127799999956
2014-05-21 14:00:00,73.90430952,68.18355657791666,3.487550352018706,72.395749,1.5085605200000032
2014-05-21 15:00:00,74.74593843,68.3170952775,3.677863002014506,73.90430952,0.8416289099999972
2014-05-21 16:00:00,74.30063758,68.40622444583333,3.7990041028227384,74.74593843,-0.4453008499999953
2014-05-21 17:00:00,72.59432304,68.4773820325,3.862937709307248,74.30063758,-1.706314539999994
2014-05-21 18:00:00,72.22398046,68.53205950125,3.907917602316704,72.59432304,-0.3703425799999991
2014-05-21 19:00:00,72.32603021,68.53880438374999,3.914592977809926,72.22398046,0.10204974999999195
2014-05-21 20:00:00,73.63394052,68.66823910291667,4.032780198542691,72.32603021,1.307910309999997
2014-05-21 21:00:00,71.85085806,68.83404271666666,4.080126142285105,73.63394052,-1.7830824600000028
2014-05-21 22:00:00,70.92319988,68.94196618,4.100503182590648,71.85085806,-0.9276581799999946
2014-05-21 23:00:00,69.67101298,69.05741028,4.079473437919961,70.92319988,-1.252186899999998
2014-05-22 00:00:00,69.59055937,69.16553281291667,4.056776791734462,69.67101298,-0.08045361000000639
2014-05-22 01:00:00,68.10096848,69.27781200541666,3.9848612326284907,69.59055937,-1.4895908899999881
2014-05-22 02:00:00,67.59063877,69.41393865125,3.8621763214069076,68.10096848,-0.5103297100000077
2014-05-22 03:00:00,67.28802796,69.56912104791667,3.6877765355320276,67.59063877,-0.30261081000000445
2014-05-22 04:00:00,65.50415242,69.62685456833333,3.6087347515110095,67.28802796,-1.7838755399999968
2014-05-22 05:00:00,64.98749725,69.72206468166667,3.444510383049461,65.50415242,-0.5166551699999928
2014-05-22 06:00:00,63.84289079999999,69.76798885208332,3.353529979656103,64.98749725,-1.144606450000012
2014-05-22 07:00:00,65.27590436,69.79152911416666,3.318286078550282,63.84289079999999,1.4330135600000062
2014-05-22 08:00:00,65.24654655,69.76700515374999,3.3508129408075,65.27590436,-0.02935780999999338
2014-05-22 09:00:00,69.10167387,69.86694138958333,3.2906909862661475,65.24654655,3.855127319999994
2014-05-22 10:00:00,70.78848187,69.95876470708333,3.2840965884951134,69.10167387,1.6868079999999992
2014-05-22 11:00:00,71.86870384,69.97590672666666,3.2933193261424467,70.78848187,1.0802219699999966
2014-05-22 12:00:00,71.94794239,69.98766531708334,3.300111874420192,71.86870384,0.07923854999999946
2014-05-22 13:00:00,73.677598,70.04107569208334,3.350764059328379,71.94794239,1.729655610000009
2014-05-22 14:00:00,72.98770276,70.00288374375,3.309789717737856,73.677598,-0.6898952399999985
2014-05-22 15:00:00,74.42875737,69.98966786625,3.2906050798978344,72.98770276,1.4410546099999948
2014-05-22 16:00:00,72.64701052,69.92076673875,3.212806943889497,74.42875737,-1.7817468500000047
2014-05-22 17:00:00,73.13696747,69.94337692333333,3.2342778853160326,72.64701052,0.48995695000000694
2014-05-22 18:00:00,72.89262523,69.97123712208334,3.2575732072521033,73.13696747,-0.24434224000000881
2014-05-22 19:00:00,71.9456771,69.95538907583334,3.2465255575218013,72.89262523,-0.9469481299999956
2014-05-22 20:00:00,72.75306445,69.91868590624999,3.207879323382329,71.9456771,0.8073873499999991
2014-05-22 21:00:00,72.16946467,69.93196118166667,3.2168696000720223,72.75306445,-0.5835997800000001
2014-05-22 22:00:00,70.85768581,69.92923142875,3.216019573554422,72.16946467,-1.3117788599999898
2014-05-22 23:00:00,68.89846747,69.8970420325,3.2225760249405533,70.85768581,-1.9592183400000067
2014-05-23 00:00:00,69.76426088,69.90427959541667,3.222052785282923,68.89846747,0.8657934099999949
2014-05-23 01:00:00,67.22274865,69.8676871025,3.2483032122858364,69.76426088,-2.541512229999995
2014-05-23 02:00:00,66.84469742,69.83660621291666,3.2745011531595445,67.22274865,-0.37805122999999696
2014-05-23 03:00:00,65.7499409,69.77251925208333,3.34092697622248,66.84469742,-1.0947565200000042
2014-05-23 04:00:00,65.72828867,69.7818582625,3.3287678407654657,65.7499409,-0.021652230000000827
2014-05-23 05:00:00,64.56403526,69.76421401291667,3.3562938959359396,65.72828867,-1.1642534100000006
2014-05-23 06:00:00,64.82619471,69.80518500916666,3.2861367536772312,64.56403526,0.26215944999999863
2014-05-23 07:00:00,65.55274567,69.81672006375,3.269992975153517,64.82619471,0.7265509599999973
2014-05-23 08:00:00,66.27026002,69.85937479166667,3.21398350960526,65.55274567,0.7175143500000019
2014-05-23 09:00:00,68.11559824,69.81828830708334,3.23035199047633,66.27026002,1.8453382200000021
2014-05-23 10:00:00,69.89230339,69.78094753708334,3.223822604645145,68.11559824,1.776705149999998
2014-05-23 11:00:00,70.85563315,69.73873625833333,3.2018554407530253,69.89230339,0.9633297600000077
2014-05-23 12:00:00,72.70590985,69.77031823583333,3.2282232920700227,70.85563315,1.850276699999995
2014-05-23 13:00:00,73.19388671,69.75016359875,3.2041890126085844,72.70590985,0.4879768600000034
2014-05-23 14:00:00,71.69026293,69.69610360583333,3.1578006398404392,73.19388671,-1.503623779999998
2014-05-23 15:00:00,71.85985178,69.58906587291666,3.031415489013828,71.69026293,0.16958884999999668
2014-05-23 16:00:00,73.21648743,69.6127940775,3.058499816728143,71.85985178,1.3566356500000012
2014-05-23 17:00:00,72.87018134,69.60167798875,3.045591925222087,73.21648743,-0.3463060899999988
2014-05-23 18:00:00,72.78601953,69.59723608458333,3.040657235867943,72.87018134,-0.08416180999999767
2014-05-23 19:00:00,72.3176002,69.61273288041666,3.0540647177166553,72.78601953,-0.46841933000000324
2014-05-23 20:00:00,72.96734992,69.62166144166666,3.063941903712169,72.3176002,0.6497497200000026
2014-05-23 21:00:00,72.9728198,69.65513457208333,3.097194312359119,72.96734992,0.0054698799999925996
2014-05-23 22:00:00,71.42381462,69.6787232725,3.1088851306964824,72.9728198,-1.5490051799999947
2014-05-23 23:00:00,71.5294155,69.78834610708333,3.1265113632750126,71.42381462,0.10560087999999723
2014-05-24 00:00:00,70.53019592,69.82026006708334,3.1301618449221755,71.5294155,-0.9992195800000019
2014-05-24 01:00:00,67.44737298,69.82961941416666,3.12238362308595,70.53019592,-3.08282294
2014-05-24 02:00:00,68.10673337,69.88220424541667,3.0802713130496144,67.44737298,0.6593603900000033
2014-05-24 03:00:00,66.54488604,69.91532695958334,3.0378868730804895,68.10673337,-1.5618473300000062
2014-05-24 04:00:00,65.99044378,69.92625008916667,3.0226101433831447,66.54488604,-0.5544422599999876
2014-05-24 05:00:00,65.57383653,69.96832514208333,2.9508998354099405,65.99044378,-0.41660725000001264
2014-05-24 06:00:00,63.7342402,69.9228270375,3.040682518580114,65.57383653,-1.839596329999992
2014-05-24 07:00:00,64.60030306,69.88314192875,3.105717775024027,63.7342402,0.8660628599999995
2014-05-24 08:00:00,63.81887969,69.78100108166667,3.265884801921,64.60030306,-0.7814233699999988
2014-05-24 09:00:00,62.53317986,69.54840031583333,3.5739209527062825,63.81887969,-1.2856998300000058
2014-05-24 10:00:00,62.63998719,69.24622047416666,3.840252206868029,62.53317986,0.10680733000000231
2014-05-24 11:00:00,63.36766655,68.93422186583334,4.00447740282486,62.63998719,0.7276793600000033
2014-05-24 12:00:00,62.24567585,68.4983787825,4.14296837566744,63.36766655,-1.121990700000005
2014-05-24 13:00:00,62.11892222,68.03692192875,4.213412090329984,62.24567585,-0.12675362999999606
2014-05-24 14:00:00,60.93392081,67.58874100708333,4.3768178349315505,62.11892222,-1.1850014100000053
2014-05-24 15:00:00,60.93279727,67.13344706916666,4.480316702717864,60.93392081,-0.0011235399999947049
2014-05-24 16:00:00,61.2825587,66.63620003875,4.43787979370544,60.93279727,0.34976143000000093
2014-05-24 17:00:00,61.86767484,66.17776226791666,4.3329486777433965,61.2825587,0.5851161399999967
2014-05-24 18:00:00,61.09664628,65.69070504916667,4.213165182304104,61.86767484,-0.7710285599999978
2014-05-24 19:00:00,62.27844332,65.27240684583334,4.020577122265917,61.09664628,1.1817970399999993
2014-05-24 20:00:00,61.90070789,64.81129676125,3.7233061150215234,62.27844332,-0.3777354300000013
2014-05-24 21:00:00,62.39310154,64.37047516708334,3.3193938377256185,61.90070789,0.4923936500000039
2014-05-24 22:00:00,62.30137458,63.990373498749996,2.9817325024462256,62.39310154,-0.09172696000000258
2014-05-24 23:00:00,62.56461867,63.616840297500005,2.522367191728831,62.30137458,0.2632440900000006
2014-05-25 00:00:00,62.72498472,63.29162316416666,2.0514710071636264,62.56461867,0.16036605000000037
2014-05-25 01:00:00,61.83288929,63.05768634375,1.8689741346230726,62.72498472,-0.8920954300000048
2014-05-25 02:00:00,61.81999904,62.79573908,1.5426217152792434,61.83288929,-0.012890249999998105
2014-05-25 03:00:00,61.63311346,62.59108188916667,1.3355188899537378,61.81999904,-0.186885580000002
2014-05-25 04:00:00,62.64551718,62.4517099475,1.122965004793566,61.63311346,1.0124037200000018
2014-05-25 05:00:00,62.36561658,62.318034116250004,0.9049389950112051,62.64551718,-0.2799005999999977
2014-05-25 06:00:00,60.95432355,62.20220425583333,0.8936273157443134,62.36561658,-1.411293030000003
2014-05-25 07:00:00,62.2887861,62.105891049166665,0.7342874054580393,60.95432355,1.334462550000005
2014-05-25 08:00:00,61.79099234,62.02139574291667,0.6391086866967172,62.2887861,-0.4977937600000004
2014-05-25 09:00:00,61.2350892,61.96730863208333,0.6487688350953086,61.79099234,-0.5559031400000052
2014-05-25 10:00:00,61.70115537,61.928190639583335,0.6345946646253805,61.2350892,0.46606617000000483
2014-05-25 11:00:00,62.50943034,61.8924307975,0.5709411465086618,61.70115537,0.8082749699999994
2014-05-25 12:00:00,61.01775642,61.84126748791667,0.5925202624111624,62.50943034,-1.4916739200000038
2014-05-25 13:00:00,62.17679039,61.843678661666665,0.5938155894691262,61.01775642,1.159033970000003
2014-05-25 14:00:00,62.78656524,61.920872179583334,0.5908193852886414,62.17679039,0.6097748500000009
2014-05-25 15:00:00,61.01764809,61.924407630416674,0.5848736504917255,62.78656524,-1.76891715
2014-05-25 16:00:00,62.19066364,61.96224533624999,0.5707484372176523,61.01764809,1.1730155499999952
2014-05-25 17:00:00,62.3200289,61.98109342208334,0.574943339328036,62.19066364,0.12936526000000015
2014-05-25 18:00:00,61.24446489,61.98725253083334,0.5657753746663038,62.3200289,-1.0755640099999937
2014-05-25 19:00:00,61.04660004,61.9359257275,0.5934112610981332,61.24446489,-0.19786485000000198
2014-05-25 20:00:00,62.45615333,61.9590692875,0.6027361795005088,61.04660004,1.409553289999998
2014-05-25 21:00:00,60.84765432,61.89467565333333,0.635987182625691,62.45615333,-1.6084990100000027
2014-05-25 22:00:00,62.16201772,61.8888691175,0.6327404716178158,60.84765432,1.3143634000000048
2014-05-25 23:00:00,61.47244327,61.84336180916666,0.6211966946008896,62.16201772,-0.6895744500000021
2014-05-26 00:00:00,62.07873026,61.81643454000001,0.5947633855706805,61.47244327,0.606286990000001
2014-05-26 01:00:00,61.76786,61.81372498625,0.5948332860170522,62.07873026,-0.3108702600000015
2014-05-26 02:00:00,61.14309718,61.78552074208334,0.6103677958542076,61.76786,-0.6247628200000008
2014-05-26 03:00:00,61.00938428,61.75953202625001,0.630099142326461,61.14309718,-0.13371289999999902
2014-05-26 04:00:00,61.95202076,61.730636342083336,0.6030219744039751,61.00938428,0.9426364800000044
2014-05-26 05:00:00,62.03764829,61.71697099666667,0.5916150029983642,61.95202076,0.08562752999999645
2014-05-26 06:00:00,61.4733389,61.73859663625,0.5716753640377092,62.03764829,-0.5643093899999982
2014-05-26 07:00:00,61.51732548,61.70645244375,0.5609831084175538,61.4733389,0.043986579999995
2014-05-26 08:00:00,63.77163674,61.78897929375,0.7019392375073936,61.51732548,2.2543112600000015
2014-05-26 09:00:00,66.16135606,61.99424041291667,1.1254418116726972,63.77163674,2.3897193200000046
2014-05-26 10:00:00,68.07227638,62.25970378833333,1.671988744629929,66.16135606,1.9109203200000024
2014-05-26 11:00:00,69.81799259,62.56422721541667,2.2759355855986985,68.07227638,1.7457162099999977
2014-05-26 12:00:00,72.0269253,63.022942585416665,2.9579539954973426,69.81799259,2.208932709999999
2014-05-26 13:00:00,71.77669121,63.42293845291667,3.447182422842835,72.0269253,-0.2502340900000064
2014-05-26 14:00:00,72.19859519,63.8151063675,3.8798622635779227,71.77669121,0.4219039800000104
2014-05-26 15:00:00,72.23311654,64.28241755291667,4.191205211295246,72.19859519,0.03452134999999146
2014-05-26 16:00:00,72.51360720000002,64.71254020125001,4.486499277226686,72.23311654,0.28049066000002654
2014-05-26 17:00:00,73.97990891,65.198368535,4.834004798279374,72.51360720000002,1.466301709999982
2014-05-26 18:00:00,72.13547844,65.65216076624999,4.956343048036347,73.97990891,-1.844430470000006
2014-05-26 19:00:00,73.53223604,66.17239559958334,5.10494930937278,72.13547844,1.3967576000000008
2014-05-26 20:00:00,71.63600005,66.55488921291668,5.158028590466984,73.53223604,-1.8962359899999939
2014-05-26 21:00:00,70.98695943,66.97736025916667,5.084965516833614,71.63600005,-0.6490406200000081
2014-05-26 22:00:00,69.02377801,67.26326693791667,4.994547408735443,70.98695943,-1.963181419999998
2014-05-26 23:00:00,68.51109537,67.55654410875,4.844116776341179,69.02377801,-0.5126826399999942
2014-05-27 00:00:00,67.10193816,67.76584443791667,4.703627701850888,68.51109537,-1.4091572100000036
2014-05-27 01:00:00,66.822098,67.97643768791667,4.5334748331291,67.10193816,-0.2798401600000062
2014-05-27 02:00:00,65.9294706,68.17586991374999,4.320054539194827,66.822098,-0.892627399999995
2014-05-27 03:00:00,67.12169762,68.43054963625,4.050990854197015,65.9294706,1.1922270200000042
2014-05-27 04:00:00,65.4066128,68.57449097125,3.8680279084760056,67.12169762,-1.7150848200000013
2014-05-27 05:00:00,64.94669438,68.69570122500001,3.6960361103694996,65.4066128,-0.45991842000000815
2014-05-27 06:00:00,64.01596424,68.8016439475,3.511866563121672,64.94669438,-0.9307301399999943
2014-05-27 07:00:00,63.6379644,68.8900039025,3.343251910736051,64.01596424,-0.3779998400000011
2014-05-27 08:00:00,64.58194931,68.92376692625,3.293029265822655,63.6379644,0.9439849099999975
2014-05-27 09:00:00,66.86987932,68.95328872875,3.270285081107094,64.58194931,2.2879300099999966
2014-05-27 10:00:00,70.10010407,69.03778154916667,3.272728216752873,66.86987932,3.230224750000005
2014-05-27 11:00:00,71.53161261,69.10918238333333,3.308982240414251,70.10010407,1.4315085399999958
2014-05-27 12:00:00,72.17782106,69.11546970666667,3.31490527518551,71.53161261,0.6462084500000032
2014-05-27 13:00:00,72.68078037,69.15314008833333,3.3513982381918224,72.17782106,0.5029593099999943
2014-05-27 14:00:00,71.96861391,69.143557535,3.342629176901684,72.68078037,-0.7121664599999917
2014-05-27 15:00:00,72.11443201,69.13861234625,3.3379441675569987,71.96861391,0.14581809999999962
2014-05-27 16:00:00,73.00783047,69.1592049825,3.361114724365886,72.11443201,0.8933984600000002
2014-05-27 17:00:00,73.08768457,69.12202896833334,3.3100224388187005,73.00783047,0.07985409999999149
2014-05-27 18:00:00,71.32243816,69.08815229,3.281881064099355,73.08768457,-1.765246409999989
2014-05-27 19:00:00,71.49022791,69.00306861791667,3.1867486612643754,71.32243816,0.16778974999999718
2014-05-27 20:00:00,71.8134752,69.01046341583333,3.1933231057624267,71.49022791,0.32324728999999763
2014-05-27 21:00:00,69.75022022,68.95893261541667,3.1699345762224684,71.8134752,-2.0632549799999964
2014-05-27 22:00:00,69.68719735,68.98657508791666,3.173415291275897,69.75022022,-0.06302286999999751
2014-05-27 23:00:00,68.98695874,69.00640272833333,3.171801504206804,69.68719735,-0.7002386099999995
2014-05-28 00:00:00,68.63483818,69.0702735625,3.1471217858656093,68.98695874,-0.352120560000003
2014-05-28 01:00:00,67.0000815,69.07768954166666,3.1417989806485402,68.63483818,-1.6347566800000095
2014-05-28 02:00:00,66.52891628,69.102666445,3.1179753013664167,67.0000815,-0.47116521999998895
2014-05-28 03:00:00,67.65632279,69.12494249375,3.1050902996377387,66.52891628,1.1274065100000001
2014-05-28 04:00:00,65.74329837,69.13897105916668,3.088275801053198,67.65632279,-1.9130244199999993
2014-05-28 05:00:00,66.24037883,69.19287457791667,3.0225112633286977,65.74329837,0.4970804599999923
2014-05-28 06:00:00,64.78402266,69.22487701208333,2.9689055559106317,66.24037883,-1.4563561699999923
2014-05-28 07:00:00,65.6458741,69.30853991625,2.82964805271159,64.78402266,0.8618514399999953
2014-05-28 08:00:00,67.47256826,69.4289823725,2.6771242379770763,65.6458741,1.8266941600000024
2014-05-28 09:00:00,68.03307954,69.47744904833334,2.6390382479431405,67.47256826,0.5605112800000001
2014-05-28 10:00:00,70.45571697,69.4922662525,2.643680453015296,68.03307954,2.4226374299999947
2014-05-28 11:00:00,72.37020644,69.52720766208333,2.6771364509617124,70.45571697,1.9144894700000066
2014-05-28 12:00:00,72.17295622,69.52700496041668,2.676927207703969,72.37020644,-0.1972502200000008
2014-05-28 13:00:00,72.04656545,69.50057933875,2.64740832690977,72.17295622,-0.12639077000000043
2014-05-28 14:00:00,71.82522648,69.4946048625,2.6417522392931505,72.04656545,-0.22133897000000502
2014-05-28 15:00:00,72.58408858,69.51417388625,2.663651361138514,71.82522648,0.7588621000000018
